DAY_NDX,Q_CFS
722335,115
722336,105
722337,100
722338,97
722339,94
722340,92
722341,89
722342,87
722343,84
722344,269
722345,303
722346,295
722347,260
722348,271
722349,240
722350,209
722351,187
722352,166
722353,152
722354,168
722355,159
722356,146
722357,134
722358,130
722359,122
722360,112
722361,117
722362,110
722363,102
722364,98.5
722365,94
722366,100
722367,92.5
722368,91
722369,140
722370,246
722371,439
722372,1950
722373,1020
722374,870
722375,1110
722376,1750
722377,1170
722378,1050
722379,801
722380,608
722381,526
722382,554
722383,612
722384,551
722385,465
722386,391
722387,348
722388,382
722389,410
722390,455
722391,590
722392,616
722393,561
722394,459
722395,371
722396,391
722397,642
722398,1120
722399,880
722400,706
722401,537
722402,413
722403,336
722404,294
722405,262
722406,235
722407,217
722408,253
722409,257
722410,219
722411,195
722412,176
722413,157
722414,143
722415,132
722416,122
722417,114
722418,109
722419,108
722420,119
722421,149
722422,165
722423,149
722424,135
722425,132
722426,142
722427,145
722428,137
722429,136
722430,185
722431,202
722432,195
722433,249
722434,240
722435,268
722436,308
722437,501
722438,423
722439,365
722440,338
722441,417
722442,399
722443,342
722444,292
722445,260
722446,240
722447,269
722448,297
722449,269
722450,247
722451,235
722452,218
722453,197
722454,181
722455,166
722456,154
722457,138
722458,164
722459,501
722460,529
722461,474
722462,432
722463,370
722464,302
722465,274
722466,236
722467,207
722468,183
722469,164
722470,145
722471,127
722472,113
722473,102
722474,94
722475,87
722476,82
722477,80
722478,74
722479,68
722480,64
722481,62
722482,61
722483,60
722484,54
722485,50
722486,46
722487,42
722488,40
722489,37
722490,34
722491,33
722492,32
722493,31
722494,29
722495,27
722496,25
722497,21
722498,20
722499,20
722500,20
722501,23
722502,30
722503,33
722504,30
722505,26
722506,24
722507,22
722508,19
722509,17
722510,15
722511,13
722512,11
722513,10
722514,9.7
722515,9.9
722516,19
722517,27
722518,15
722519,13
722520,12
722521,12
722522,11
722523,12
722524,10
722525,9.7
722526,8.7
722527,7.5
722528,7.2
722529,8.1
722530,7.7
722531,5.1
722532,3.3
722533,2.1
722534,3.5
722535,4.9
722536,6.1
722537,6
722538,4.5
722539,4.3
722540,4.1
722541,4.3
722542,5.5
722543,4.9
722544,5.2
722545,5.6
722546,2.7
722547,2.2
722548,3.9
722549,4.1
722550,3.9
722551,4.3
722552,4.3
722553,3.3
722554,3.1
722555,4
722556,5
722557,4.8
722558,4.7
722559,4.3
722560,5.3
722561,6.3
722562,6.8
722563,6.6
722564,7.2
722565,10
722566,12
722567,9.9
722568,9.6
722569,9.2
722570,8
722571,7.7
722572,6.8
722573,6
722574,5.2
722575,6
722576,6
722577,6.3
722578,8.2
722579,18
722580,42
722581,44
722582,25
722583,18
722584,15
722585,17
722586,17
722587,16
722588,13
722589,12
722590,11
722591,9.2
722592,8.7
722593,8.6
722594,7.9
722595,8
722596,7.5
722597,7.3
722598,7.3
722599,6.9
722600,6.9
722601,6.7
722602,6.4
722603,6.3
722604,5.9
722605,5.7
722606,5.8
722607,5.8
722608,5.3
722609,5.1
722610,4.7
722611,4.7
722612,4.5
722613,4.7
722614,5.3
722615,5.3
722616,5.5
722617,5.3
722618,5.1
722619,4.9
722620,4.9
722621,5.7
722622,10
722623,10
722624,8.4
722625,12
722626,97
722627,164
722628,148
722629,88
722630,120
722631,94
722632,132
722633,178
722634,209
722635,184
722636,142
722637,117
722638,119
722639,95
722640,84
722641,77
722642,102
722643,152
722644,130
722645,105
722646,90
722647,78
722648,71
722649,65
722650,60
722651,55
722652,51
722653,48
722654,53
722655,78
722656,148
722657,117
722658,99
722659,88
722660,161
722661,326
722662,331
722663,407
722664,351
722665,262
722666,201
722667,173
722668,159
722669,150
722670,1200
722671,954
722672,1330
722673,919
722674,608
722675,449
722676,362
722677,313
722678,356
722679,274
722680,251
722681,224
722682,207
722683,195
722684,178
722685,176
722686,203
722687,201
722688,231
722689,397
722690,407
722691,391
722692,426
722693,345
722694,288
722695,244
722696,214
722697,191
722698,180
722699,187
722700,274
722701,258
722702,300
722703,285
722704,627
722705,504
722706,382
722707,445
722708,1360
722709,944
722710,694
722711,2420
722712,3170
722713,3410
722714,1920
722715,1240
722716,1010
722717,719
722718,544
722719,422
722720,348
722721,295
722722,255
722723,227
722724,203
722725,185
722726,155
722727,144
722728,124
722729,119
722730,113
722731,173
722732,293
722733,479
722734,342
722735,278
722736,313
722737,293
722738,260
722739,229
722740,205
722741,185
722742,168
722743,152
722744,140
722745,130
722746,119
722747,120
722748,142
722749,193
722750,203
722751,182
722752,166
722753,176
722754,162
722755,157
722756,258
722757,253
722758,285
722759,235
722760,207
722761,187
722762,191
722763,207
722764,222
722765,203
722766,189
722767,171
722768,164
722769,235
722770,227
722771,337
722772,842
722773,623
722774,469
722775,432
722776,479
722777,410
722778,394
722779,356
722780,316
722781,288
722782,258
722783,235
722784,233
722785,214
722786,191
722787,187
722788,180
722789,171
722790,159
722791,146
722792,138
722793,134
722794,184
722795,331
722796,331
722797,305
722798,493
722799,642
722800,504
722801,413
722802,379
722803,394
722804,400
722805,331
722806,295
722807,264
722808,267
722809,318
722810,426
722811,351
722812,300
722813,271
722814,240
722815,220
722816,199
722817,185
722818,168
722819,146
722820,130
722821,119
722822,110
722823,102
722824,94
722825,90
722826,85
722827,81
722828,85
722829,90
722830,88
722831,80
722832,76
722833,73
722834,71
722835,72
722836,65
722837,60
722838,56
722839,55
722840,54
722841,68
722842,77
722843,71
722844,84
722845,110
722846,124
722847,103
722848,91
722849,83
722850,74
722851,78
722852,83
722853,94
722854,88
722855,80
722856,76
722857,74
722858,74
722859,67
722860,62
722861,58
722862,57
722863,87
722864,100
722865,84
722866,76
722867,74
722868,67
722869,61
722870,58
722871,56
722872,52
722873,50
722874,50
722875,52
722876,51
722877,44
722878,39
722879,36
722880,32
722881,29
722882,28
722883,29
722884,36
722885,38
722886,31
722887,26
722888,22
722889,21
722890,21
722891,20
722892,18
722893,17
722894,15
722895,14
722896,13
722897,12
722898,11
722899,9.3
722900,11
722901,9.3
722902,8.4
722903,6.9
722904,7.8
722905,7.8
722906,7.5
722907,7.2
722908,5.9
722909,4.9
722910,4.9
722911,4.5
722912,3.8
722913,4.3
722914,5.5
722915,4.9
722916,4.3
722917,4.7
722918,4.2
722919,4.2
722920,3.3
722921,3.4
722922,3.1
722923,2.4
722924,3
722925,3.7
722926,3.4
722927,3.5
722928,4.2
722929,4
722930,3.3
722931,3.7
722932,3.8
722933,4.3
722934,4.3
722935,3.8
722936,3.7
722937,3.3
722938,4
722939,3.7
722940,3.7
722941,3.5
722942,5.7
722943,6.4
722944,12
722945,15
722946,8.7
722947,6.4
722948,6.4
722949,7.2
722950,6.4
722951,5.7
722952,4.9
722953,4.5
722954,5.7
722955,6.9
722956,8.1
722957,7.2
722958,6.7
722959,6.2
722960,7.8
722961,10
722962,19
722963,26
722964,16
722965,12
722966,10
722967,9.3
722968,8.7
722969,8.4
722970,8.7
722971,8.4
722972,8.7
722973,8.7
722974,8.1
722975,6.9
722976,6.7
722977,6.7
722978,6.7
722979,6.4
722980,6.4
722981,6.7
722982,6.9
722983,6.7
722984,8.1
722985,12
722986,15
722987,12
722988,10
722989,9.3
722990,9
722991,8.7
722992,8.4
722993,8.4
722994,8.1
722995,8.1
722996,7.8
722997,9.3
722998,12
722999,16
723000,15
723001,12
723002,11
723003,10
723004,13
723005,35
723006,22
723007,18
723008,16
723009,56
723010,359
723011,543
723012,372
723013,260
723014,168
723015,126
723016,102
723017,93
723018,96
723019,83
723020,75
723021,69
723022,64
723023,59
723024,150
723025,378
723026,237
723027,186
723028,152
723029,133
723030,133
723031,194
723032,357
723033,375
723034,285
723035,1580
723036,3240
723037,2010
723038,1170
723039,790
723040,553
723041,423
723042,339
723043,277
723044,245
723045,217
723046,198
723047,186
723048,188
723049,202
723050,208
723051,194
723052,178
723053,204
723054,408
723055,2550
723056,1710
723057,2440
723058,3300
723059,2300
723060,1400
723061,900
723062,600
723063,500
723064,410
723065,340
723066,280
723067,250
723068,220
723069,195
723070,180
723071,162
723072,147
723073,139
723074,128
723075,118
723076,109
723077,100
723078,94
723079,89
723080,86
723081,82
723082,79
723083,75
723084,72
723085,79
723086,87
723087,99
723088,120
723089,109
723090,132
723091,182
723092,232
723093,237
723094,200
723095,174
723096,150
723097,136
723098,126
723099,116
723100,120
723101,110
723102,100
723103,92
723104,90
723105,92
723106,92
723107,92
723108,120
723109,315
723110,336
723111,686
723112,654
723113,770
723114,1160
723115,866
723116,610
723117,465
723118,375
723119,369
723120,318
723121,280
723122,255
723123,222
723124,200
723125,180
723126,172
723127,291
723128,252
723129,220
723130,204
723131,194
723132,174
723133,160
723134,148
723135,141
723136,132
723137,124
723138,126
723139,144
723140,130
723141,123
723142,117
723143,112
723144,108
723145,118
723146,124
723147,126
723148,212
723149,237
723150,227
723151,198
723152,215
723153,235
723154,369
723155,429
723156,363
723157,309
723158,257
723159,250
723160,232
723161,210
723162,230
723163,315
723164,275
723165,420
723166,526
723167,426
723168,354
723169,321
723170,342
723171,297
723172,267
723173,255
723174,225
723175,222
723176,217
723177,217
723178,242
723179,194
723180,170
723181,152
723182,144
723183,133
723184,126
723185,117
723186,112
723187,106
723188,105
723189,115
723190,106
723191,108
723192,105
723193,100
723194,94
723195,90
723196,86
723197,79
723198,77
723199,96
723200,96
723201,89
723202,108
723203,130
723204,117
723205,118
723206,114
723207,105
723208,112
723209,147
723210,147
723211,132
723212,120
723213,108
723214,100
723215,93
723216,86
723217,80
723218,75
723219,76
723220,80
723221,84
723222,100
723223,516
723224,670
723225,462
723226,324
723227,282
723228,294
723229,240
723230,196
723231,200
723232,184
723233,158
723234,172
723235,154
723236,138
723237,133
723238,132
723239,114
723240,102
723241,93
723242,86
723243,80
723244,74
723245,70
723246,66
723247,63
723248,56
723249,52
723250,49
723251,48
723252,54
723253,53
723254,45
723255,42
723256,40
723257,38
723258,34
723259,31
723260,27
723261,26
723262,25
723263,25
723264,26
723265,23
723266,22
723267,21
723268,20
723269,20
723270,18
723271,20
723272,17
723273,14
723274,14
723275,15
723276,14
723277,15
723278,16
723279,16
723280,14
723281,12
723282,9.6
723283,6.7
723284,6.7
723285,9.2
723286,7.9
723287,4.3
723288,4.8
723289,5.4
723290,5.4
723291,5.1
723292,6.7
723293,7.1
723294,4.3
723295,4.6
723296,5.1
723297,5.8
723298,5.4
723299,7.1
723300,6.7
723301,5.8
723302,5.1
723303,5.4
723304,5.1
723305,5.8
723306,6.7
723307,8.3
723308,9.2
723309,10
723310,8.8
723311,7.1
723312,4.6
723313,5.4
723314,5.4
723315,3.1
723316,2.8
723317,2.9
723318,3.3
723319,2.3
723320,1.9
723321,2.5
723322,1.8
723323,1.8
723324,2.2
723325,2.8
723326,6.7
723327,7.9
723328,10
723329,19
723330,15
723331,13
723332,11
723333,13
723334,41
723335,40
723336,44
723337,32
723338,23
723339,35
723340,30
723341,25
723342,23
723343,100
723344,190
723345,160
723346,190
723347,123
723348,107
723349,82
723350,68
723351,58
723352,51
723353,43
723354,39
723355,37
723356,32
723357,30
723358,45
723359,29
723360,25
723361,23
723362,23
723363,23
723364,29
723365,57
723366,84
723367,96
723368,99
723369,89
723370,76
723371,66
723372,64
723373,58
723374,50
723375,47
723376,43
723377,41
723378,38
723379,42
723380,170
723381,166
723382,285
723383,435
723384,351
723385,449
723386,530
723387,369
723388,303
723389,423
723390,622
723391,519
723392,390
723393,309
723394,265
723395,215
723396,180
723397,160
723398,152
723399,210
723400,858
723401,606
723402,369
723403,1090
723404,2150
723405,1420
723406,936
723407,670
723408,621
723409,529
723410,442
723411,415
723412,550
723413,1360
723414,1460
723415,896
723416,642
723417,785
723418,924
723419,698
723420,598
723421,502
723422,430
723423,415
723424,382
723425,466
723426,481
723427,484
723428,412
723429,340
723430,313
723431,281
723432,260
723433,367
723434,324
723435,243
723436,210
723437,185
723438,163
723439,151
723440,151
723441,156
723442,158
723443,165
723444,200
723445,565
723446,1050
723447,778
723448,589
723449,475
723450,400
723451,382
723452,1140
723453,1810
723454,1100
723455,1180
723456,860
723457,666
723458,526
723459,430
723460,379
723461,321
723462,300
723463,270
723464,240
723465,215
723466,195
723467,175
723468,156
723469,142
723470,128
723471,120
723472,114
723473,205
723474,1700
723475,1400
723476,1700
723477,1400
723478,1000
723479,1500
723480,2500
723481,1300
723482,800
723483,600
723484,450
723485,400
723486,350
723487,320
723488,300
723489,600
723490,640
723491,640
723492,750
723493,590
723494,472
723495,394
723496,340
723497,340
723498,388
723499,454
723500,361
723501,337
723502,335
723503,302
723504,250
723505,225
723506,200
723507,175
723508,160
723509,150
723510,143
723511,138
723512,132
723513,128
723514,128
723515,151
723516,193
723517,170
723518,200
723519,208
723520,200
723521,200
723522,193
723523,188
723524,190
723525,180
723526,163
723527,151
723528,140
723529,136
723530,278
723531,454
723532,733
723533,940
723534,761
723535,601
723536,487
723537,409
723538,343
723539,305
723540,281
723541,278
723542,294
723543,289
723544,260
723545,238
723546,220
723547,228
723548,213
723549,195
723550,188
723551,180
723552,178
723553,170
723554,151
723555,147
723556,153
723557,149
723558,145
723559,136
723560,126
723561,122
723562,114
723563,116
723564,116
723565,118
723566,149
723567,145
723568,126
723569,116
723570,114
723571,114
723572,109
723573,99
723574,103
723575,101
723576,88
723577,76
723578,70
723579,67
723580,66
723581,63
723582,58
723583,54
723584,55
723585,57
723586,58
723587,54
723588,49
723589,45
723590,44
723591,40
723592,51
723593,55
723594,46
723595,41
723596,36
723597,32
723598,29
723599,27
723600,26
723601,24
723602,23
723603,18
723604,17
723605,14
723606,19
723607,29
723608,28
723609,27
723610,26
723611,22
723612,22
723613,22
723614,24
723615,24
723616,26
723617,20
723618,18
723619,14
723620,12
723621,13
723622,9.9
723623,6.9
723624,12
723625,11
723626,9.3
723627,7.4
723628,8.6
723629,6
723630,4.3
723631,4.3
723632,3
723633,2
723634,1.2
723635,4.7
723636,5.6
723637,4.7
723638,5.6
723639,6
723640,7.4
723641,9.3
723642,9.3
723643,6
723644,4.3
723645,4.3
723646,3.4
723647,3
723648,3
723649,5.1
723650,4.3
723651,6.9
723652,8.6
723653,8.6
723654,6.5
723655,8.6
723656,12
723657,6.5
723658,4.3
723659,2.8
723660,1.4
723661,1.7
723662,1.4
723663,6
723664,4.7
723665,2.3
723666,1.8
723667,0.62
723668,2.1
723669,3
723670,12
723671,13
723672,8.6
723673,6.5
723674,5.6
723675,6
723676,6
723677,6.5
723678,3.4
723679,2.8
723680,6
723681,28
723682,21
723683,30
723684,44
723685,31
723686,22
723687,17
723688,13
723689,11
723690,9.3
723691,9.9
723692,21
723693,42
723694,28
723695,23
723696,26
723697,26
723698,30
723699,28
723700,33
723701,43
723702,38
723703,21
723704,20
723705,18
723706,17
723707,16
723708,16
723709,19
723710,54
723711,49
723712,40
723713,33
723714,30
723715,27
723716,24
723717,23
723718,22
723719,24
723720,28
723721,25
723722,22
723723,21
723724,30
723725,50
723726,70
723727,50
723728,70
723729,100
723730,107
723731,385
723732,225
723733,156
723734,130
723735,100
723736,83
723737,78
723738,94
723739,163
723740,145
723741,120
723742,100
723743,88
723744,81
723745,73
723746,69
723747,63
723748,58
723749,57
723750,120
723751,490
723752,439
723753,391
723754,255
723755,205
723756,198
723757,175
723758,147
723759,130
723760,130
723761,235
723762,332
723763,466
723764,400
723765,340
723766,1040
723767,1530
723768,796
723769,792
723770,562
723771,430
723772,346
723773,291
723774,250
723775,235
723776,245
723777,281
723778,610
723779,1440
723780,1110
723781,852
723782,670
723783,940
723784,976
723785,844
723786,698
723787,547
723788,448
723789,391
723790,324
723791,278
723792,245
723793,218
723794,198
723795,180
723796,168
723797,228
723798,726
723799,1190
723800,2690
723801,2330
723802,1730
723803,1160
723804,799
723805,607
723806,499
723807,418
723808,358
723809,310
723810,281
723811,265
723812,248
723813,291
723814,265
723815,243
723816,228
723817,273
723818,300
723819,294
723820,316
723821,358
723822,327
723823,294
723824,302
723825,281
723826,255
723827,238
723828,218
723829,200
723830,188
723831,200
723832,305
723833,337
723834,649
723835,670
723836,604
723837,649
723838,645
723839,562
723840,487
723841,478
723842,884
723843,1680
723844,1130
723845,880
723846,733
723847,820
723848,670
723849,583
723850,517
723851,490
723852,445
723853,403
723854,367
723855,332
723856,297
723857,286
723858,273
723859,321
723860,448
723861,592
723862,614
723863,775
723864,614
723865,520
723866,496
723867,562
723868,490
723869,424
723870,370
723871,318
723872,278
723873,245
723874,225
723875,220
723876,228
723877,225
723878,324
723879,294
723880,300
723881,286
723882,782
723883,1850
723884,1310
723885,924
723886,840
723887,673
723888,547
723889,454
723890,382
723891,335
723892,291
723893,273
723894,302
723895,294
723896,265
723897,238
723898,218
723899,198
723900,185
723901,178
723902,170
723903,170
723904,163
723905,158
723906,149
723907,156
723908,145
723909,132
723910,124
723911,118
723912,112
723913,118
723914,110
723915,114
723916,109
723917,103
723918,95
723919,92
723920,94
723921,138
723922,245
723923,289
723924,268
723925,230
723926,213
723927,193
723928,175
723929,270
723930,346
723931,278
723932,233
723933,203
723934,173
723935,151
723936,136
723937,120
723938,109
723939,99
723940,90
723941,83
723942,76
723943,70
723944,67
723945,99
723946,118
723947,97
723948,86
723949,76
723950,70
723951,64
723952,58
723953,54
723954,50
723955,128
723956,132
723957,109
723958,92
723959,81
723960,79
723961,72
723962,67
723963,79
723964,107
723965,120
723966,101
723967,92
723968,99
723969,114
723970,94
723971,86
723972,81
723973,73
723974,85
723975,85
723976,145
723977,281
723978,263
723979,203
723980,165
723981,147
723982,130
723983,124
723984,122
723985,103
723986,88
723987,79
723988,94
723989,163
723990,142
723991,126
723992,112
723993,105
723994,180
723995,230
723996,205
723997,173
723998,147
723999,128
724000,116
724001,105
724002,94
724003,94
724004,85
724005,73
724006,66
724007,60
724008,54
724009,51
724010,47
724011,45
724012,42
724013,40
724014,38
724015,35
724016,33
724017,35
724018,34
724019,29
724020,28
724021,26
724022,24
724023,23
724024,22
724025,21
724026,20
724027,20
724028,18
724029,18
724030,18
724031,18
724032,17
724033,18
724034,20
724035,51
724036,88
724037,52
724038,45
724039,44
724040,38
724041,33
724042,30
724043,28
724044,26
724045,25
724046,29
724047,30
724048,35
724049,36
724050,30
724051,27
724052,24
724053,22
724054,21
724055,22
724056,22
724057,21
724058,18
724059,16
724060,14
724061,15
724062,17
724063,16
724064,16
724065,18
724066,17
724067,15
724068,14
724069,14
724070,14
724071,15
724072,16
724073,15
724074,14
724075,13
724076,13
724077,13
724078,13
724079,13
724080,13
724081,13
724082,13
724083,13
724084,18
724085,16
724086,14
724087,14
724088,14
724089,66
724090,45
724091,35
724092,27
724093,23
724094,22
724095,21
724096,20
724097,21
724098,64
724099,58
724100,73
724101,260
724102,614
724103,316
724104,520
724105,430
724106,297
724107,243
724108,213
724109,213
724110,205
724111,291
724112,430
724113,493
724114,580
724115,980
724116,1040
724117,785
724118,876
724119,649
724120,499
724121,433
724122,673
724123,621
724124,487
724125,403
724126,352
724127,308
724128,268
724129,238
724130,225
724131,220
724132,198
724133,258
724134,424
724135,457
724136,574
724137,550
724138,810
724139,663
724140,514
724141,496
724142,656
724143,701
724144,538
724145,424
724146,346
724147,294
724148,255
724149,220
724150,190
724151,160
724152,145
724153,165
724154,168
724155,149
724156,132
724157,245
724158,813
724159,729
724160,508
724161,433
724162,583
724163,547
724164,442
724165,364
724166,316
724167,283
724168,245
724169,278
724170,300
724171,263
724172,240
724173,218
724174,190
724175,170
724176,153
724177,138
724178,132
724179,122
724180,124
724181,173
724182,178
724183,268
724184,502
724185,469
724186,373
724187,305
724188,263
724189,230
724190,200
724191,175
724192,156
724193,140
724194,130
724195,120
724196,112
724197,107
724198,101
724199,116
724200,124
724201,134
724202,433
724203,1200
724204,908
724205,642
724206,544
724207,409
724208,343
724209,297
724210,300
724211,400
724212,337
724213,305
724214,412
724215,508
724216,418
724217,346
724218,308
724219,308
724220,318
724221,291
724222,260
724223,238
724224,218
724225,203
724226,188
724227,185
724228,188
724229,190
724230,223
724231,270
724232,352
724233,394
724234,412
724235,394
724236,361
724237,379
724238,388
724239,565
724240,538
724241,460
724242,379
724243,332
724244,562
724245,547
724246,505
724247,472
724248,394
724249,340
724250,302
724251,273
724252,245
724253,225
724254,218
724255,200
724256,263
724257,541
724258,487
724259,635
724260,580
724261,601
724262,586
724263,520
724264,475
724265,388
724266,329
724267,302
724268,283
724269,260
724270,230
724271,210
724272,198
724273,180
724274,170
724275,156
724276,140
724277,132
724278,132
724279,145
724280,268
724281,583
724282,628
724283,490
724284,415
724285,352
724286,300
724287,270
724288,250
724289,230
724290,270
724291,276
724292,238
724293,230
724294,253
724295,283
724296,258
724297,228
724298,208
724299,243
724300,200
724301,203
724302,364
724303,335
724304,324
724305,403
724306,343
724307,291
724308,253
724309,223
724310,195
724311,165
724312,147
724313,134
724314,223
724315,260
724316,346
724317,656
724318,577
724319,496
724320,406
724321,335
724322,283
724323,245
724324,215
724325,188
724326,163
724327,142
724328,128
724329,118
724330,145
724331,508
724332,439
724333,324
724334,253
724335,210
724336,183
724337,183
724338,149
724339,195
724340,165
724341,136
724342,124
724343,110
724344,99
724345,90
724346,81
724347,72
724348,69
724349,63
724350,60
724351,55
724352,55
724353,52
724354,50
724355,46
724356,41
724357,38
724358,33
724359,31
724360,29
724361,27
724362,26
724363,25
724364,27
724365,25
724366,21
724367,21
724368,23
724369,24
724370,19
724371,18
724372,16
724373,14
724374,16
724375,16
724376,14
724377,13
724378,12
724379,13
724380,13
724381,9.3
724382,8
724383,11
724384,11
724385,11
724386,9.3
724387,9.3
724388,9.3
724389,6.5
724390,8
724391,6
724392,4.3
724393,5.1
724394,5.6
724395,6.5
724396,6.9
724397,9.3
724398,8
724399,5.1
724400,6
724401,8.6
724402,9.9
724403,6.9
724404,6.5
724405,9.3
724406,39
724407,27
724408,28
724409,21
724410,19
724411,18
724412,17
724413,16
724414,17
724415,15
724416,14
724417,13
724418,13
724419,11
724420,9.9
724421,9.9
724422,11
724423,11
724424,12
724425,24
724426,23
724427,20
724428,18
724429,14
724430,11
724431,9.3
724432,9.3
724433,9.49
724434,9.9
724435,9.96
724436,12.2
724437,17.4
724438,16.7
724439,14.4
724440,14.2
724441,18.1
724442,23.4
724443,40.2
724444,36.7
724445,85.2
724446,82.3
724447,79.4
724448,56.5
724449,46.6
724450,43.5
724451,46.3
724452,79.5
724453,81.3
724454,64.6
724455,55
724456,51.9
724457,50.6
724458,195
724459,225
724460,219
724461,176
724462,138
724463,128
724464,114
724465,1060
724466,1300
724467,826
724468,554
724469,464
724470,449
724471,383
724472,405
724473,813
724474,789
724475,844
724476,809
724477,684
724478,515
724479,403
724480,333
724481,367
724482,324
724483,389
724484,376
724485,320
724486,443
724487,531
724488,440
724489,364
724490,802
724491,1470
724492,1070
724493,930
724494,700
724495,548
724496,437
724497,357
724498,298
724499,254
724500,223
724501,203
724502,246
724503,683
724504,493
724505,436
724506,381
724507,366
724508,452
724509,378
724510,325
724511,279
724512,241
724513,218
724514,215
724515,250
724516,270
724517,281
724518,267
724519,264
724520,315
724521,332
724522,323
724523,436
724524,409
724525,351
724526,302
724527,265
724528,237
724529,218
724530,206
724531,196
724532,185
724533,171
724534,157
724535,144
724536,134
724537,126
724538,123
724539,124
724540,120
724541,119
724542,126
724543,127
724544,125
724545,115
724546,108
724547,100
724548,94.1
724549,88.3
724550,84
724551,79.6
724552,77.1
724553,75.4
724554,70.7
724555,69
724556,69.5
724557,71.1
724558,66
724559,57.2
724560,64.6
724561,61.8
724562,118
724563,151
724564,166
724565,177
724566,416
724567,656
724568,413
724569,335
724570,403
724571,351
724572,298
724573,257
724574,237
724575,225
724576,202
724577,203
724578,203
724579,205
724580,213
724581,198
724582,183
724583,170
724584,163
724585,154
724586,143
724587,161
724588,150
724589,139
724590,130
724591,123
724592,116
724593,112
724594,108
724595,105
724596,101
724597,98.4
724598,96.4
724599,95
724600,98.2
724601,102
724602,101
724603,107
724604,151
724605,159
724606,429
724607,612
724608,439
724609,385
724610,399
724611,342
724612,294
724613,282
724614,337
724615,390
724616,426
724617,409
724618,363
724619,312
724620,286
724621,296
724622,289
724623,264
724624,266
724625,267
724626,249
724627,224
724628,218
724629,207
724630,190
724631,161
724632,147
724633,145
724634,130
724635,131
724636,149
724637,231
724638,238
724639,223
724640,200
724641,190
724642,209
724643,199
724644,183
724645,175
724646,179
724647,204
724648,196
724649,163
724650,150
724651,137
724652,123
724653,114
724654,112
724655,113
724656,98.8
724657,102
724658,97.2
724659,92.5
724660,104
724661,117
724662,110
724663,101
724664,91.2
724665,83.1
724666,79.7
724667,78.2
724668,77.8
724669,74.1
724670,69.3
724671,65
724672,62.8
724673,81.7
724674,82.1
724675,74.4
724676,76.7
724677,68.5
724678,61.5
724679,66.2
724680,64.7
724681,185
724682,811
724683,648
724684,399
724685,282
724686,217
724687,177
724688,148
724689,127
724690,113
724691,101
724692,85.3
724693,71.8
724694,64.1
724695,58.3
724696,53.1
724697,48.9
724698,48.1
724699,44.4
724700,42.7
724701,40.3
724702,37.3
724703,36.5
724704,33.5
724705,32.8
724706,28.7
724707,26
724708,23.2
724709,23
724710,19.6
724711,18
724712,18.1
724713,16.8
724714,12.1
724715,9.57
724716,9.27
724717,8.03
724718,6.61
724719,7.78
724720,7.52
724721,5.46
724722,6.95
724723,7.28
724724,4.64
724725,3.64
724726,5.63
724727,5.64
724728,4.02
724729,4.08
724730,3.96
724731,1.94
724732,0.92
724733,1.47
724734,3.29
724735,3.83
724736,12.8
724737,27.7
724738,21.2
724739,16.3
724740,12.9
724741,12
724742,12.5
724743,23.3
724744,15.3
724745,10.2
724746,10.9
724747,5.4
724748,3.46
724749,3.29
724750,3
724751,2.7
724752,2.3
724753,2
724754,2.5
724755,3.6
724756,5
724757,4.3
724758,3.4
724759,3.53
724760,2.73
724761,4.77
724762,3.79
724763,1.84
724764,1.4
724765,1.94
724766,2.71
724767,2.84
724768,5.1
724769,6.35
724770,7.42
724771,5.5
724772,5.99
724773,9.98
724774,20.7
724775,13.1
724776,12.1
724777,15.6
724778,23.9
724779,18.3
724780,51
724781,43.6
724782,36.4
724783,31.5
724784,34
724785,39.6
724786,28.9
724787,23.4
724788,20.4
724789,18.5
724790,17.5
724791,15.5
724792,14
724793,12.6
724794,10.6
724795,10
724796,9.63
735134,93
735135,89.1
735136,86.2
735137,85.3
735138,190
735139,226
735140,206
735141,186
735142,169
735143,154
735144,142
735145,128
735146,118
735147,118
735148,119
735149,187
735150,236
735151,616
735152,1490
735153,1320
735154,1360
735155,1370
735156,1250
735157,1040
735158,1220
735159,1270
735160,925
735161,756
735162,597
735163,481
735164,423
735165,380
735166,341
735167,324
735168,296
735169,282
735170,391
735171,671
735172,652
735173,817
735174,1180
735175,926
735176,679
735177,1040
735178,950
735179,712
735180,544
735181,438
735182,389
735183,332
735184,291
735185,411
735186,342
735187,308
735188,281
735189,249
735190,222
735191,198
735192,179
735193,172
735194,214
735195,328
735196,690
735197,1140
735198,838
735199,610
735200,481
735201,395
735202,333
735203,342
735204,325
735205,372
735206,349
735207,311
735208,287
735209,246
735210,213
735211,189
735212,167
735213,149
735214,136
735215,127
735216,129
735217,140
735218,121
735219,121
735220,108
735221,136
735222,200
735223,696
735224,655
735225,481
735226,463
735227,428
735228,364
735229,311
735230,267
735231,226
735232,198
735233,236
735234,236
735235,208
735236,184
735237,187
735238,470
735239,596
735240,468
735241,366
735242,300
735243,249
735244,208
735245,177
735246,156
735247,156
735248,195
735249,150
735250,129
735251,115
735252,106
735253,98.5
735254,89.2
735255,82.4
735256,76.9
735257,72.2
735258,70.1
735259,64.3
735260,60.3
735261,57.7
735262,53.3
735263,48.3
735264,46.6
735265,44.4
735266,42.1
735267,39.2
735268,38.4
735269,35.4
735270,32.7
735271,30.4
735272,30.9
735273,42.1
735274,42.8
735275,37.3
735276,41.1
735277,68.1
735278,47.8
735279,38.5
735280,36.4
735281,35.5
735282,33.1
735283,29.1
735284,26.8
735285,26.1
735286,32.5
735287,52.6
735288,66.5
735289,58.6
735290,46.7
735291,39.5
735292,35.6
735293,32.3
735294,31
735295,27.4
735296,26.7
735297,21.6
735298,17.3
735299,16.9
735300,13.9
735301,13.1
735302,13.7
735303,15.4
735304,13.8
735305,9.91
735306,8.03
735307,6.23
735308,6.75
735309,8.8
735310,11.9
735311,11.3
735312,10.7
735313,12.5
735314,18.3
735315,16.1
735316,14.2
735317,14.5
735318,11
735319,8.49
735320,6.89
735321,6.44
735322,5.8
735323,6.37
735324,7.18
735325,5.34
735326,3.42
735327,4.13
735328,3.34
735329,3.44
735330,4.99
735331,7.49
735332,6.08
735333,4.77
735334,5.65
735335,10.5
735336,7.37
735337,6.93
735338,7.45
735339,4.81
735340,3.2
735341,4
735342,4.92
735343,4.57
735344,4.57
735345,5.53
735346,4.06
735347,2.86
735348,2.92
735349,2.38
735350,4.16
735351,5.66
735352,9.62
735353,7.97
735354,5.35
735355,5.43
735356,6.26
735357,5.69
735358,4.17
735359,3.86
735360,2.88
735361,2.61
735362,4.45
735363,4.37
735364,3.96
735365,4.02
735366,4.55
735367,5.03
735368,4.31
735369,3.99
735370,4.75
735371,4.58
735372,5.62
735373,6.11
735374,6.95
735375,7.21
735376,17.1
735377,23.3
735378,15.4
735379,13.2
735380,11.1
735381,10.3
735382,10.3
735383,11.5
735384,10.9
735385,9.72
735386,9.08
735387,8.79
735388,8.39
735389,10.4
735390,10.1
735391,10.8
735392,10.8
735393,12
735394,13.7
735395,13.6
735396,15.7
735397,30.8
735398,38
735399,25.2
735400,22
735401,27.9
735402,23.8
735403,29.7
735404,72.5
735405,313
735406,161
735407,104
735408,179
735409,168
735410,117
735411,121
735412,100
735413,268
735414,221
735415,154
735416,158
735417,193
735418,197
735419,173
735420,164
735421,132
735422,114
735423,104
735424,87.4
735425,76.5
735426,114
735427,240
735428,169
735429,136
735430,116
735431,101
735432,91
735433,96.8
735434,93.1
735435,441
735436,360
735437,357
735438,307
735439,297
735440,248
735441,665
735442,834
735443,507
735444,373
735445,305
735446,252
735447,265
735448,340
735449,375
735450,340
735451,285
735452,264
735453,328
735454,396
735455,327
735456,277
735457,236
735458,204
735459,180
735460,160
735461,159
735462,189
735463,515
735464,1530
735465,1230
735466,799
735467,843
735468,732
735469,572
735470,472
735471,474
735472,420
735473,358
735474,314
735475,281
735476,250
735477,224
735478,211
735479,240
735480,236
735481,217
735482,198
735483,179
735484,163
735485,152
735486,146
735487,134
735488,121
735489,116
735490,229
735491,343
735492,1100
735493,735
735494,524
735495,416
735496,350
735497,297
735498,261
735499,227
735500,203
735501,180
735502,162
735503,145
735504,133
735505,126
735506,122
735507,137
735508,139
735509,143
735510,145
735511,290
735512,512
735513,550
735514,590
735515,946
735516,644
735517,480
735518,385
735519,329
735520,279
735521,236
735522,210
735523,190
735524,167
735525,149
735526,135
735527,123
735528,113
735529,106
735530,98.9
735531,97.9
735532,109
735533,104
735534,90.3
735535,85.1
735536,80
735537,76.3
735538,72.3
735539,67.9
735540,65.1
735541,62.6
735542,60.3
735543,57.6
735544,56.5
735545,62.4
735546,59.6
735547,86.1
735548,407
735549,378
735550,286
735551,235
735552,190
735553,164
735554,232
735555,201
735556,273
735557,428
735558,399
735559,340
735560,291
735561,275
735562,232
735563,199
735564,227
735565,248
735566,241
735567,229
735568,233
735569,216
735570,219
735571,201
735572,197
735573,184
735574,168
735575,182
735576,178
735577,175
735578,289
735579,287
735580,261
735581,238
735582,204
735583,184
735584,165
735585,150
735586,137
735587,122
735588,120
735589,131
735590,115
735591,106
735592,95.8
735593,89.8
735594,82.1
735595,77.6
735596,73.1
735597,69.5
735598,65.8
735599,62.2
735600,59.3
735601,55.9
735602,51.9
735603,48.1
735604,46.5
735605,46.6
735606,63.3
735607,63.5
735608,54.9
735609,48.1
735610,45.5
735611,48.2
735612,43.2
735613,67.2
735614,56.5
735615,53.4
735616,90.3
735617,90.1
735618,81.2
735619,73.2
735620,64.9
735621,60
735622,54.8
735623,49.4
735624,43.5
735625,44.7
735626,44.4
735627,50
735628,51.5
735629,46.1
735630,38.5
735631,34.1
735632,33.2
735633,29.6
735634,27.6
735635,25
735636,22.4
735637,20.8
735638,22
735639,20.3
735640,18.6
735641,15.8
735642,14.2
735643,11.4
735644,11.8
735645,13.8
735646,13.2
735647,10.9
735648,8.97
735649,8.7
735650,7.98
735651,7.52
735652,7.82
735653,7.47
735654,7.16
735655,4.65
735656,3.85
735657,3.7
735658,3.8
735659,2.51
735660,2.12
735661,2.27
735662,1.12
735663,1.11
735664,1.8
735665,1.19
735666,0.87
735667,2.08
735668,3.52
735669,1.21
735670,1.02
735671,0.66
735672,0.91
735673,1.36
735674,2.32
735675,2.89
735676,1.15
735677,1.72
735678,3.29
735679,3.42
735680,3.2
735681,4.39
735682,4.53
735683,3.72
735684,2.4
735685,2.4
735686,0.92
735687,0.08
735688,0.99
735689,1.47
735690,1.06
735691,0.84
735692,1.22
735693,1.02
735694,1
735695,2.89
735696,2.02
735697,3.31
735698,3.49
735699,4.48
735700,4.24
735701,4.46
735702,5.07
735703,3.96
735704,3.89
735705,3.82
735706,4.1
735707,3.5
735708,3.69
735709,3.6
735710,3.93
735711,3.33
735712,3.81
735713,3.53
735714,3.38
735715,4.73
735716,10.2
735717,21.4
735718,10.1
735719,6.6
735720,10.4
735721,10.1
735722,7.87
735723,8.07
735724,7.33
735725,6.04
735726,5.27
735727,4.53
735728,5.21
735729,5
735730,4.46
735731,5.24
735732,5.24
735733,5.86
735734,7.72
735735,13.5
735736,11.4
735737,8.5
735738,6.73
735739,6.1
735740,5.94
735741,5.98
735742,6.26
735743,6.21
735744,6.05
735745,5.71
735746,4.55
735747,4.1
735748,4.26
735749,4.33
735750,4.56
735751,4.94
735752,5.77
735753,5.14
735754,5.29
735755,5.66
735756,5.63
735757,5.77
735758,13.8
735759,12.5
735760,8.44
735761,7.09
735762,6.69
735763,6.17
735764,6.01
735765,6.67
735766,7.36
735767,7.33
735768,7.32
735769,7.33
735770,6.96
735771,6.71
735772,7.63
735773,20.4
735774,20.2
735775,14.1
735776,16.2
735777,21.6
735778,167
735779,354
735780,173
735781,115
735782,84
735783,66
735784,54.6
735785,49.6
735786,153
735787,176
735788,127
735789,110
735790,99.7
735791,124
735792,154
735793,159
735794,142
735795,293
735796,768
735797,531
735798,406
735799,306
735800,236
735801,189
735802,244
735803,199
735804,161
735805,135
735806,115
735807,102
735808,93.9
735809,89.4
735810,155
735811,178
735812,366
735813,354
735814,444
735815,2030
735816,1880
735817,1910
735818,1300
735819,973
735820,942
735821,1060
735822,807
735823,581
735824,451
735825,1020
735826,2710
735827,1290
735828,844
735829,835
735830,780
735831,693
735832,622
735833,490
735834,391
735835,342
735836,330
735837,286
735838,250
735839,219
735840,195
735841,176
735842,163
735843,160
735844,160
735845,156
735846,149
735847,142
735848,137
735849,131
735850,129
735851,170
735852,405
735853,413
735854,351
735855,431
735856,690
735857,753
735858,715
735859,782
735860,650
735861,644
735862,570
735863,506
735864,423
735865,371
735866,341
735867,548
735868,617
735869,548
735870,457
735871,397
735872,338
735873,301
735874,360
735875,350
735876,390
735877,344
735878,309
735879,283
735880,253
735881,230
735882,229
735883,236
735884,305
735885,332
735886,289
735887,289
735888,432
735889,511
735890,481
735891,410
735892,350
735893,302
735894,262
735895,230
735896,211
735897,268
735898,279
735899,308
735900,315
735901,358
735902,309
735903,318
735904,386
735905,381
735906,347
735907,355
735908,457
735909,405
735910,439
735911,628
735912,861
735913,815
735914,738
735915,629
735916,522
735917,443
735918,433
735919,526
735920,501
735921,451
735922,459
735923,406
735924,356
735925,361
735926,336
735927,302
735928,271
735929,243
735930,219
735931,200
735932,184
735933,203
735934,182
735935,160
735936,149
735937,139
735938,130
735939,121
735940,112
735941,105
735942,112
735943,144
735944,202
735945,166
735946,152
735947,138
735948,126
735949,115
735950,106
735951,118
735952,105
735953,187
735954,205
735955,184
735956,165
735957,149
735958,139
735959,140
735960,124
735961,111
735962,100
735963,93.6
735964,89.1
735965,82.9
735966,74.7
735967,69.7
735968,66.1
735969,60.9
735970,55.8
735971,52.3
735972,49.3
735973,48.3
735974,62.7
735975,81.1
735976,66.7
735977,56.7
735978,52.8
735979,55.7
735980,57.4
735981,77.5
735982,82.5
735983,74.7
735984,68
735985,63.3
735986,60.3
735987,56.5
735988,53.1
735989,47.1
735990,41.6
735991,36.8
735992,38.9
735993,40
735994,35.5
735995,32.9
735996,28.5
735997,26.1
735998,23.2
735999,25.1
736000,29.1
736001,28.9
736002,27.5
736003,24
736004,28.4
736005,39.3
736006,29.8
736007,27.7
736008,30.1
736009,43.4
736010,31.5
736011,26
736012,22.9
736013,22.2
736014,33.7
736015,32.2
736016,26.6
736017,22.9
736018,19.3
736019,17.1
736020,17.2
736021,15.7
736022,14.2
736023,14.8
736024,13.1
736025,11.5
736026,11.2
736027,12.4
736028,14.3
736029,22.9
736030,24.5
736031,23.3
736032,19.3
736033,16
736034,12.4
736035,12.3
736036,12.5
736037,14.5
736038,12.9
736039,10.7
736040,10.6
736041,10.8
736042,10.5
736043,11.4
736044,12.5
736045,8.56
736046,6.72
736047,5.96
736048,4.39
736049,4.36
736050,5.1
736051,6.92
736052,7.58
736053,4.97
736054,5.22
736055,6.18
736056,7.1
736057,7.49
736058,8.68
736059,8.35
736060,9.25
736061,9.75
736062,8.25
736063,7.47
736064,6.19
736065,7.5
736066,7.15
736067,6.57
736068,6.27
736069,7.59
736070,8.06
736071,7.72
736072,7.77
736073,7.81
736074,5.85
736075,5.77
736076,5.49
736077,5.24
736078,5.41
736079,6.55
736080,7.66
736081,7.18
736082,6.72
736083,8.4
736084,9.73
736085,10.9
736086,11.3
736087,10.4
736088,10.1
736089,11.2
736090,11.5
736091,10.1
736092,9.66
736093,9.71
736094,9.02
736095,9.17
736096,9.04
736097,8.83
736098,8.84
736099,9.77
736100,29.6
736101,24.5
736102,15.8
736103,13.1
736104,12.3
736105,11.7
736106,11.8
736107,11.4
736108,11.2
736109,10.1
736110,9.69
736111,10.1
736112,10.7
736113,10.4
736114,13.6
736115,15.6
736116,15.8
736117,37.8
736118,84.4
736119,91
736120,95.2
736121,60.9
736122,113
736123,77.7
736124,56.3
736125,156
736126,568
736127,771
736128,640
736129,934
736130,760
736131,455
736132,428
736133,477
736134,371
736135,285
736136,232
736137,211
736138,214
736139,286
736140,278
736141,237
736142,205
736143,310
736144,287
736145,233
736146,193
736147,166
736148,161
736149,301
736150,232
736151,197
736152,171
736153,152
736154,136
736155,131
736156,130
736157,156
736158,439
736159,485
736160,382
736161,305
736162,257
736163,221
736164,219
736165,199
736166,284
736167,341
736168,829
736169,668
736170,561
736171,543
736172,460
736173,431
736174,373
736175,319
736176,287
736177,378
736178,396
736179,365
736180,303
736181,272
736182,325
736183,536
736184,634
736185,599
736186,470
736187,395
736188,340
736189,280
736190,234
736191,205
736192,212
736193,640
736194,574
736195,438
736196,374
736197,313
736198,262
736199,227
736200,259
736201,271
736202,242
736203,234
736204,210
736205,204
736206,191
736207,168
736208,154
736209,140
736210,131
736211,125
736212,146
736213,323
736214,410
736215,478
736216,374
736217,303
736218,255
736219,220
736220,196
736221,204
736222,721
736223,724
736224,543
736225,460
736226,439
736227,370
736228,312
736229,266
736230,231
736231,202
736232,180
736233,164
736234,153
736235,147
736236,139
736237,129
736238,139
736239,456
736240,1250
736241,1430
736242,863
736243,886
736244,1900
736245,1300
736246,819
736247,598
736248,474
736249,393
736250,399
736251,1280
736252,1100
736253,749
736254,654
736255,749
736256,949
736257,829
736258,616
736259,493
736260,407
736261,368
736262,333
736263,313
736264,294
736265,273
736266,261
736267,352
736268,348
736269,354
736270,386
736271,816
736272,1360
736273,1570
736274,1050
736275,858
736276,729
736277,845
736278,955
736279,1050
736280,756
736281,868
736282,781
736283,607
736284,532
736285,481
736286,417
736287,703
736288,729
736289,637
736290,680
736291,591
736292,602
736293,634
736294,519
736295,436
736296,372
736297,315
736298,270
736299,234
736300,228
736301,238
736302,246
736303,226
736304,211
736305,199
736306,220
736307,246
736308,250
736309,236
736310,218
736311,243
736312,316
736313,292
736314,312
736315,294
736316,266
736317,253
736318,416
736319,529
736320,741
736321,785
736322,627
736323,494
736324,431
736325,361
736326,310
736327,279
736328,262
736329,286
736330,246
736331,202
736332,178
736333,162
736334,150
736335,160
736336,177
736337,192
736338,213
736339,207
736340,364
736341,467
736342,398
736343,327
736344,272
736345,230
736346,199
736347,177
736348,157
736349,138
736350,121
736351,108
736352,99.1
736353,93.7
736354,88.3
736355,81.9
736356,78.1
736357,73.5
736358,65
736359,63.7
736360,54.1
736361,49.6
736362,44.5
736363,65.6
736364,76.8
736365,78.6
736366,79.7
736367,64.5
736368,67.8
736369,64.4
736370,61.3
736371,133
736372,145
736373,117
736374,96.6
736375,81.5
736376,69.7
736377,61.3
736378,54.6
736379,48.9
736380,43.1
736381,36.9
736382,35.7
736383,35.8
736384,33.2
736385,29.4
736386,25.8
736387,27.7
736388,23.1
736389,21.9
736390,18.8
736391,16.5
736392,14.8
736393,14.6
736394,14.3
736395,12.7
736396,11.5
736397,10.2
736398,10.8
736399,10.9
736400,7.98
736401,10.3
736402,9.8
736403,7.77
736404,7.87
736405,7.62
736406,6.81
736407,5.88
736408,6.77
736409,6.32
736410,6.61
736411,5.29
736412,5.44
736413,5.4
736414,3.93
736415,5.01
736416,4.23
736417,3.12
736418,4
736419,4.84
736420,3.06
736421,2.22
736422,4.11
736423,4.44
736424,3.99
736425,3.66
736426,3.31
736427,4.1
736428,5.26
736429,6.34
736430,5.94
736431,5.89
736432,5.27
736433,4.33
736434,3.02
736435,4.03
736436,4.81
736437,4.82
736438,4.24
736439,4.63
736440,4.62
736441,4.35
736442,3.85
736443,4.32
736444,3.33
736445,2.68
736446,2.7
736447,3.8
736448,4.07
736449,3.43
736450,3.25
736451,3.35
736452,3.76
736453,3.59
736454,4.41
736455,3.43
736456,4.14
736457,3.37
736458,3.92
736459,3.94
736460,3.85
736461,3.98
736462,4.13
736463,4.77
736464,5.1
736465,12.2
736466,39.7
736467,99.6
736468,93
736469,44.4
736470,29
736471,22
736472,19.1
736473,17.1
736474,15.4
736475,13.9
736476,12.9
736477,13.7
736478,14.7
736479,15.4
736480,14.2
736481,12.8
736482,12.2
736483,11.5
736484,11.7
736485,12.5
736486,13.2
736487,12.8
736488,19.2
736489,43.6
736490,67
736491,40
736492,30.5
736493,25.3
736494,22.2
736495,20.4
736496,34.3
736497,243
736498,339
736499,1450
736500,608
736501,358
736502,243
736503,178
736504,141
736505,115
736506,93.6
736507,76.9
736508,63.9
736509,55.4
736510,61.7
736511,111
736512,88.1
736513,136
736514,147
736515,127
736516,114
736517,165
736518,267
736519,268
736520,234
736521,397
736522,427
736523,488
736524,667
736525,593
736526,478
736527,387
736528,640
736529,640
736530,564
736531,1170
736532,1050
736533,684
736534,640
736535,631
736536,537
736537,482
736538,414
736539,364
736540,342
736541,363
736542,308
736543,268
736544,235
736545,205
736546,181
736547,163
736548,148
736549,136
736550,124
736551,115
736552,107
736553,99.7
736554,95.8
736555,88.5
736556,84.1
736557,134
736558,215
736559,163
736560,148
736561,167
736564,207
736565,200
736566,224
736567,487
736568,755
736569,544
