; USGS 14162500 MCKENZIE RIVER NEAR VIDA  OR,,,,
day_index,Q_cfs,year,month,day
40177,9360,2010,1,1
40178,8910,2010,1,2
40179,7630,2010,1,3
40180,7120,2010,1,4
40181,8250,2010,1,5
40182,10700,2010,1,6
40183,9710,2010,1,7
40184,8720,2010,1,8
40185,7980,2010,1,9
40186,6900,2010,1,10
40187,6180,2010,1,11
40188,6100,2010,1,12
40189,5980,2010,1,13
40190,5920,2010,1,14
40191,5830,2010,1,15
40192,6330,2010,1,16
40193,6320,2010,1,17
40194,6460,2010,1,18
40195,5980,2010,1,19
40196,5490,2010,1,20
40197,5060,2010,1,21
40198,4790,2010,1,22
40199,4310,2010,1,23
40200,4250,2010,1,24
40201,4580,2010,1,25
40202,4560,2010,1,26
40203,4380,2010,1,27
40204,4250,2010,1,28
40205,4010,2010,1,29
40206,3800,2010,1,30
40207,3670,2010,1,31
40208,3720,2010,2,1
40209,3790,2010,2,2
40210,3540,2010,2,3
40211,3370,2010,2,4
40212,3280,2010,2,5
40213,3250,2010,2,6
40214,3190,2010,2,7
40215,3150,2010,2,8
40216,3080,2010,2,9
40217,3000,2010,2,10
40218,3140,2010,2,11
40219,3370,2010,2,12
40220,3370,2010,2,13
40221,3360,2010,2,14
40222,3390,2010,2,15
40223,3390,2010,2,16
40224,3300,2010,2,17
40225,3180,2010,2,18
40226,3110,2010,2,19
40227,3040,2010,2,20
40228,2970,2010,2,21
40229,2920,2010,2,22
40230,2860,2010,2,23
40231,3140,2010,2,24
40232,3560,2010,2,25
40233,3410,2010,2,26
40234,3260,2010,2,27
40235,3080,2010,2,28
40236,3000,2010,3,1
40237,2970,2010,3,2
40238,2970,2010,3,3
40239,2930,2010,3,4
40240,2870,2010,3,5
40241,2800,2010,3,6
40242,2750,2010,3,7
40243,2730,2010,3,8
40244,2670,2010,3,9
40245,2670,2010,3,10
40246,2770,2010,3,11
40247,3130,2010,3,12
40248,3190,2010,3,13
40249,3000,2010,3,14
40250,2920,2010,3,15
40251,2900,2010,3,16
40252,2860,2010,3,17
40253,2790,2010,3,18
40254,2740,2010,3,19
40255,2640,2010,3,20
40256,2680,2010,3,21
40257,2970,2010,3,22
40258,2940,2010,3,23
40259,2870,2010,3,24
40260,2990,2010,3,25
40261,3630,2010,3,26
40262,3530,2010,3,27
40263,3440,2010,3,28
40264,6470,2010,3,29
40265,7450,2010,3,30
40266,5840,2010,3,31
40267,5240,2010,4,1
40268,5350,2010,4,2
40269,5430,2010,4,3
40270,5020,2010,4,4
40271,4650,2010,4,5
40272,4470,2010,4,6
40273,4380,2010,4,7
40274,4470,2010,4,8
40275,4230,2010,4,9
40276,4020,2010,4,10
40277,4010,2010,4,11
40278,3990,2010,4,12
40279,3990,2010,4,13
40280,4010,2010,4,14
40281,4230,2010,4,15
40282,4160,2010,4,16
40283,4060,2010,4,17
40284,4030,2010,4,18
40285,4070,2010,4,19
40286,4130,2010,4,20
40287,4320,2010,4,21
40288,4080,2010,4,22
40289,3870,2010,4,23
40290,3780,2010,4,24
40291,3670,2010,4,25
40292,3600,2010,4,26
40293,4320,2010,4,27
40294,5010,2010,4,28
40295,5200,2010,4,29
40296,5230,2010,4,30
40297,5030,2010,5,1
40298,4910,2010,5,2
40299,5080,2010,5,3
40300,5310,2010,5,4
40301,4820,2010,5,5
40302,4400,2010,5,6
40303,4210,2010,5,7
40304,4100,2010,5,8
40305,3970,2010,5,9
40306,4130,2010,5,10
40307,4250,2010,5,11
40308,4120,2010,5,12
40309,4030,2010,5,13
40310,3990,2010,5,14
40311,3970,2010,5,15
40312,3970,2010,5,16
40313,3950,2010,5,17
40314,4000,2010,5,18
40315,4070,2010,5,19
40316,4520,2010,5,20
40317,4570,2010,5,21
40318,4430,2010,5,22
40319,4290,2010,5,23
40320,4190,2010,5,24
40321,4030,2010,5,25
40322,4060,2010,5,26
40323,4140,2010,5,27
40324,4070,2010,5,28
40325,3870,2010,5,29
40326,3710,2010,5,30
40327,3780,2010,5,31
40328,4660,2010,6,1
40329,9650,2010,6,2
40330,12500,2010,6,3
40331,13500,2010,6,4
40332,12500,2010,6,5
40333,11200,2010,6,6
40334,9190,2010,6,7
40335,7560,2010,6,8
40336,7220,2010,6,9
40337,7780,2010,6,10
40338,7610,2010,6,11
40339,6570,2010,6,12
40340,5710,2010,6,13
40341,5220,2010,6,14
40342,5040,2010,6,15
40343,4830,2010,6,16
40344,4750,2010,6,17
40345,4510,2010,6,18
40346,4270,2010,6,19
40347,4100,2010,6,20
40348,3900,2010,6,21
40349,3650,2010,6,22
40350,3570,2010,6,23
40351,3440,2010,6,24
40352,3370,2010,6,25
40353,3290,2010,6,26
40354,3240,2010,6,27
40355,3220,2010,6,28
40356,3150,2010,6,29
40357,3090,2010,6,30
40358,3000,2010,7,1
40359,2950,2010,7,2
40360,2890,2010,7,3
40361,2840,2010,7,4
40362,2810,2010,7,5
40363,2800,2010,7,6
40364,2800,2010,7,7
40365,2780,2010,7,8
40366,2750,2010,7,9
40367,2740,2010,7,10
40368,2730,2010,7,11
40369,2690,2010,7,12
40370,2630,2010,7,13
40371,2600,2010,7,14
40372,2580,2010,7,15
40373,2600,2010,7,16
40374,2590,2010,7,17
40375,2620,2010,7,18
40376,2640,2010,7,19
40377,2680,2010,7,20
40378,2660,2010,7,21
40379,2630,2010,7,22
40380,2580,2010,7,23
40381,2560,2010,7,24
40382,2720,2010,7,25
40383,2780,2010,7,26
40384,2830,2010,7,27
40385,2840,2010,7,28
40386,2880,2010,7,29
40387,2850,2010,7,30
40388,2770,2010,7,31
40389,2750,2010,8,1
40390,2740,2010,8,2
40391,2760,2010,8,3
40392,2720,2010,8,4
40393,2750,2010,8,5
40394,2720,2010,8,6
40395,2690,2010,8,7
40396,2710,2010,8,8
40397,2710,2010,8,9
40398,2730,2010,8,10
40399,2700,2010,8,11
40400,2720,2010,8,12
40401,2700,2010,8,13
40402,2490,2010,8,14
40403,2280,2010,8,15
40404,2190,2010,8,16
40405,2320,2010,8,17
40406,2820,2010,8,18
40407,2810,2010,8,19
40408,2870,2010,8,20
40409,2840,2010,8,21
40410,2810,2010,8,22
40411,2710,2010,8,23
40412,2540,2010,8,24
40413,2510,2010,8,25
40414,2490,2010,8,26
40415,2510,2010,8,27
40416,2470,2010,8,28
40417,2390,2010,8,29
40418,2460,2010,8,30
40419,2430,2010,8,31
40420,2450,2010,9,1
40421,2400,2010,9,2
40422,2470,2010,9,3
40423,2420,2010,9,4
40424,2340,2010,9,5
40425,2390,2010,9,6
40426,2410,2010,9,7
40427,2440,2010,9,8
40428,2460,2010,9,9
40429,2420,2010,9,10
40430,2370,2010,9,11
40431,2350,2010,9,12
40432,2340,2010,9,13
40433,2400,2010,9,14
40434,2400,2010,9,15
40435,2420,2010,9,16
40436,2420,2010,9,17
40437,2530,2010,9,18
40438,2870,2010,9,19
40439,3180,2010,9,20
40440,2890,2010,9,21
40441,2790,2010,9,22
40442,2660,2010,9,23
40443,2660,2010,9,24
40444,2620,2010,9,25
40445,2600,2010,9,26
40446,2600,2010,9,27
40447,2600,2010,9,28
40448,2600,2010,9,29
40449,2600,2010,9,30
40450,2510,2010,10,1
40451,2490,2010,10,2
40452,2470,2010,10,3
40453,2450,2010,10,4
40454,2450,2010,10,5
40455,2440,2010,10,6
40456,2440,2010,10,7
40457,2440,2010,10,8
40458,2540,2010,10,9
40459,2570,2010,10,10
40460,2600,2010,10,11
40461,2810,2010,10,12
40462,3040,2010,10,13
40463,3090,2010,10,14
40464,3090,2010,10,15
40465,3080,2010,10,16
40466,3090,2010,10,17
40467,3120,2010,10,18
40468,3090,2010,10,19
40469,3050,2010,10,20
40470,3040,2010,10,21
40471,3110,2010,10,22
40472,3930,2010,10,23
40473,4800,2010,10,24
40474,5030,2010,10,25
40475,5430,2010,10,26
40476,5410,2010,10,27
40477,5260,2010,10,28
40478,5120,2010,10,29
40479,5090,2010,10,30
40480,5150,2010,10,31
40481,4940,2010,11,1
40482,4800,2010,11,2
40483,4480,2010,11,3
40484,4220,2010,11,4
40485,4150,2010,11,5
40486,3950,2010,11,6
40487,4260,2010,11,7
40488,4490,2010,11,8
40489,4000,2010,11,9
40490,5450,2010,11,10
40491,5070,2010,11,11
40492,4780,2010,11,12
40493,4610,2010,11,13
40494,4500,2010,11,14
40495,4760,2010,11,15
40496,5150,2010,11,16
40497,4980,2010,11,17
40498,6570,2010,11,18
40499,6150,2010,11,19
40500,5300,2010,11,20
40501,4780,2010,11,21
40502,4720,2010,11,22
40503,4880,2010,11,23
40504,4530,2010,11,24
40505,4110,2010,11,25
40506,3840,2010,11,26
40507,4200,2010,11,27
40508,4200,2010,11,28
40509,3760,2010,11,29
40510,4860,2010,11,30
40511,9050,2010,12,1
40512,8810,2010,12,2
40513,7490,2010,12,3
40514,6300,2010,12,4
40515,5540,2010,12,5
40516,5460,2010,12,6
40517,5500,2010,12,7
40518,5670,2010,12,8
40519,6520,2010,12,9
40520,8710,2010,12,10
40521,8650,2010,12,11
40522,10700,2010,12,12
40523,12700,2010,12,13
40524,12600,2010,12,14
40525,10400,2010,12,15
40526,10400,2010,12,16
40527,11000,2010,12,17
40528,10600,2010,12,18
40529,10300,2010,12,19
40530,9800,2010,12,20
40531,9540,2010,12,21
40532,8380,2010,12,22
40533,7200,2010,12,23
40534,5540,2010,12,24
40535,5460,2010,12,25
40536,5410,2010,12,26
40537,5360,2010,12,27
40538,8210,2010,12,28
40539,11000,2010,12,29
40540,8570,2010,12,30
40541,7360,2010,12,31
40542,6610,2011,1,1
40543,5680,2011,1,2
40544,4950,2011,1,3
40545,4640,2011,1,4
40546,4370,2011,1,5
40547,4160,2011,1,6
40548,4010,2011,1,7
40549,4200,2011,1,8
40550,4050,2011,1,9
40551,3990,2011,1,10
40552,3910,2011,1,11
40553,3970,2011,1,12
40554,5770,2011,1,13
40555,8690,2011,1,14
40556,8620,2011,1,15
40557,19600,2011,1,16
40558,18000,2011,1,17
40559,12100,2011,1,18
40560,11800,2011,1,19
40561,11500,2011,1,20
40562,12000,2011,1,21
40563,11700,2011,1,22
40564,11100,2011,1,23
40565,10700,2011,1,24
40566,10200,2011,1,25
40567,9380,2011,1,26
40568,8560,2011,1,27
40569,7520,2011,1,28
40570,6350,2011,1,29
40571,5450,2011,1,30
40572,5160,2011,1,31
40573,4750,2011,2,1
40574,4330,2011,2,2
40575,4130,2011,2,3
40576,3730,2011,2,4
40577,3510,2011,2,5
40578,3570,2011,2,6
40579,3580,2011,2,7
40580,3580,2011,2,8
40581,3500,2011,2,9
40582,3440,2011,2,10
40583,3390,2011,2,11
40584,3240,2011,2,12
40585,3220,2011,2,13
40586,3210,2011,2,14
40587,4020,2011,2,15
40588,4060,2011,2,16
40589,3730,2011,2,17
40590,3580,2011,2,18
40591,3370,2011,2,19
40592,3270,2011,2,20
40593,3220,2011,2,21
40594,3230,2011,2,22
40595,3250,2011,2,23
40596,3300,2011,2,24
40597,3170,2011,2,25
40598,3120,2011,2,26
40599,2940,2011,2,27
40600,2940,2011,2,28
40601,3440,2011,3,1
40602,3660,2011,3,2
40603,3700,2011,3,3
40604,3660,2011,3,4
40605,4570,2011,3,5
40606,4240,2011,3,6
40607,3890,2011,3,7
40608,4210,2011,3,8
40609,4660,2011,3,9
40610,5810,2011,3,10
40611,6040,2011,3,11
40612,5300,2011,3,12
40613,5010,2011,3,13
40614,4960,2011,3,14
40615,5380,2011,3,15
40616,6580,2011,3,16
40617,6010,2011,3,17
40618,5450,2011,3,18
40619,4950,2011,3,19
40620,4540,2011,3,20
40621,4520,2011,3,21
40622,4400,2011,3,22
40623,4170,2011,3,23
40624,4120,2011,3,24
40625,4100,2011,3,25
40626,4310,2011,3,26
40627,4430,2011,3,27
40628,4820,2011,3,28
40629,5090,2011,3,29
40630,6780,2011,3,30
40631,7000,2011,3,31
40632,7080,2011,4,1
40633,7680,2011,4,2
40634,7220,2011,4,3
40635,6550,2011,4,4
40636,8320,2011,4,5
40637,7650,2011,4,6
40638,6360,2011,4,7
40639,5610,2011,4,8
40640,5180,2011,4,9
40641,4920,2011,4,10
40642,5020,2011,4,11
40643,4890,2011,4,12
40644,4680,2011,4,13
40645,4600,2011,4,14
40646,5190,2011,4,15
40647,8420,2011,4,16
40648,11300,2011,4,17
40649,9490,2011,4,18
40650,8530,2011,4,19
40651,7290,2011,4,20
40652,5880,2011,4,21
40653,5030,2011,4,22
40654,4530,2011,4,23
40655,4570,2011,4,24
40656,5060,2011,4,25
40657,5950,2011,4,26
40658,5730,2011,4,27
40659,5490,2011,4,28
40660,5460,2011,4,29
40661,5250,2011,4,30
40662,5070,2011,5,1
40663,4850,2011,5,2
40664,4430,2011,5,3
40665,4110,2011,5,4
40666,4270,2011,5,5
40667,4510,2011,5,6
40668,4640,2011,5,7
40669,4930,2011,5,8
40670,5010,2011,5,9
40671,5120,2011,5,10
40672,5420,2011,5,11
40673,6120,2011,5,12
40674,6480,2011,5,13
40675,7090,2011,5,14
40676,6720,2011,5,15
40677,6600,2011,5,16
40678,5970,2011,5,17
40679,5760,2011,5,18
40680,5800,2011,5,19
40681,5740,2011,5,20
40682,5720,2011,5,21
40683,5580,2011,5,22
40684,5610,2011,5,23
40685,6340,2011,5,24
40686,6870,2011,5,25
40687,7090,2011,5,26
40688,7380,2011,5,27
40689,7870,2011,5,28
40690,7240,2011,5,29
40691,6760,2011,5,30
40692,6670,2011,5,31
40693,6830,2011,6,1
40694,7040,2011,6,2
40695,6720,2011,6,3
40696,6490,2011,6,4
40697,6590,2011,6,5
40698,6840,2011,6,6
40699,6370,2011,6,7
40700,5850,2011,6,8
40701,5650,2011,6,9
40702,5520,2011,6,10
40703,5380,2011,6,11
40704,5330,2011,6,12
40705,5350,2011,6,13
40706,5490,2011,6,14
40707,5680,2011,6,15
40708,5600,2011,6,16
40709,5340,2011,6,17
40710,5130,2011,6,18
40711,5170,2011,6,19
40712,5170,2011,6,20
40713,5100,2011,6,21
40714,5100,2011,6,22
40715,5030,2011,6,23
40716,5060,2011,6,24
40717,4870,2011,6,25
40718,4680,2011,6,26
40719,4660,2011,6,27
40720,4790,2011,6,28
40721,4610,2011,6,29
40722,4150,2011,6,30
40723,4140,2011,7,1
40724,4000,2011,7,2
40725,3910,2011,7,3
40726,3820,2011,7,4
40727,3810,2011,7,5
40728,3850,2011,7,6
40729,3800,2011,7,7
40730,3640,2011,7,8
40731,3510,2011,7,9
40732,3440,2011,7,10
40733,3520,2011,7,11
40734,3410,2011,7,12
40735,3400,2011,7,13
40736,3350,2011,7,14
40737,3400,2011,7,15
40738,3340,2011,7,16
40739,3290,2011,7,17
40740,3350,2011,7,18
40741,4010,2011,7,19
40742,3720,2011,7,20
40743,3530,2011,7,21
40744,3410,2011,7,22
40745,3340,2011,7,23
40746,3360,2011,7,24
40747,3280,2011,7,25
40748,3240,2011,7,26
40749,3210,2011,7,27
40750,3200,2011,7,28
40751,3130,2011,7,29
40752,3110,2011,7,30
40753,3100,2011,7,31
40754,3110,2011,8,1
40755,3090,2011,8,2
40756,3060,2011,8,3
40757,3030,2011,8,4
40758,3040,2011,8,5
40759,3020,2011,8,6
40760,3010,2011,8,7
40761,2980,2011,8,8
40762,3010,2011,8,9
40763,2980,2011,8,10
40764,2950,2011,8,11
40765,2950,2011,8,12
40766,3000,2011,8,13
40767,2940,2011,8,14
40768,2920,2011,8,15
40769,2950,2011,8,16
40770,2890,2011,8,17
40771,2870,2011,8,18
40772,2880,2011,8,19
40773,2900,2011,8,20
40774,2880,2011,8,21
40775,2660,2011,8,22
40776,2490,2011,8,23
40777,2520,2011,8,24
40778,2530,2011,8,25
40779,2660,2011,8,26
40780,2690,2011,8,27
40781,2620,2011,8,28
40782,2840,2011,8,29
40783,2930,2011,8,30
40784,2700,2011,8,31
40785,2400,2011,9,1
40786,2360,2011,9,2
40787,2490,2011,9,3
40788,2730,2011,9,4
40789,2840,2011,9,5
40790,2820,2011,9,6
40791,2810,2011,9,7
40792,2810,2011,9,8
40793,2810,2011,9,9
40794,2820,2011,9,10
40795,2760,2011,9,11
40796,2720,2011,9,12
40797,2730,2011,9,13
40798,2750,2011,9,14
40799,2760,2011,9,15
40800,2770,2011,9,16
40801,2770,2011,9,17
40802,2760,2011,9,18
40803,2730,2011,9,19
40804,2710,2011,9,20
40805,2710,2011,9,21
40806,2730,2011,9,22
40807,2700,2011,9,23
40808,2690,2011,9,24
40809,2700,2011,9,25
40810,2710,2011,9,26
40811,2730,2011,9,27
40812,2720,2011,9,28
40813,2710,2011,9,29
40814,2690,2011,9,30
40815,2690,2011,10,1
40816,2690,2011,10,2
40817,2720,2011,10,3
40818,2770,2011,10,4
40819,2810,2011,10,5
40820,2820,2011,10,6
40821,2800,2011,10,7
40822,2770,2011,10,8
40823,2790,2011,10,9
40824,2920,2011,10,10
40825,3190,2011,10,11
40826,3000,2011,10,12
40827,2890,2011,10,13
40828,2850,2011,10,14
40829,3050,2011,10,15
40830,3300,2011,10,16
40831,3280,2011,10,17
40832,3270,2011,10,18
40833,3290,2011,10,19
40834,3250,2011,10,20
40835,3240,2011,10,21
40836,3220,2011,10,22
40837,3190,2011,10,23
40838,3230,2011,10,24
40839,3300,2011,10,25
40840,3390,2011,10,26
40841,3290,2011,10,27
40842,3280,2011,10,28
40843,3240,2011,10,29
40844,3200,2011,10,30
40845,3230,2011,10,31
40846,3360,2011,11,1
40847,3410,2011,11,2
40848,3370,2011,11,3
40849,3270,2011,11,4
40850,3250,2011,11,5
40851,3250,2011,11,6
40852,3290,2011,11,7
40853,3210,2011,11,8
40854,3070,2011,11,9
40855,2940,2011,11,10
40856,2890,2011,11,11
40857,2850,2011,11,12
40858,2890,2011,11,13
40859,2980,2011,11,14
40860,3070,2011,11,15
40861,3080,2011,11,16
40862,4430,2011,11,17
40863,4760,2011,11,18
40864,4660,2011,11,19
40865,4310,2011,11,20
40866,4130,2011,11,21
40867,6030,2011,11,22
40868,6050,2011,11,23
40869,5900,2011,11,24
40870,6040,2011,11,25
40871,5340,2011,11,26
40872,4720,2011,11,27
40873,4590,2011,11,28
40874,4320,2011,11,29
40875,3800,2011,11,30
40876,3640,2011,12,1
40877,3450,2011,12,2
40878,3340,2011,12,3
40879,3180,2011,12,4
40880,3220,2011,12,5
40881,3150,2011,12,6
40882,2930,2011,12,7
40883,2880,2011,12,8
40884,2980,2011,12,9
40885,2770,2011,12,10
40886,2600,2011,12,11
40887,2800,2011,12,12
40888,2720,2011,12,13
40889,2380,2011,12,14
40890,2230,2011,12,15
40891,2230,2011,12,16
40892,2120,2011,12,17
40893,2100,2011,12,18
40894,2120,2011,12,19
40895,2080,2011,12,20
40896,2060,2011,12,21
40897,2110,2011,12,22
40898,2180,2011,12,23
40899,2130,2011,12,24
40900,2120,2011,12,25
40901,2140,2011,12,26
40902,2210,2011,12,27
40903,5700,2011,12,28
40904,8730,2011,12,29
40905,14200,2011,12,30
40906,9900,2011,12,31
40907,8510,2012,1,1
40908,7720,2012,1,2
40909,7240,2012,1,3
40910,7260,2012,1,4
40911,7070,2012,1,5
40912,6930,2012,1,6
40913,6650,2012,1,7
40914,6520,2012,1,8
40915,6000,2012,1,9
40916,5230,2012,1,10
40917,4740,2012,1,11
40918,4390,2012,1,12
40919,4230,2012,1,13
40920,4130,2012,1,14
40921,3990,2012,1,15
40922,4050,2012,1,16
40923,4110,2012,1,17
40924,6970,2012,1,18
40925,15500,2012,1,19
40926,13000,2012,1,20
40927,10600,2012,1,21
40928,11100,2012,1,22
40929,13300,2012,1,23
40930,15000,2012,1,24
40931,19700,2012,1,25
40932,18600,2012,1,26
40933,16300,2012,1,27
40934,14500,2012,1,28
40935,13200,2012,1,29
40936,12800,2012,1,30
40937,9600,2012,1,31
40938,7800,2012,2,1
40939,6670,2012,2,2
40940,6170,2012,2,3
40941,5850,2012,2,4
40942,5600,2012,2,5
40943,5290,2012,2,6
40944,4730,2012,2,7
40945,4450,2012,2,8
40946,4550,2012,2,9
40947,4500,2012,2,10
40948,4850,2012,2,11
40949,4670,2012,2,12
40950,4540,2012,2,13
40951,4270,2012,2,14
40952,3900,2012,2,15
40953,3600,2012,2,16
40954,3600,2012,2,17
40955,3800,2012,2,18
40956,3800,2012,2,19
40957,4000,2012,2,20
40958,5500,2012,2,21
40959,7430,2012,2,22
40960,8070,2012,2,23
40961,6740,2012,2,24
40962,6020,2012,2,25
40963,5100,2012,2,26
40964,4730,2012,2,27
40965,4340,2012,2,28
40966,4270,2012,2,29
40967,4120,2012,3,1
40968,3930,2012,3,2
40969,3840,2012,3,3
40970,3970,2012,3,4
40971,4250,2012,3,5
40972,4310,2012,3,6
40973,4040,2012,3,7
40974,3960,2012,3,8
40975,4010,2012,3,9
40976,4060,2012,3,10
40977,4180,2012,3,11
40978,4400,2012,3,12
40979,4800,2012,3,13
40980,4850,2012,3,14
40981,7250,2012,3,15
40982,10600,2012,3,16
40983,9470,2012,3,17
40984,8010,2012,3,18
40985,7250,2012,3,19
40986,8320,2012,3,20
40987,10200,2012,3,21
40988,10500,2012,3,22
40989,8590,2012,3,23
40990,7550,2012,3,24
40991,6750,2012,3,25
40992,6020,2012,3,26
40993,5450,2012,3,27
40994,5200,2012,3,28
40995,5900,2012,3,29
40996,13400,2012,3,30
40997,14100,2012,3,31
40998,11900,2012,4,1
40999,10400,2012,4,2
41000,9900,2012,4,3
41001,9460,2012,4,4
41002,8760,2012,4,5
41003,7720,2012,4,6
41004,6640,2012,4,7
41005,6250,2012,4,8
41006,6140,2012,4,9
41007,5980,2012,4,10
41008,5670,2012,4,11
41009,5450,2012,4,12
41010,5300,2012,4,13
41011,5070,2012,4,14
41012,4900,2012,4,15
41013,6280,2012,4,16
41014,7920,2012,4,17
41015,7520,2012,4,18
41016,7970,2012,4,19
41017,9710,2012,4,20
41018,9310,2012,4,21
41019,8840,2012,4,22
41020,8850,2012,4,23
41021,10400,2012,4,24
41022,9970,2012,4,25
41023,10100,2012,4,26
41024,9300,2012,4,27
41025,7960,2012,4,28
41026,6900,2012,4,29
41027,7250,2012,4,30
41028,8280,2012,5,1
41029,7790,2012,5,2
41030,8160,2012,5,3
41031,8690,2012,5,4
41032,8110,2012,5,5
41033,7380,2012,5,6
41034,6860,2012,5,7
41035,6530,2012,5,8
41036,6330,2012,5,9
41037,6290,2012,5,10
41038,6150,2012,5,11
41039,5790,2012,5,12
41040,5740,2012,5,13
41041,6020,2012,5,14
41042,6360,2012,5,15
41043,6320,2012,5,16
41044,6050,2012,5,17
41045,5470,2012,5,18
41046,5050,2012,5,19
41047,4960,2012,5,20
41048,5160,2012,5,21
41049,5640,2012,5,22
41050,5630,2012,5,23
41051,5850,2012,5,24
41052,6200,2012,5,25
41053,6050,2012,5,26
41054,5770,2012,5,27
41055,5230,2012,5,28
41056,5090,2012,5,29
41057,4980,2012,5,30
41058,4960,2012,5,31
41059,4960,2012,6,1
41060,4870,2012,6,2
41061,4680,2012,6,3
41062,4820,2012,6,4
41063,6410,2012,6,5
41064,6310,2012,6,6
41065,6140,2012,6,7
41066,6240,2012,6,8
41067,6850,2012,6,9
41068,6460,2012,6,10
41069,5900,2012,6,11
41070,5420,2012,6,12
41071,5090,2012,6,13
41072,4890,2012,6,14
41073,4580,2012,6,15
41074,4320,2012,6,16
41075,4240,2012,6,17
41076,4200,2012,6,18
41077,4160,2012,6,19
41078,3990,2012,6,20
41079,3940,2012,6,21
41080,3910,2012,6,22
41081,4280,2012,6,23
41082,4270,2012,6,24
41083,4140,2012,6,25
41084,4190,2012,6,26
41085,4110,2012,6,27
41086,4050,2012,6,28
41087,3980,2012,6,29
41088,3900,2012,6,30
41089,3870,2012,7,1
41090,3830,2012,7,2
41091,3790,2012,7,3
41092,3720,2012,7,4
41093,3650,2012,7,5
41094,3580,2012,7,6
41095,3590,2012,7,7
41096,3530,2012,7,8
41097,3520,2012,7,9
41098,3440,2012,7,10
41099,3420,2012,7,11
41100,3340,2012,7,12
41101,3210,2012,7,13
41102,3190,2012,7,14
41103,3130,2012,7,15
41104,3060,2012,7,16
41105,3050,2012,7,17
41106,3080,2012,7,18
41107,3090,2012,7,19
41108,3150,2012,7,20
41109,3070,2012,7,21
41110,3030,2012,7,22
41111,2990,2012,7,23
41112,2960,2012,7,24
41113,3060,2012,7,25
41114,3020,2012,7,26
41115,2970,2012,7,27
41116,2900,2012,7,28
41117,2950,2012,7,29
41118,2920,2012,7,30
41119,2920,2012,7,31
41120,2920,2012,8,1
41121,2970,2012,8,2
41122,3100,2012,8,3
41123,3100,2012,8,4
41124,3100,2012,8,5
41125,3140,2012,8,6
41126,3140,2012,8,7
41127,3030,2012,8,8
41128,3010,2012,8,9
41129,3050,2012,8,10
41130,3030,2012,8,11
41131,3050,2012,8,12
41132,3010,2012,8,13
41133,2930,2012,8,14
41134,2920,2012,8,15
41135,2930,2012,8,16
41136,2920,2012,8,17
41137,2940,2012,8,18
41138,2970,2012,8,19
41139,2990,2012,8,20
41140,2950,2012,8,21
41141,2970,2012,8,22
41142,2950,2012,8,23
41143,2940,2012,8,24
41144,2910,2012,8,25
41145,2880,2012,8,26
41146,2890,2012,8,27
41147,2910,2012,8,28
41148,2920,2012,8,29
41149,2970,2012,8,30
41150,2910,2012,8,31
41151,2580,2012,9,1
41152,2600,2012,9,2
41153,2800,2012,9,3
41154,2890,2012,9,4
41155,2850,2012,9,5
41156,2870,2012,9,6
41157,2880,2012,9,7
41158,2900,2012,9,8
41159,2880,2012,9,9
41160,2870,2012,9,10
41161,2880,2012,9,11
41162,2870,2012,9,12
41163,2850,2012,9,13
41164,2850,2012,9,14
41165,2840,2012,9,15
41166,2840,2012,9,16
41167,2840,2012,9,17
41168,2870,2012,9,18
41169,2830,2012,9,19
41170,2820,2012,9,20
41171,2810,2012,9,21
41172,2820,2012,9,22
41173,2820,2012,9,23
41174,2800,2012,9,24
41175,2800,2012,9,25
41176,2820,2012,9,26
41177,2820,2012,9,27
41178,2810,2012,9,28
41179,2790,2012,9,29
41180,2780,2012,9,30
41181,2780,2012,10,1
41182,2750,2012,10,2
41183,2730,2012,10,3
41184,2730,2012,10,4
41185,2750,2012,10,5
41186,2740,2012,10,6
41187,2750,2012,10,7
41188,2740,2012,10,8
41189,2760,2012,10,9
41190,2790,2012,10,10
41191,2780,2012,10,11
41192,2800,2012,10,12
41193,2850,2012,10,13
41194,2810,2012,10,14
41195,3040,2012,10,15
41196,4340,2012,10,16
41197,3250,2012,10,17
41198,3120,2012,10,18
41199,3350,2012,10,19
41200,3910,2012,10,20
41201,3770,2012,10,21
41202,3840,2012,10,22
41203,3820,2012,10,23
41204,3990,2012,10,24
41205,4350,2012,10,25
41206,4300,2012,10,26
41207,4460,2012,10,27
41208,6080,2012,10,28
41209,7530,2012,10,29
41210,6660,2012,10,30
41211,5840,2012,10,31
41212,5690,2012,11,1
41213,5610,2012,11,2
41214,5470,2012,11,3
41215,5080,2012,11,4
41216,4700,2012,11,5
41217,4730,2012,11,6
41218,4550,2012,11,7
41219,4550,2012,11,8
41220,4560,2012,11,9
41221,4540,2012,11,10
41222,4410,2012,11,11
41223,4600,2012,11,12
41224,5080,2012,11,13
41225,4820,2012,11,14
41226,4680,2012,11,15
41227,5060,2012,11,16
41228,4950,2012,11,17
41229,4920,2012,11,18
41230,4780,2012,11,19
41231,11300,2012,11,20
41232,11500,2012,11,21
41233,10300,2012,11,22
41234,9600,2012,11,23
41235,10600,2012,11,24
41236,10700,2012,11,25
41237,9890,2012,11,26
41238,9750,2012,11,27
41239,9300,2012,11,28
41240,9060,2012,11,29
41241,8600,2012,11,30
41242,8590,2012,12,1
41243,11600,2012,12,2
41244,10200,2012,12,3
41245,11500,2012,12,4
41246,16300,2012,12,5
41247,13500,2012,12,6
41248,11500,2012,12,7
41249,10700,2012,12,8
41250,10000,2012,12,9
41251,9610,2012,12,10
41252,9420,2012,12,11
41253,9380,2012,12,12
41254,9080,2012,12,13
41255,8760,2012,12,14
41256,7980,2012,12,15
41257,7360,2012,12,16
41258,9240,2012,12,17
41259,8380,2012,12,18
41260,7130,2012,12,19
41261,6990,2012,12,20
41262,6800,2012,12,21
41263,6120,2012,12,22
41264,5750,2012,12,23
41265,5340,2012,12,24
41266,5190,2012,12,25
41267,5310,2012,12,26
41268,5580,2012,12,27
41269,5280,2012,12,28
41270,4750,2012,12,29
41271,4330,2012,12,30
41272,4110,2012,12,31
41273,3880,2013,1,1
41274,3840,2013,1,2
41275,3620,2013,1,3
41276,3330,2013,1,4
41277,3360,2013,1,5
41278,3350,2013,1,6
41279,3860,2013,1,7
41280,5000,2013,1,8
41281,5650,2013,1,9
41282,5450,2013,1,10
41283,4920,2013,1,11
41284,4370,2013,1,12
41285,3860,2013,1,13
41286,3790,2013,1,14
41287,3670,2013,1,15
41288,3570,2013,1,16
41289,3440,2013,1,17
41290,3570,2013,1,18
41291,3750,2013,1,19
41292,3850,2013,1,20
41293,3880,2013,1,21
41294,3810,2013,1,22
41295,3810,2013,1,23
41296,3880,2013,1,24
41297,4680,2013,1,25
41298,5880,2013,1,26
41299,5420,2013,1,27
41300,5310,2013,1,28
41301,5940,2013,1,29
41302,5230,2013,1,30
41303,4890,2013,1,31
41304,4770,2013,2,1
41305,4710,2013,2,2
41306,4450,2013,2,3
41307,4220,2013,2,4
41308,3990,2013,2,5
41309,3990,2013,2,6
41310,3920,2013,2,7
41311,3780,2013,2,8
41312,3580,2013,2,9
41313,3540,2013,2,10
41314,3490,2013,2,11
41315,3320,2013,2,12
41316,3200,2013,2,13
41317,3140,2013,2,14
41318,3250,2013,2,15
41319,3280,2013,2,16
41320,3160,2013,2,17
41321,3220,2013,2,18
41322,3180,2013,2,19
41323,3210,2013,2,20
41324,3160,2013,2,21
41325,3290,2013,2,22
41326,3390,2013,2,23
41327,3110,2013,2,24
41328,3290,2013,2,25
41329,3290,2013,2,26
41330,3270,2013,2,27
41331,3620,2013,2,28
41332,4480,2013,3,1
41333,4200,2013,3,2
41334,4030,2013,3,3
41335,4050,2013,3,4
41336,3870,2013,3,5
41337,3760,2013,3,6
41338,3680,2013,3,7
41339,3630,2013,3,8
41340,3380,2013,3,9
41341,3200,2013,3,10
41342,3190,2013,3,11
41343,3350,2013,3,12
41344,3290,2013,3,13
41345,3580,2013,3,14
41346,3470,2013,3,15
41347,3690,2013,3,16
41348,3780,2013,3,17
41349,3600,2013,3,18
41350,3500,2013,3,19
41351,4290,2013,3,20
41352,4730,2013,3,21
41353,4360,2013,3,22
41354,4080,2013,3,23
41355,3800,2013,3,24
41356,3660,2013,3,25
41357,3700,2013,3,26
41358,3630,2013,3,27
41359,3570,2013,3,28
41360,3700,2013,3,29
41361,3770,2013,3,30
41362,3960,2013,3,31
41363,4340,2013,4,1
41364,4600,2013,4,2
41365,4480,2013,4,3
41366,4610,2013,4,4
41367,6070,2013,4,5
41368,6790,2013,4,6
41369,8720,2013,4,7
41370,8580,2013,4,8
41371,7620,2013,4,9
41372,6650,2013,4,10
41373,5870,2013,4,11
41374,5160,2013,4,12
41375,4790,2013,4,13
41376,4540,2013,4,14
41377,4420,2013,4,15
41378,4820,2013,4,16
41379,4740,2013,4,17
41380,4530,2013,4,18
41381,4650,2013,4,19
41382,5380,2013,4,20
41383,5130,2013,4,21
41384,4760,2013,4,22
41385,4270,2013,4,23
41386,4090,2013,4,24
41387,3930,2013,4,25
41388,3970,2013,4,26
41389,3960,2013,4,27
41390,3980,2013,4,28
41391,3950,2013,4,29
41392,3900,2013,4,30
41393,3890,2013,5,1
41394,4240,2013,5,2
41395,4370,2013,5,3
41396,4360,2013,5,4
41397,4390,2013,5,5
41398,4430,2013,5,6
41399,4250,2013,5,7
41400,4020,2013,5,8
41401,4000,2013,5,9
41402,3990,2013,5,10
41403,4230,2013,5,11
41404,4160,2013,5,12
41405,4070,2013,5,13
41406,3870,2013,5,14
41407,3730,2013,5,15
41408,3840,2013,5,16
41409,4060,2013,5,17
41410,3850,2013,5,18
41411,3880,2013,5,19
41412,3840,2013,5,20
41413,3810,2013,5,21
41414,4080,2013,5,22
41415,4000,2013,5,23
41416,3530,2013,5,24
41417,3280,2013,5,25
41418,3370,2013,5,26
41419,3670,2013,5,27
41420,4280,2013,5,28
41421,4250,2013,5,29
41422,4390,2013,5,30
41423,4000,2013,5,31
41424,3680,2013,6,1
41425,3350,2013,6,2
41426,3230,2013,6,3
41427,3210,2013,6,4
41428,3130,2013,6,5
41429,3030,2013,6,6
41430,2970,2013,6,7
41431,2880,2013,6,8
41432,2840,2013,6,9
41433,2860,2013,6,10
41434,3110,2013,6,11
41435,3210,2013,6,12
41436,3220,2013,6,13
41437,3220,2013,6,14
41438,3280,2013,6,15
41439,3190,2013,6,16
41440,3150,2013,6,17
41441,3210,2013,6,18
41442,3270,2013,6,19
41443,3220,2013,6,20
41444,3210,2013,6,21
41445,3190,2013,6,22
41446,3250,2013,6,23
41447,3280,2013,6,24
41448,3360,2013,6,25
41449,3240,2013,6,26
41450,2830,2013,6,27
41451,2780,2013,6,28
41452,2720,2013,6,29
41453,2710,2013,6,30
41454,2590,2013,7,1
41455,2560,2013,7,2
41456,2490,2013,7,3
41457,2480,2013,7,4
41458,2440,2013,7,5
41459,2420,2013,7,6
41460,2430,2013,7,7
41461,2380,2013,7,8
41462,2390,2013,7,9
41463,2370,2013,7,10
41464,2360,2013,7,11
41465,2340,2013,7,12
41466,2290,2013,7,13
41467,2340,2013,7,14
41468,2310,2013,7,15
41469,2280,2013,7,16
41470,2240,2013,7,17
41471,2280,2013,7,18
41472,2250,2013,7,19
41473,2250,2013,7,20
41474,2220,2013,7,21
41475,2210,2013,7,22
41476,2270,2013,7,23
41477,2220,2013,7,24
41478,2180,2013,7,25
41479,2180,2013,7,26
41480,2220,2013,7,27
41481,2160,2013,7,28
41482,2120,2013,7,29
41483,2120,2013,7,30
41484,2100,2013,7,31
41485,2130,2013,8,1
41486,2170,2013,8,2
41487,2130,2013,8,3
41488,2130,2013,8,4
41489,2140,2013,8,5
41490,2100,2013,8,6
41491,2110,2013,8,7
41492,2110,2013,8,8
41493,2170,2013,8,9
41494,2120,2013,8,10
41495,2140,2013,8,11
41496,2140,2013,8,12
41497,2100,2013,8,13
41498,2100,2013,8,14
41499,2150,2013,8,15
41500,2120,2013,8,16
41501,2050,2013,8,17
41502,2000,2013,8,18
41503,2010,2013,8,19
41504,2040,2013,8,20
41505,2050,2013,8,21
41506,2090,2013,8,22
41507,2210,2013,8,23
41508,2530,2013,8,24
41509,2560,2013,8,25
41510,2580,2013,8,26
41511,2540,2013,8,27
41512,2530,2013,8,28
41513,2540,2013,8,29
41514,2530,2013,8,30
41515,2510,2013,8,31
41516,2460,2013,9,1
41517,2460,2013,9,2
41518,2430,2013,9,3
41519,2490,2013,9,4
41520,2540,2013,9,5
41521,2720,2013,9,6
41522,2580,2013,9,7
41523,2490,2013,9,8
41524,2510,2013,9,9
41525,2490,2013,9,10
41526,2510,2013,9,11
41527,2500,2013,9,12
41528,2500,2013,9,13
41529,2480,2013,9,14
41530,2460,2013,9,15
41531,2470,2013,9,16
41532,2480,2013,9,17
41533,2510,2013,9,18
41534,2480,2013,9,19
41535,2500,2013,9,20
41536,2540,2013,9,21
41537,2570,2013,9,22
41538,2650,2013,9,23
41539,2760,2013,9,24
41540,2990,2013,9,25
41541,2860,2013,9,26
41542,2960,2013,9,27
41543,3540,2013,9,28
41544,5070,2013,9,29
41545,7140,2013,9,30
41546,5260,2013,10,1
41547,5050,2013,10,2
41548,4670,2013,10,3
41549,4450,2013,10,4
41550,4220,2013,10,5
41551,4100,2013,10,6
41552,3860,2013,10,7
41553,3560,2013,10,8
41554,3810,2013,10,9
41555,4070,2013,10,10
41556,3960,2013,10,11
41557,3920,2013,10,12
41558,3920,2013,10,13
41559,3920,2013,10,14
41560,3710,2013,10,15
41561,3560,2013,10,16
41562,3510,2013,10,17
41563,3450,2013,10,18
41564,3430,2013,10,19
41565,3400,2013,10,20
41566,3440,2013,10,21
41567,3330,2013,10,22
41568,3100,2013,10,23
41569,3100,2013,10,24
41570,2920,2013,10,25
41571,2560,2013,10,26
41572,2540,2013,10,27
41573,2570,2013,10,28
41574,2580,2013,10,29
41575,2540,2013,10,30
41576,2510,2013,10,31
41577,2500,2013,11,1
41578,2610,2013,11,2
41579,2750,2013,11,3
41580,2810,2013,11,4
41581,3320,2013,11,5
41582,3790,2013,11,6
41583,4660,2013,11,7
41584,5500,2013,11,8
41585,5790,2013,11,9
41586,5480,2013,11,10
41587,5160,2013,11,11
41588,5050,2013,11,12
41589,4870,2013,11,13
41590,4650,2013,11,14
41591,4500,2013,11,15
41592,4610,2013,11,16
41593,4130,2013,11,17
41594,3260,2013,11,18
41595,5380,2013,11,19
41596,7170,2013,11,20
41597,5900,2013,11,21
41598,4890,2013,11,22
41599,4020,2013,11,23
41600,3690,2013,11,24
41601,3270,2013,11,25
41602,3100,2013,11,26
41603,2970,2013,11,27
41604,2750,2013,11,28
41605,2620,2013,11,29
41606,2520,2013,11,30
41607,2590,2013,12,1
41608,5760,2013,12,2
41609,5510,2013,12,3
41610,4690,2013,12,4
41611,4260,2013,12,5
41612,4050,2013,12,6
41613,3790,2013,12,7
41614,3640,2013,12,8
41615,3520,2013,12,9
41616,3360,2013,12,10
41617,3250,2013,12,11
41618,3080,2013,12,12
41619,2960,2013,12,13
41620,2740,2013,12,14
41621,2670,2013,12,15
41622,2640,2013,12,16
41623,2670,2013,12,17
41624,2580,2013,12,18
41625,2500,2013,12,19
41626,2570,2013,12,20
41627,2850,2013,12,21
41628,2940,2013,12,22
41629,3110,2013,12,23
41630,3200,2013,12,24
41631,3080,2013,12,25
41632,2890,2013,12,26
41633,2850,2013,12,27
41634,2770,2013,12,28
41635,2730,2013,12,29
41636,2650,2013,12,30
41637,2470,2013,12,31
41638,2470,2014,1,1
41639,2420,2014,1,2
41640,2330,2014,1,3
41641,2260,2014,1,4
41642,2240,2014,1,5
41643,2280,2014,1,6
41644,2300,2014,1,7
41645,2560,2014,1,8
41646,3520,2014,1,9
41647,4050,2014,1,10
41648,4670,2014,1,11
41649,5330,2014,1,12
41650,5630,2014,1,13
41651,4580,2014,1,14
41652,3930,2014,1,15
41653,3810,2014,1,16
41654,3970,2014,1,17
41655,3860,2014,1,18
41656,3750,2014,1,19
41657,3700,2014,1,20
41658,3640,2014,1,21
41659,3550,2014,1,22
41660,3540,2014,1,23
41661,3790,2014,1,24
41662,3620,2014,1,25
41663,3580,2014,1,26
41664,3360,2014,1,27
41665,3310,2014,1,28
41666,5990,2014,1,29
41667,6730,2014,1,30
41668,5740,2014,1,31
41669,5040,2014,2,1
41670,4590,2014,2,2
41671,4370,2014,2,3
41672,4220,2014,2,4
41673,3870,2014,2,5
41674,3580,2014,2,6
41675,3720,2014,2,7
41676,4430,2014,2,8
41677,6110,2014,2,9
41678,6910,2014,2,10
41679,7920,2014,2,11
41680,15000,2014,2,12
41681,17000,2014,2,13
41682,20000,2014,2,14
41683,14800,2014,2,15
41684,13000,2014,2,16
41685,11100,2014,2,17
41686,11800,2014,2,18
41687,14500,2014,2,19
41688,13700,2014,2,20
41689,13100,2014,2,21
41690,12300,2014,2,22
41691,11600,2014,2,23
41692,10400,2014,2,24
41693,7950,2014,2,25
41694,7330,2014,2,26
41695,7400,2014,2,27
41696,7180,2014,2,28
41697,7000,2014,3,1
41698,8410,2014,3,2
41699,12000,2014,3,3
41700,12700,2014,3,4
41701,12500,2014,3,5
41702,14800,2014,3,6
41703,13800,2014,3,7
41704,10900,2014,3,8
41705,12700,2014,3,9
41706,17000,2014,3,10
41707,13500,2014,3,11
41708,11600,2014,3,12
41709,10500,2014,3,13
41710,10100,2014,3,14
41711,9400,2014,3,15
41712,8500,2014,3,16
41713,7500,2014,3,17
41714,6420,2014,3,18
41715,5730,2014,3,19
41716,4860,2014,3,20
41717,4490,2014,3,21
41718,4400,2014,3,22
41719,4200,2014,3,23
41720,4000,2014,3,24
41721,3890,2014,3,25
41722,4070,2014,3,26
41723,4800,2014,3,27
41724,6650,2014,3,28
41725,9780,2014,3,29
41726,8570,2014,3,30
41727,7880,2014,3,31
41728,7530,2014,4,1
41729,6880,2014,4,2
41730,6100,2014,4,3
41731,5960,2014,4,4
41732,6010,2014,4,5
41733,6600,2014,4,6
41734,6390,2014,4,7
41735,6090,2014,4,8
41736,5930,2014,4,9
41737,5670,2014,4,10
41738,5260,2014,4,11
41739,4820,2014,4,12
41740,4590,2014,4,13
41741,4460,2014,4,14
41742,4410,2014,4,15
41743,4210,2014,4,16
41744,4130,2014,4,17
41745,4280,2014,4,18
41746,4100,2014,4,19
41747,3960,2014,4,20
41748,3910,2014,4,21
41749,4060,2014,4,22
41750,4310,2014,4,23
41751,6410,2014,4,24
41752,6430,2014,4,25
41753,5780,2014,4,26
41754,5710,2014,4,27
41755,5610,2014,4,28
41756,5200,2014,4,29
41757,4840,2014,4,30
41758,4690,2014,5,1
41759,4490,2014,5,2
41760,4340,2014,5,3
41761,4630,2014,5,4
41762,4810,2014,5,5
41763,4460,2014,5,6
41764,4100,2014,5,7
41765,4160,2014,5,8
41766,7230,2014,5,9
41767,10200,2014,5,10
41768,9460,2014,5,11
41769,7490,2014,5,12
41770,5990,2014,5,13
41771,5700,2014,5,14
41772,5460,2014,5,15
41773,5150,2014,5,16
41774,4710,2014,5,17
41775,4770,2014,5,18
41776,4880,2014,5,19
41777,4630,2014,5,20
41778,4330,2014,5,21
41779,4030,2014,5,22
41780,3810,2014,5,23
41781,3750,2014,5,24
41782,3660,2014,5,25
41783,3500,2014,5,26
41784,3420,2014,5,27
41785,3260,2014,5,28
41786,3130,2014,5,29
41787,3140,2014,5,30
41788,3080,2014,5,31
41789,2930,2014,6,1
41790,2970,2014,6,2
41791,3230,2014,6,3
41792,3160,2014,6,4
41793,3280,2014,6,5
41794,3540,2014,6,6
41795,3510,2014,6,7
41796,3460,2014,6,8
41797,3450,2014,6,9
41798,3380,2014,6,10
41799,3330,2014,6,11
41800,3350,2014,6,12
41801,3410,2014,6,13
41802,3290,2014,6,14
41803,3120,2014,6,15
41804,3070,2014,6,16
41805,3170,2014,6,17
41806,3050,2014,6,18
41807,3020,2014,6,19
41808,2980,2014,6,20
41809,2960,2014,6,21
41810,3030,2014,6,22
41811,3400,2014,6,23
41812,3390,2014,6,24
41813,3090,2014,6,25
41814,3180,2014,6,26
41815,3240,2014,6,27
41816,3200,2014,6,28
41817,3040,2014,6,29
41818,3010,2014,6,30
41819,2880,2014,7,1
41820,2570,2014,7,2
41821,2510,2014,7,3
41822,2470,2014,7,4
41823,2490,2014,7,5
41824,2440,2014,7,6
41825,2390,2014,7,7
41826,2410,2014,7,8
41827,2400,2014,7,9
41828,2390,2014,7,10
41829,2350,2014,7,11
41830,2320,2014,7,12
41831,2330,2014,7,13
41832,2310,2014,7,14
41833,2260,2014,7,15
41834,2300,2014,7,16
41835,2260,2014,7,17
41836,2250,2014,7,18
41837,2250,2014,7,19
41838,2210,2014,7,20
41839,2260,2014,7,21
41840,2420,2014,7,22
41841,2490,2014,7,23
41842,2500,2014,7,24
41843,2430,2014,7,25
41844,2400,2014,7,26
41845,2360,2014,7,27
41846,2360,2014,7,28
41847,2360,2014,7,29
41848,2330,2014,7,30
41849,2450,2014,7,31
41850,2570,2014,8,1
41851,2540,2014,8,2
41852,2560,2014,8,3
41853,2680,2014,8,4
41854,2790,2014,8,5
41855,2740,2014,8,6
41856,2760,2014,8,7
41857,2750,2014,8,8
41858,2720,2014,8,9
41859,2730,2014,8,10
41860,2700,2014,8,11
41861,2790,2014,8,12
41862,2760,2014,8,13
41863,2800,2014,8,14
41864,2790,2014,8,15
41865,2780,2014,8,16
41866,2730,2014,8,17
41867,2750,2014,8,18
41868,2680,2014,8,19
41869,2540,2014,8,20
41870,2500,2014,8,21
41871,2500,2014,8,22
41872,2500,2014,8,23
41873,2490,2014,8,24
41874,2490,2014,8,25
41875,2480,2014,8,26
41876,2490,2014,8,27
41877,2480,2014,8,28
41878,2500,2014,8,29
41879,2480,2014,8,30
41880,2480,2014,8,31
41881,2460,2014,9,1
41882,2450,2014,9,2
41883,2450,2014,9,3
41884,2460,2014,9,4
41885,2450,2014,9,5
41886,2440,2014,9,6
41887,2440,2014,9,7
41888,2430,2014,9,8
41889,2430,2014,9,9
41890,2270,2014,9,10
41891,2020,2014,9,11
41892,2250,2014,9,12
41893,2410,2014,9,13
41894,2400,2014,9,14
41895,2420,2014,9,15
41896,2410,2014,9,16
41897,2400,2014,9,17
41898,2410,2014,9,18
41899,2430,2014,9,19
41900,2420,2014,9,20
41901,2390,2014,9,21
41902,2390,2014,9,22
41903,2390,2014,9,23
41904,2540,2014,9,24
41905,2560,2014,9,25
41906,2460,2014,9,26
41907,2420,2014,9,27
41908,2410,2014,9,28
41909,2420,2014,9,29
41910,2590,2014,9,30
41911,2580,2014,10,1
41912,2550,2014,10,2
41913,2530,2014,10,3
41914,2510,2014,10,4
41915,2500,2014,10,5
41916,2490,2014,10,6
41917,2480,2014,10,7
41918,2470,2014,10,8
41919,2460,2014,10,9
41920,2450,2014,10,10
41921,2440,2014,10,11
41922,2420,2014,10,12
41923,2400,2014,10,13
41924,2430,2014,10,14
41925,2520,2014,10,15
41926,2510,2014,10,16
41927,2470,2014,10,17
41928,2460,2014,10,18
41929,2440,2014,10,19
41930,2570,2014,10,20
41931,2660,2014,10,21
41932,2680,2014,10,22
41933,3540,2014,10,23
41934,3240,2014,10,24
41935,3310,2014,10,25
41936,4020,2014,10,26
41937,3810,2014,10,27
41938,3720,2014,10,28
41939,4230,2014,10,29
41940,4080,2014,10,30
41941,5260,2014,10,31
41942,4900,2014,11,1
41943,4460,2014,11,2
41944,4150,2014,11,3
41945,4070,2014,11,4
41946,3910,2014,11,5
41947,3670,2014,11,6
41948,3650,2014,11,7
41949,3540,2014,11,8
41950,3490,2014,11,9
41951,3450,2014,11,10
41952,3360,2014,11,11
41953,3360,2014,11,12
41954,3840,2014,11,13
41955,9350,2014,11,14
41956,6930,2014,11,15
41957,5740,2014,11,16
41958,5710,2014,11,17
41959,6030,2014,11,18
41960,5690,2014,11,19
41961,5510,2014,11,20
41962,5650,2014,11,21
41963,9560,2014,11,22
41964,8180,2014,11,23
41965,6880,2014,11,24
41966,5500,2014,11,25
41967,6410,2014,11,26
41968,7190,2014,11,27
41969,9090,2014,11,28
41970,12800,2014,11,29
41971,10100,2014,11,30
41972,9560,2014,12,1
41973,10000,2014,12,2
41974,9150,2014,12,3
41975,8650,2014,12,4
41976,8150,2014,12,5
41977,7970,2014,12,6
41978,7170,2014,12,7
41979,6640,2014,12,8
41980,5970,2014,12,9
41981,6020,2014,12,10
41982,5920,2014,12,11
41983,5530,2014,12,12
41984,5180,2014,12,13
41985,4970,2014,12,14
41986,4420,2014,12,15
41987,3860,2014,12,16
41988,3640,2014,12,17
41989,3570,2014,12,18
41990,3820,2014,12,19
41991,5860,2014,12,20
41992,19000,2014,12,21
41993,18100,2014,12,22
41994,16300,2014,12,23
41995,14900,2014,12,24
41996,13900,2014,12,25
41997,12800,2014,12,26
41998,12000,2014,12,27
41999,11400,2014,12,28
42000,10600,2014,12,29
42001,9290,2014,12,30
42002,8470,2014,12,31
42003,7960,2015,1,1
42004,7400,2015,1,2
42005,6000,2015,1,3
42006,5700,2015,1,4
42007,5540,2015,1,5
42008,5470,2015,1,6
42009,5400,2015,1,7
42010,5420,2015,1,8
42011,5330,2015,1,9
42012,5100,2015,1,10
42013,4880,2015,1,11
42014,4740,2015,1,12
42015,4440,2015,1,13
42016,4130,2015,1,14
42017,3800,2015,1,15
42018,4960,2015,1,16
42019,6560,2015,1,17
42020,9160,2015,1,18
42021,7710,2015,1,19
42022,6880,2015,1,20
42023,5810,2015,1,21
42024,5150,2015,1,22
42025,5070,2015,1,23
42026,5030,2015,1,24
42027,4890,2015,1,25
42028,4880,2015,1,26
42029,4610,2015,1,27
42030,4310,2015,1,28
42031,4190,2015,1,29
42032,4120,2015,1,30
42033,3730,2015,1,31
42034,3330,2015,2,1
42035,3480,2015,2,2
42036,3960,2015,2,3
42037,4640,2015,2,4
42038,4450,2015,2,5
42039,4820,2015,2,6
42040,7230,2015,2,7
42041,8420,2015,2,8
42042,7380,2015,2,9
42043,7430,2015,2,10
42044,6770,2015,2,11
42045,5750,2015,2,12
42046,5140,2015,2,13
42047,4580,2015,2,14
42048,4230,2015,2,15
42049,4100,2015,2,16
42050,3860,2015,2,17
42051,3570,2015,2,18
42052,3440,2015,2,19
42053,3180,2015,2,20
42054,3040,2015,2,21
42055,2950,2015,2,22
42056,3000,2015,2,23
42057,2880,2015,2,24
42058,2790,2015,2,25
42059,2750,2015,2,26
42060,2960,2015,2,27
42061,2870,2015,2,28
42062,2780,2015,3,1
42063,2720,2015,3,2
42064,2680,2015,3,3
42065,2680,2015,3,4
42066,2650,2015,3,5
42067,2530,2015,3,6
42068,2510,2015,3,7
42069,2500,2015,3,8
42070,2500,2015,3,9
42071,2470,2015,3,10
42072,2490,2015,3,11
42073,2560,2015,3,12
42074,2450,2015,3,13
42075,2490,2015,3,14
42076,3100,2015,3,15
42077,3180,2015,3,16
42078,2960,2015,3,17
42079,2790,2015,3,18
42080,2690,2015,3,19
42081,2660,2015,3,20
42082,2630,2015,3,21
42083,2570,2015,3,22
42084,2820,2015,3,23
42085,3310,2015,3,24
42086,3290,2015,3,25
42087,3210,2015,3,26
42088,3070,2015,3,27
42089,3020,2015,3,28
42090,2920,2015,3,29
42091,2920,2015,3,30
42092,3000,2015,3,31
42093,3090,2015,4,1
42094,3140,2015,4,2
42095,3110,2015,4,3
42096,2960,2015,4,4
42097,2980,2015,4,5
42098,2920,2015,4,6
42099,2930,2015,4,7
42100,3090,2015,4,8
42101,3060,2015,4,9
42102,3010,2015,4,10
42103,2980,2015,4,11
42104,2930,2015,4,12
42105,3020,2015,4,13
42106,3150,2015,4,14
42107,3070,2015,4,15
42108,3110,2015,4,16
42109,3090,2015,4,17
42110,2940,2015,4,18
42111,2890,2015,4,19
42112,2850,2015,4,20
42113,2820,2015,4,21
42114,2670,2015,4,22
42115,2640,2015,4,23
42116,2680,2015,4,24
42117,2760,2015,4,25
42118,2820,2015,4,26
42119,2760,2015,4,27
42120,2700,2015,4,28
42121,2590,2015,4,29
42122,2500,2015,4,30
42123,2480,2015,5,1
42124,2450,2015,5,2
42125,2450,2015,5,3
42126,2500,2015,5,4
42127,2360,2015,5,5
42128,2370,2015,5,6
42129,2360,2015,5,7
42130,2310,2015,5,8
42131,2230,2015,5,9
42132,2220,2015,5,10
42133,2250,2015,5,11
42134,2350,2015,5,12
42135,2240,2015,5,13
42136,2260,2015,5,14
42137,2290,2015,5,15
42138,2210,2015,5,16
42139,2190,2015,5,17
42140,2250,2015,5,18
42141,2350,2015,5,19
42142,2320,2015,5,20
42143,2340,2015,5,21
42144,2540,2015,5,22
42145,2420,2015,5,23
42146,2350,2015,5,24
42147,2300,2015,5,25
42148,2280,2015,5,26
42149,2280,2015,5,27
42150,2260,2015,5,28
42151,2250,2015,5,29
42152,2210,2015,5,30
42153,2200,2015,5,31
42154,2190,2015,6,1
42155,2210,2015,6,2
42156,2210,2015,6,3
42157,2150,2015,6,4
42158,2120,2015,6,5
42159,2100,2015,6,6
42160,2100,2015,6,7
42161,2110,2015,6,8
42162,2090,2015,6,9
42163,2100,2015,6,10
42164,2240,2015,6,11
42165,2250,2015,6,12
42166,2200,2015,6,13
42167,2190,2015,6,14
42168,2200,2015,6,15
42169,2210,2015,6,16
42170,2130,2015,6,17
42171,2040,2015,6,18
42172,2030,2015,6,19
42173,2040,2015,6,20
42174,2050,2015,6,21
42175,2030,2015,6,22
42176,2010,2015,6,23
42177,1990,2015,6,24
42178,1980,2015,6,25
42179,1990,2015,6,26
42180,2010,2015,6,27
42181,2010,2015,6,28
42182,2010,2015,6,29
42183,2000,2015,6,30
42184,1990,2015,7,1
42185,1990,2015,7,2
42186,1980,2015,7,3
42187,1980,2015,7,4
42188,1980,2015,7,5
42189,1960,2015,7,6
42190,1970,2015,7,7
42191,1970,2015,7,8
42192,1980,2015,7,9
42193,1990,2015,7,10
42194,1900,2015,7,11
42195,1880,2015,7,12
42196,1880,2015,7,13
42197,1890,2015,7,14
42198,1890,2015,7,15
42199,1970,2015,7,16
42200,1960,2015,7,17
42201,1940,2015,7,18
42202,1940,2015,7,19
42203,1900,2015,7,20
42204,1880,2015,7,21
42205,1880,2015,7,22
42206,1920,2015,7,23
42207,1910,2015,7,24
42208,1920,2015,7,25
42209,1880,2015,7,26
42210,1860,2015,7,27
42211,1820,2015,7,28
42212,1830,2015,7,29
42213,1810,2015,7,30
42214,1810,2015,7,31
42215,1810,2015,8,1
42216,1840,2015,8,2
42217,1870,2015,8,3
42218,1870,2015,8,4
42219,1870,2015,8,5
42220,1860,2015,8,6
42221,1840,2015,8,7
42222,1820,2015,8,8
42223,1820,2015,8,9
42224,1830,2015,8,10
42225,1850,2015,8,11
42226,1860,2015,8,12
42227,1850,2015,8,13
42228,1850,2015,8,14
42229,1860,2015,8,15
42230,1850,2015,8,16
42231,1850,2015,8,17
42232,1840,2015,8,18
42233,1830,2015,8,19
42234,1830,2015,8,20
42235,1830,2015,8,21
42236,1810,2015,8,22
42237,1810,2015,8,23
42238,1820,2015,8,24
42239,1820,2015,8,25
42240,1810,2015,8,26
42241,1760,2015,8,27
42242,1740,2015,8,28
42243,1770,2015,8,29
42244,1780,2015,8,30
42245,1800,2015,8,31
42246,1750,2015,9,1
42247,1770,2015,9,2
42248,1790,2015,9,3
42249,1780,2015,9,4
42250,1800,2015,9,5
42251,1780,2015,9,6
42252,1760,2015,9,7
42253,1740,2015,9,8
42254,1730,2015,9,9
42255,1720,2015,9,10
42256,1720,2015,9,11
42257,1720,2015,9,12
42258,1720,2015,9,13
42259,1730,2015,9,14
42260,1730,2015,9,15
42261,1730,2015,9,16
42262,1960,2015,9,17
42263,1860,2015,9,18
42264,1770,2015,9,19
42265,1760,2015,9,20
42266,1740,2015,9,21
42267,1740,2015,9,22
42268,1730,2015,9,23
42269,1730,2015,9,24
42270,1740,2015,9,25
42271,1730,2015,9,26
42272,1710,2015,9,27
42273,1710,2015,9,28
42274,1720,2015,9,29
42275,1720,2015,9,30
42276,1700,2015,10,1
42277,1700,2015,10,2
42278,1700,2015,10,3
42279,1700,2015,10,4
42280,1710,2015,10,5
42281,1710,2015,10,6
42282,1690,2015,10,7
42283,1720,2015,10,8
42284,1750,2015,10,9
42285,1780,2015,10,10
42286,1830,2015,10,11
42287,1790,2015,10,12
42288,1770,2015,10,13
42289,1780,2015,10,14
42290,1770,2015,10,15
42291,1750,2015,10,16
42292,1760,2015,10,17
42293,1760,2015,10,18
42294,1780,2015,10,19
42295,1770,2015,10,20
42296,1740,2015,10,21
42297,1640,2015,10,22
42298,1630,2015,10,23
42299,1630,2015,10,24
42300,1670,2015,10,25
42301,1720,2015,10,26
42302,1670,2015,10,27
42303,1700,2015,10,28
42304,1770,2015,10,29
42305,1730,2015,10,30
42306,1810,2015,10,31
42307,2520,2015,11,1
42308,2140,2015,11,2
42309,1920,2015,11,3
42310,1820,2015,11,4
42311,1760,2015,11,5
42312,1720,2015,11,6
42313,1710,2015,11,7
42314,1920,2015,11,8
42315,2240,2015,11,9
42316,2320,2015,11,10
42317,2250,2015,11,11
42318,2290,2015,11,12
42319,2400,2015,11,13
42320,2410,2015,11,14
42321,2430,2015,11,15
42322,2450,2015,11,16
42323,3100,2015,11,17
42324,4630,2015,11,18
42325,6670,2015,11,19
42326,6210,2015,11,20
42327,5070,2015,11,21
42328,4540,2015,11,22
42329,4130,2015,11,23
42330,4170,2015,11,24
42331,4070,2015,11,25
42332,3790,2015,11,26
42333,3530,2015,11,27
42334,3300,2015,11,28
42335,3220,2015,11,29
42336,3240,2015,11,30
42337,3140,2015,12,1
42338,3380,2015,12,2
42339,3500,2015,12,3
42340,3900,2015,12,4
42341,3830,2015,12,5
42342,3700,2015,12,6
42343,7880,2015,12,7
42344,8410,2015,12,8
42345,8430,2015,12,9
42346,9020,2015,12,10
42347,9730,2015,12,11
42348,10500,2015,12,12
42349,12900,2015,12,13
42350,10800,2015,12,14
42351,9710,2015,12,15
42352,8940,2015,12,16
42353,12600,2015,12,17
42354,16900,2015,12,18
42355,13400,2015,12,19
42356,10500,2015,12,20
42357,9360,2015,12,21
42358,10200,2015,12,22
42359,11100,2015,12,23
42360,10400,2015,12,24
42361,9720,2015,12,25
42362,8990,2015,12,26
42363,8500,2015,12,27
42364,7560,2015,12,28
42365,5960,2015,12,29
42366,4940,2015,12,30
42367,4090,2015,12,31
42368,3910,2016,1,1
42369,3760,2016,1,2
42370,3640,2016,1,3
42371,3560,2016,1,4
42372,3520,2016,1,5
42373,3420,2016,1,6
42374,3340,2016,1,7
42375,3270,2016,1,8
42376,3230,2016,1,9
42377,3280,2016,1,10
42378,3260,2016,1,11
42379,3460,2016,1,12
42380,4410,2016,1,13
42381,4950,2016,1,14
42382,5440,2016,1,15
42383,5530,2016,1,16
42384,7350,2016,1,17
42385,8210,2016,1,18
42386,8300,2016,1,19
42387,9030,2016,1,20
42388,8370,2016,1,21
42389,8230,2016,1,22
42390,8120,2016,1,23
42391,8110,2016,1,24
42392,7580,2016,1,25
42393,7030,2016,1,26
42394,6810,2016,1,27
42395,7700,2016,1,28
42396,10000,2016,1,29
42397,10000,2016,1,30
42398,8840,2016,1,31
42399,7560,2016,2,1
42400,6110,2016,2,2
42401,5550,2016,2,3
42402,5510,2016,2,4
42403,5220,2016,2,5
42404,5040,2016,2,6
42405,4970,2016,2,7
42406,4850,2016,2,8
42407,4880,2016,2,9
42408,4870,2016,2,10
42409,5000,2016,2,11
42410,5270,2016,2,12
42411,5410,2016,2,13
42412,7470,2016,2,14
42413,8790,2016,2,15
42414,8100,2016,2,16
42415,7890,2016,2,17
42416,8140,2016,2,18
42417,7650,2016,2,19
42418,6170,2016,2,20
42419,5680,2016,2,21
42420,5250,2016,2,22
42421,4810,2016,2,23
42422,4530,2016,2,24
42423,4520,2016,2,25
42424,4830,2016,2,26
42425,5310,2016,2,27
42426,5430,2016,2,28
42427,5180,2016,2,29
42428,5080,2016,3,1
42429,6100,2016,3,2
42430,6190,2016,3,3
42431,6260,2016,3,4
42432,6450,2016,3,5
42433,7200,2016,3,6
42434,6920,2016,3,7
42435,6520,2016,3,8
42436,6360,2016,3,9
42437,6960,2016,3,10
42438,6690,2016,3,11
42439,6730,2016,3,12
42440,7410,2016,3,13
42441,9060,2016,3,14
42442,8590,2016,3,15
42443,8160,2016,3,16
42444,8220,2016,3,17
42445,8760,2016,3,18
42446,7950,2016,3,19
42447,8040,2016,3,20
42448,7970,2016,3,21
42449,7650,2016,3,22
42450,7040,2016,3,23
42451,6810,2016,3,24
42452,6850,2016,3,25
42453,6480,2016,3,26
42454,6040,2016,3,27
42455,5810,2016,3,28
42456,5450,2016,3,29
42457,5090,2016,3,30
42458,4610,2016,3,31
42459,4240,2016,4,1
42460,4010,2016,4,2
42461,4060,2016,4,3
42462,4240,2016,4,4
42463,3990,2016,4,5
42464,3800,2016,4,6
42465,3740,2016,4,7
42466,3880,2016,4,8
42467,3880,2016,4,9
42468,3810,2016,4,10
42469,3710,2016,4,11
42470,3630,2016,4,12
42471,3570,2016,4,13
42472,3850,2016,4,14
42473,4280,2016,4,15
42474,3920,2016,4,16
42475,3740,2016,4,17
42476,3740,2016,4,18
42477,3730,2016,4,19
42478,3750,2016,4,20
42479,3710,2016,4,21
42480,3920,2016,4,22
42481,3780,2016,4,23
42482,4170,2016,4,24
42483,4250,2016,4,25
42484,3910,2016,4,26
42485,3600,2016,4,27
42486,3440,2016,4,28
42487,3280,2016,4,29
42488,3320,2016,4,30
42489,3220,2016,5,1
42490,3230,2016,5,2
42491,3170,2016,5,3
42492,3080,2016,5,4
42493,3030,2016,5,5
42494,3060,2016,5,6
42495,3180,2016,5,7
42496,3250,2016,5,8
42497,3170,2016,5,9
42498,3020,2016,5,10
42499,2890,2016,5,11
42500,2890,2016,5,12
42501,2980,2016,5,13
42502,2930,2016,5,14
42503,2760,2016,5,15
42504,2730,2016,5,16
42505,2620,2016,5,17
42506,2550,2016,5,18
42507,2900,2016,5,19
42508,2880,2016,5,20
42509,2930,2016,5,21
42510,2890,2016,5,22
42511,2950,2016,5,23
42512,2980,2016,5,24
42513,2930,2016,5,25
42514,2800,2016,5,26
42515,2680,2016,5,27
42516,2590,2016,5,28
42517,2550,2016,5,29
42518,2520,2016,5,30
42519,2600,2016,5,31
42520,2600,2016,6,1
42521,2520,2016,6,2
42522,2610,2016,6,3
42523,2760,2016,6,4
42524,2780,2016,6,5
42525,2810,2016,6,6
42526,2820,2016,6,7
42527,2770,2016,6,8
42528,2670,2016,6,9
42529,2700,2016,6,10
42530,2670,2016,6,11
42531,2610,2016,6,12
42532,2560,2016,6,13
42533,2620,2016,6,14
42534,2580,2016,6,15
42535,2530,2016,6,16
42536,2410,2016,6,17
42537,2430,2016,6,18
42538,2420,2016,6,19
42539,2340,2016,6,20
42540,2170,2016,6,21
42541,2070,2016,6,22
42542,2040,2016,6,23
42543,2060,2016,6,24
42544,2000,2016,6,25
42545,1990,2016,6,26
42546,2030,2016,6,27
42547,2020,2016,6,28
42548,2020,2016,6,29
42549,1980,2016,6,30
42550,1970,2016,7,1
42551,1970,2016,7,2
42552,1950,2016,7,3
42553,1930,2016,7,4
42554,1920,2016,7,5
42555,1920,2016,7,6
42556,1940,2016,7,7
42557,1990,2016,7,8
42558,2110,2016,7,9
42559,2080,2016,7,10
42560,2090,2016,7,11
42561,2010,2016,7,12
42562,1950,2016,7,13
42563,1930,2016,7,14
42564,2050,2016,7,15
42565,2190,2016,7,16
42566,2180,2016,7,17
42567,2170,2016,7,18
42568,2170,2016,7,19
42569,2170,2016,7,20
42570,2200,2016,7,21
42571,2140,2016,7,22
42572,2130,2016,7,23
42573,2120,2016,7,24
42574,2110,2016,7,25
42575,2110,2016,7,26
42576,2100,2016,7,27
42577,2090,2016,7,28
42578,2090,2016,7,29
42579,2070,2016,7,30
42580,2060,2016,7,31
42581,2030,2016,8,1
42582,1990,2016,8,2
42583,2020,2016,8,3
42584,2010,2016,8,4
42585,2010,2016,8,5
42586,2020,2016,8,6
42587,2020,2016,8,7
42588,2020,2016,8,8
42589,2000,2016,8,9
42590,1980,2016,8,10
42591,1970,2016,8,11
42592,1970,2016,8,12
42593,2010,2016,8,13
42594,1940,2016,8,14
42595,1940,2016,8,15
42596,1940,2016,8,16
42597,1930,2016,8,17
42598,1930,2016,8,18
42599,1930,2016,8,19
42600,1920,2016,8,20
42601,1920,2016,8,21
42602,1910,2016,8,22
42603,1910,2016,8,23
42604,1900,2016,8,24
42605,1890,2016,8,25
42606,1910,2016,8,26
42607,1910,2016,8,27
42608,1910,2016,8,28
42609,1910,2016,8,29
42610,1900,2016,8,30
42611,1940,2016,8,31
42612,1920,2016,9,1
42613,1930,2016,9,2
42614,1890,2016,9,3
42615,1890,2016,9,4
42616,1890,2016,9,5
42617,1890,2016,9,6
42618,1910,2016,9,7
42619,1900,2016,9,8
42620,1860,2016,9,9
42621,1850,2016,9,10
42622,1840,2016,9,11
42623,1850,2016,9,12
42624,1850,2016,9,13
42625,1860,2016,9,14
42626,1860,2016,9,15
42627,1850,2016,9,16
42628,1850,2016,9,17
42629,1880,2016,9,18
42630,1900,2016,9,19
42631,1880,2016,9,20
42632,1900,2016,9,21
42633,1920,2016,9,22
42634,1910,2016,9,23
42635,1910,2016,9,24
42636,1890,2016,9,25
42637,1880,2016,9,26
42638,1880,2016,9,27
42639,1860,2016,9,28
42640,1870,2016,9,29
42641,1860,2016,9,30
42642,1840,2016,10,1
42643,1850,2016,10,2
42644,1860,2016,10,3
42645,1930,2016,10,4
42646,2150,2016,10,5
42647,2190,2016,10,6
42648,2020,2016,10,7
42649,1990,2016,10,8
42650,1910,2016,10,9
42651,1940,2016,10,10
42652,1970,2016,10,11
42653,2070,2016,10,12
42654,2190,2016,10,13
42655,3320,2016,10,14
42656,3410,2016,10,15
42657,4070,2016,10,16
42658,4460,2016,10,17
42659,5940,2016,10,18
42660,4520,2016,10,19
42661,4460,2016,10,20
42662,6580,2016,10,21
42663,6050,2016,10,22
42664,5200,2016,10,23
42665,4740,2016,10,24
42666,4620,2016,10,25
42667,4590,2016,10,26
42668,5360,2016,10,27
42669,6020,2016,10,28
42670,5710,2016,10,29
42671,5420,2016,10,30
42672,5500,2016,10,31
42673,5320,2016,11,1
42674,4720,2016,11,2
42675,3620,2016,11,3
42676,3280,2016,11,4
42677,3220,2016,11,5
42678,3320,2016,11,6
42679,3220,2016,11,7
42680,3170,2016,11,8
42681,3120,2016,11,9
42682,3020,2016,11,10
42683,2960,2016,11,11
42684,2930,2016,11,12
42685,2910,2016,11,13
42686,3130,2016,11,14
42687,4390,2016,11,15
42688,4640,2016,11,16
42689,4380,2016,11,17
42690,3900,2016,11,18
42691,3640,2016,11,19
42692,3540,2016,11,20
42693,3780,2016,11,21
42694,3930,2016,11,22
42695,4750,2016,11,23
42696,5190,2016,11,24
42697,5020,2016,11,25
42698,5040,2016,11,26
42699,4900,2016,11,27
42700,5910,2016,11,28
42701,6300,2016,11,29
42702,5760,2016,11,30
42703,5640,2016,12,1
42704,5070,2016,12,2
42705,4590,2016,12,3
42706,5070,2016,12,4
42707,5360,2016,12,5
42708,4890,2016,12,6
42709,4420,2016,12,7
42710,4360,2016,12,8
42711,6320,2016,12,9
42712,9060,2016,12,10
42713,8620,2016,12,11
42714,7880,2016,12,12
42715,6340,2016,12,13
42716,5710,2016,12,14
42717,6870,2016,12,15
42718,5910,2016,12,16
42719,5280,2016,12,17
42720,4780,2016,12,18
42721,4510,2016,12,19
42722,6900,2016,12,20
42723,7540,2016,12,21
42724,6460,2016,12,22
42725,6160,2016,12,23
42726,5910,2016,12,24
42727,5380,2016,12,25
42728,4830,2016,12,26
42729,5240,2016,12,27
42730,5370,2016,12,28
42731,5070,2016,12,29
42732,4820,2016,12,30
42733,4520,2016,12,31
42734,4290,2017,1,1
42735,4190,2017,1,2
42736,4070,2017,1,3
42737,3860,2017,1,4
42738,3680,2017,1,5
42739,3630,2017,1,6
42740,3540,2017,1,7
42741,3660,2017,1,8
42742,4620,2017,1,9
42743,4840,2017,1,10
42744,4880,2017,1,11
42745,4680,2017,1,12
42746,4330,2017,1,13
42747,4160,2017,1,14
42748,3840,2017,1,15
42749,3550,2017,1,16
42750,3380,2017,1,17
42751,4520,2017,1,18
42752,5010,2017,1,19
42753,4680,2017,1,20
42754,4440,2017,1,21
42755,4290,2017,1,22
42756,4240,2017,1,23
42757,4320,2017,1,24
42758,4140,2017,1,25
42759,4180,2017,1,26
42760,4120,2017,1,27
42761,3980,2017,1,28
42762,3860,2017,1,29
42763,3880,2017,1,30
42764,3750,2017,1,31
42765,3520,2017,2,1
42766,3370,2017,2,2
42767,3120,2017,2,3
42768,3710,2017,2,4
42769,5570,2017,2,5
42770,5750,2017,2,6
42771,5390,2017,2,7
42772,5760,2017,2,8
42773,9390,2017,2,9
42774,10900,2017,2,10
42775,9520,2017,2,11
42776,7890,2017,2,12
42777,6510,2017,2,13
42778,6040,2017,2,14
42779,5510,2017,2,15
42780,6440,2017,2,16
42781,7260,2017,2,17
42782,6650,2017,2,18
42783,6380,2017,2,19
42784,6320,2017,2,20
42785,7240,2017,2,21
42786,7240,2017,2,22
42787,6060,2017,2,23
42788,5140,2017,2,24
42789,4480,2017,2,25
42790,4020,2017,2,26
42791,3880,2017,2,27
42792,3740,2017,2,28
42793,3620,2017,3,1
42794,3470,2017,3,2
42795,3420,2017,3,3
42796,3720,2017,3,4
42797,3660,2017,3,5
42798,3620,2017,3,6
42799,3970,2017,3,7
42800,6300,2017,3,8
42801,11900,2017,3,9
42802,12300,2017,3,10
42803,10200,2017,3,11
42804,9140,2017,3,12
42805,8670,2017,3,13
42806,9650,2017,3,14
42807,9400,2017,3,15
42808,10600,2017,3,16
42809,9320,2017,3,17
42810,9700,2017,3,18
42811,10400,2017,3,19
42812,9540,2017,3,20
42813,9340,2017,3,21
42814,9270,2017,3,22
42815,8130,2017,3,23
42816,8970,2017,3,24
42817,9390,2017,3,25
42818,9280,2017,3,26
42819,10800,2017,3,27
42820,10100,2017,3,28
42821,10200,2017,3,29
42822,11500,2017,3,30
42823,10200,2017,3,31
42824,8700,2017,4,1
42825,7800,2017,4,2
42826,7430,2017,4,3
42827,6780,2017,4,4
42828,6400,2017,4,5
42829,6200,2017,4,6
42830,6110,2017,4,7
42831,6000,2017,4,8
42832,5860,2017,4,9
42833,5690,2017,4,10
42834,5200,2017,4,11
42835,5110,2017,4,12
42836,5080,2017,4,13
42837,4990,2017,4,14
42838,4600,2017,4,15
42839,4270,2017,4,16
42840,4250,2017,4,17
42841,4880,2017,4,18
42842,5150,2017,4,19
42843,5450,2017,4,20
42844,5460,2017,4,21
42845,5510,2017,4,22
42846,5600,2017,4,23
42847,7330,2017,4,24
42848,9090,2017,4,25
42849,10600,2017,4,26
42850,10600,2017,4,27
42851,9480,2017,4,28
42852,8180,2017,4,29
42853,7650,2017,4,30
42854,7250,2017,5,1
42855,6320,2017,5,2
42856,6100,2017,5,3
42857,6450,2017,5,4
42858,7310,2017,5,5
42859,7490,2017,5,6
42860,6800,2017,5,7
42861,6090,2017,5,8
42862,5720,2017,5,9
42863,5580,2017,5,10
42864,5650,2017,5,11
42865,5940,2017,5,12
42866,6200,2017,5,13
42867,6080,2017,5,14
42868,6000,2017,5,15
42869,6980,2017,5,16
42870,7480,2017,5,17
42871,6970,2017,5,18
42872,6560,2017,5,19
42873,6190,2017,5,20
42874,6050,2017,5,21
42875,6160,2017,5,22
42876,6600,2017,5,23
42877,6430,2017,5,24
42878,6110,2017,5,25
42879,5630,2017,5,26
42880,5210,2017,5,27
42881,5210,2017,5,28
42882,5200,2017,5,29
42883,5230,2017,5,30
42884,5060,2017,5,31
42885,4680,2017,6,1
42886,4490,2017,6,2
42887,4370,2017,6,3
42888,4130,2017,6,4
42889,4050,2017,6,5
42890,3880,2017,6,6
42891,3820,2017,6,7
42892,4060,2017,6,8
42893,4050,2017,6,9
42894,4000,2017,6,10
42895,3980,2017,6,11
42896,3850,2017,6,12
42897,3720,2017,6,13
42898,3680,2017,6,14
42899,3610,2017,6,15
42900,3640,2017,6,16
42901,3560,2017,6,17
42902,3520,2017,6,18
42903,3520,2017,6,19
42904,3430,2017,6,20
42905,3140,2017,6,21
42906,3030,2017,6,22
42907,2940,2017,6,23
42908,2930,2017,6,24
42909,2910,2017,6,25
42910,2880,2017,6,26
42911,2860,2017,6,27
42912,2780,2017,6,28
42913,2710,2017,6,29
42914,2650,2017,6,30
42915,2710,2017,7,1
42916,2670,2017,7,2
42917,2650,2017,7,3
42918,2640,2017,7,4
42919,2570,2017,7,5
42920,2570,2017,7,6
42921,2570,2017,7,7
42922,2500,2017,7,8
42923,2480,2017,7,9
42924,2460,2017,7,10
42925,2440,2017,7,11
42926,2410,2017,7,12
42927,2410,2017,7,13
42928,2400,2017,7,14
42929,2450,2017,7,15
42930,2420,2017,7,16
42931,2400,2017,7,17
42932,2380,2017,7,18
42933,2390,2017,7,19
42934,2410,2017,7,20
42935,2400,2017,7,21
42936,2380,2017,7,22
42937,2370,2017,7,23
42938,2340,2017,7,24
42939,2340,2017,7,25
42940,2320,2017,7,26
42941,2300,2017,7,27
42942,2290,2017,7,28
42943,2270,2017,7,29
42944,2260,2017,7,30
42945,2610,2017,7,31
42946,2930,2017,8,1
42947,3360,2017,8,2
42948,3370,2017,8,3
42949,3420,2017,8,4
42950,3370,2017,8,5
42951,3370,2017,8,6
42952,3370,2017,8,7
42953,3380,2017,8,8
42954,3390,2017,8,9
42955,3350,2017,8,10
42956,3330,2017,8,11
42957,3320,2017,8,12
42958,3310,2017,8,13
42959,3310,2017,8,14
42960,3290,2017,8,15
42961,3280,2017,8,16
42962,3270,2017,8,17
42963,3260,2017,8,18
42964,3240,2017,8,19
42965,3230,2017,8,20
42966,3260,2017,8,21
42967,3220,2017,8,22
42968,3250,2017,8,23
42969,3210,2017,8,24
42970,3190,2017,8,25
42971,3140,2017,8,26
42972,3120,2017,8,27
42973,3200,2017,8,28
42974,3230,2017,8,29
42975,3110,2017,8,30
42976,3010,2017,8,31
42977,2470,2017,9,1
42978,2390,2017,9,2
42979,2370,2017,9,3
42980,2370,2017,9,4
42981,2370,2017,9,5
42982,2350,2017,9,6
42983,2310,2017,9,7
42984,2370,2017,9,8
42985,2250,2017,9,9
42986,2180,2017,9,10
42987,2090,2017,9,11
42988,2060,2017,9,12
42989,2050,2017,9,13
42990,2050,2017,9,14
42991,2050,2017,9,15
42992,2050,2017,9,16
42993,2050,2017,9,17
42994,2170,2017,9,18
42995,2640,2017,9,19
42996,3280,2017,9,20
42997,2850,2017,9,21
42998,2500,2017,9,22
42999,2390,2017,9,23
43000,2340,2017,9,24
43001,2310,2017,9,25
43002,2290,2017,9,26
43003,2270,2017,9,27
43004,2250,2017,9,28
43005,2240,2017,9,29
43006,2240,2017,9,30
43007,2260,2017,10,1
43008,2260,2017,10,2
43009,2230,2017,10,3
43010,2230,2017,10,4
43011,2130,2017,10,5
43012,2020,2017,10,6
43013,2020,2017,10,7
43014,2050,2017,10,8
43015,2030,2017,10,9
43016,2170,2017,10,10
43017,2960,2017,10,11
43018,3220,2017,10,12
43019,4210,2017,10,13
43020,3560,2017,10,14
43021,3250,2017,10,15
43022,3140,2017,10,16
43023,3140,2017,10,17
43024,3090,2017,10,18
43025,3950,2017,10,19
43026,5110,2017,10,20
43027,6970,2017,10,21
43028,11300,2017,10,22
43029,7780,2017,10,23
43030,6330,2017,10,24
43031,6110,2017,10,25
43032,5960,2017,10,26
43033,5740,2017,10,27
43034,5600,2017,10,28
43035,5420,2017,10,29
43036,5250,2017,10,30
43037,5140,2017,10,31
43038,4910,2017,11,1
43039,4860,2017,11,2
43040,5440,2017,11,3
43041,5230,2017,11,4
43042,5270,2017,11,5
43043,5210,2017,11,6
43044,4960,2017,11,7
43045,4770,2017,11,8
43046,4520,2017,11,9
43047,5740,2017,11,10
43048,5250,2017,11,11
43049,4900,2017,11,12
43050,5270,2017,11,13
43051,5380,2017,11,14
43052,5170,2017,11,15
43053,5700,2017,11,16
43054,5950,2017,11,17
43055,6020,2017,11,18
43056,5460,2017,11,19
43057,6930,2017,11,20
43058,9290,2017,11,21
43059,10600,2017,11,22
43060,13700,2017,11,23
43061,14700,2017,11,24
43062,11900,2017,11,25
43063,10200,2017,11,26
43064,9390,2017,11,27
43065,8340,2017,11,28
43066,7850,2017,11,29
43067,7360,2017,11,30
43068,6700,2017,12,1
43069,5870,2017,12,2
43070,5280,2017,12,3
43071,4660,2017,12,4
43072,4250,2017,12,5
43073,4020,2017,12,6
43074,3810,2017,12,7
43075,3490,2017,12,8
43076,3370,2017,12,9
43077,3260,2017,12,10
43078,3260,2017,12,11
43079,3100,2017,12,12
43080,2950,2017,12,13
43081,2940,2017,12,14
43082,2870,2017,12,15
43083,2810,2017,12,16
43084,2830,2017,12,17
43085,2680,2017,12,18
43086,2760,2017,12,19
43087,2960,2017,12,20
43088,2810,2017,12,21
43089,2840,2017,12,22
43090,2930,2017,12,23
43091,2960,2017,12,24
43092,3120,2017,12,25
43093,3090,2017,12,26
43094,3260,2017,12,27
43095,3280,2017,12,28
43096,4690,2017,12,29
43097,7020,2017,12,30
43098,5590,2017,12,31
43099,4900,2018,1,1
43100,4610,2018,1,2
43101,4130,2018,1,3
43102,3850,2018,1,4
43103,3730,2018,1,5
43104,3740,2018,1,6
43105,3610,2018,1,7
43106,3590,2018,1,8
43107,3800,2018,1,9
43108,3890,2018,1,10
43109,4650,2018,1,11
43110,6690,2018,1,12
43111,5840,2018,1,13
43112,5390,2018,1,14
43113,5240,2018,1,15
43114,4660,2018,1,16
43115,4960,2018,1,17
43116,5760,2018,1,18
43117,5900,2018,1,19
43118,5580,2018,1,20
43119,5360,2018,1,21
43120,5530,2018,1,22
43121,5550,2018,1,23
43122,6550,2018,1,24
43123,7200,2018,1,25
43124,6710,2018,1,26
43125,7070,2018,1,27
43126,8190,2018,1,28
43127,7620,2018,1,29
43128,7550,2018,1,30
43129,7120,2018,1,31
43130,6650,2018,2,1
43131,6270,2018,2,2
43132,5960,2018,2,3
43133,5550,2018,2,4
43134,5140,2018,2,5
43135,4460,2018,2,6
43136,4020,2018,2,7
43137,3770,2018,2,8
43138,3580,2018,2,9
43139,3430,2018,2,10
43140,3300,2018,2,11
43141,3240,2018,2,12
43142,3090,2018,2,13
43143,3000,2018,2,14
43144,2920,2018,2,15
43145,2770,2018,2,16
43146,2810,2018,2,17
43147,3410,2018,2,18
43148,3140,2018,2,19
43149,3010,2018,2,20
43150,2990,2018,2,21
43151,2930,2018,2,22
43152,2840,2018,2,23
43153,2880,2018,2,24
43154,3160,2018,2,25
43155,3360,2018,2,26
43156,3010,2018,2,27
43157,2970,2018,2,28
43158,3290,2018,3,1
43159,3240,2018,3,2
43160,3010,2018,3,3
43161,2890,2018,3,4
43162,2840,2018,3,5
43163,2850,2018,3,6
43164,2930,2018,3,7
43165,3180,2018,3,8
43166,4250,2018,3,9
43167,4050,2018,3,10
43168,3740,2018,3,11
43169,3790,2018,3,12
43170,4110,2018,3,13
43171,4330,2018,3,14
43172,3960,2018,3,15
43173,3710,2018,3,16
43174,3560,2018,3,17
43175,3420,2018,3,18
43176,3290,2018,3,19
43177,3200,2018,3,20
43178,3160,2018,3,21
43179,3480,2018,3,22
43180,3510,2018,3,23
43181,3480,2018,3,24
43182,3420,2018,3,25
43183,3320,2018,3,26
43184,3260,2018,3,27
43185,3310,2018,3,28
43186,3320,2018,3,29
43187,3110,2018,3,30
43188,3290,2018,3,31
43189,3290,2018,4,1
43190,3430,2018,4,2
43191,3270,2018,4,3
43192,3180,2018,4,4
43193,3300,2018,4,5
43194,4170,2018,4,6
43195,5330,2018,4,7
43196,6910,2018,4,8
43197,6410,2018,4,9
43198,5920,2018,4,10
43199,5970,2018,4,11
43200,6050,2018,4,12
43201,6000,2018,4,13
43202,5870,2018,4,14
43203,5850,2018,4,15
43204,5900,2018,4,16
43205,5970,2018,4,17
43206,5200,2018,4,18
43207,4760,2018,4,19
43208,4530,2018,4,20
43209,4360,2018,4,21
43210,4210,2018,4,22
43211,4070,2018,4,23
43212,4010,2018,4,24
43213,4060,2018,4,25
43214,4270,2018,4,26
43215,4540,2018,4,27
43216,4350,2018,4,28
43217,4260,2018,4,29
43218,4070,2018,4,30
43219,3760,2018,5,1
43220,3580,2018,5,2
43221,3420,2018,5,3
43222,3400,2018,5,4
43223,3390,2018,5,5
43224,3400,2018,5,6
43225,3360,2018,5,7
43226,3400,2018,5,8
43227,3690,2018,5,9
43228,4000,2018,5,10
43229,3930,2018,5,11
43230,3830,2018,5,12
43231,3790,2018,5,13
43232,4020,2018,5,14
43233,4450,2018,5,15
43234,4450,2018,5,16
43235,4350,2018,5,17
43236,4280,2018,5,18
43237,4220,2018,5,19
43238,4150,2018,5,20
43239,4100,2018,5,21
43240,4400,2018,5,22
43241,4700,2018,5,23
43242,4800,2018,5,24
43243,5070,2018,5,25
43244,4950,2018,5,26
43245,4870,2018,5,27
43246,4850,2018,5,28
43247,4880,2018,5,29
43248,4920,2018,5,30
43249,4890,2018,5,31
43250,4830,2018,6,1
43251,4770,2018,6,2
43252,4730,2018,6,3
43253,4690,2018,6,4
43254,4630,2018,6,5
43255,4590,2018,6,6
43256,4540,2018,6,7
43257,4500,2018,6,8
43258,4670,2018,6,9
43259,4670,2018,6,10
43260,4190,2018,6,11
43261,3500,2018,6,12
43262,2890,2018,6,13
43263,2620,2018,6,14
43264,2550,2018,6,15
43265,2530,2018,6,16
43266,2530,2018,6,17
43267,2530,2018,6,18
43268,2530,2018,6,19
43269,2510,2018,6,20
43270,2540,2018,6,21
43271,2460,2018,6,22
43272,2420,2018,6,23
43273,2400,2018,6,24
43274,2400,2018,6,25
43275,2390,2018,6,26
43276,2390,2018,6,27
43277,2370,2018,6,28
43278,2350,2018,6,29
43279,2360,2018,6,30
43280,2300,2018,7,1
43281,2280,2018,7,2
43282,2290,2018,7,3
43283,2320,2018,7,4
43284,2300,2018,7,5
43285,2270,2018,7,6
43286,2230,2018,7,7
43287,2230,2018,7,8
43288,2240,2018,7,9
43289,2220,2018,7,10
43290,2200,2018,7,11
43291,2190,2018,7,12
43292,2190,2018,7,13
43293,2190,2018,7,14
43294,2190,2018,7,15
43295,2180,2018,7,16
43296,2150,2018,7,17
43297,2140,2018,7,18
43298,2120,2018,7,19
43299,2120,2018,7,20
43300,2120,2018,7,21
43301,2120,2018,7,22
43302,2100,2018,7,23
43303,2100,2018,7,24
43304,2070,2018,7,25
43305,2030,2018,7,26
43306,2020,2018,7,27
43307,2040,2018,7,28
43308,2030,2018,7,29
43309,2030,2018,7,30
43310,2020,2018,7,31
43311,2090,2018,8,1
43312,2240,2018,8,2
43313,2240,2018,8,3
43314,2220,2018,8,4
43315,2140,2018,8,5
43316,2130,2018,8,6
43317,2130,2018,8,7
43318,2090,2018,8,8
43319,2100,2018,8,9
43320,2070,2018,8,10
43321,2010,2018,8,11
43322,2000,2018,8,12
43323,2000,2018,8,13
43324,1980,2018,8,14
43325,2000,2018,8,15
43326,1990,2018,8,16
43327,1970,2018,8,17
43328,1960,2018,8,18
43329,1960,2018,8,19
43330,1950,2018,8,20
43331,1950,2018,8,21
43332,1940,2018,8,22
43333,1950,2018,8,23
43334,1950,2018,8,24
43335,1940,2018,8,25
43336,1940,2018,8,26
43337,1960,2018,8,27
43338,1970,2018,8,28
43339,2070,2018,8,29
43340,2070,2018,8,30
43341,2060,2018,8,31
43342,2050,2018,9,1
43343,2050,2018,9,2
43344,2040,2018,9,3
43345,2030,2018,9,4
43346,2030,2018,9,5
43347,2050,2018,9,6
43348,2030,2018,9,7
43349,2020,2018,9,8
43350,2020,2018,9,9
43351,2020,2018,9,10
43352,2020,2018,9,11
43353,2010,2018,9,12
43354,1970,2018,9,13
43355,1840,2018,9,14
43356,1770,2018,9,15
43357,1790,2018,9,16
43358,1750,2018,9,17
43359,1740,2018,9,18
43360,1730,2018,9,19
43361,1730,2018,9,20
43362,1720,2018,9,21
43363,1730,2018,9,22
43364,1730,2018,9,23
43365,1720,2018,9,24
43366,1720,2018,9,25
43367,1710,2018,9,26
43368,1720,2018,9,27
43369,1680,2018,9,28
43370,1670,2018,9,29
43371,1640,2018,9,30
43372,1630,2018,10,1
43373,1630,2018,10,2
43374,1630,2018,10,3
43375,1630,2018,10,4
43376,1660,2018,10,5
43377,1790,2018,10,6
43378,1690,2018,10,7
43379,1680,2018,10,8
43380,1710,2018,10,9
43381,1700,2018,10,10
43382,1660,2018,10,11
43383,1640,2018,10,12
43384,1630,2018,10,13
43385,1620,2018,10,14
43386,1620,2018,10,15
43387,1620,2018,10,16
43388,1620,2018,10,17
43389,1620,2018,10,18
43390,1620,2018,10,19
43391,1620,2018,10,20
43392,1620,2018,10,21
43393,1580,2018,10,22
43394,1520,2018,10,23
43395,1470,2018,10,24
43396,1460,2018,10,25
43397,1460,2018,10,26
43398,1480,2018,10,27
43399,1610,2018,10,28
43400,1860,2018,10,29
43401,1700,2018,10,30
43402,1710,2018,10,31
43403,1960,2018,11,1
43404,1850,2018,11,2
43405,1840,2018,11,3
43406,1880,2018,11,4
43407,1870,2018,11,5
43408,1840,2018,11,6
43409,1780,2018,11,7
43410,1730,2018,11,8
43411,1710,2018,11,9
43412,1690,2018,11,10
43413,1680,2018,11,11
43414,1670,2018,11,12
43415,1660,2018,11,13
43416,1660,2018,11,14
43417,1690,2018,11,15
43418,1650,2018,11,16
43419,1630,2018,11,17
43420,1600,2018,11,18
43421,1600,2018,11,19
43422,1450,2018,11,20
43423,1530,2018,11,21
43424,1870,2018,11,22
43425,3070,2018,11,23
43426,3480,2018,11,24
43427,3040,2018,11,25
43428,2950,2018,11,26
43429,3570,2018,11,27
43430,4520,2018,11,28
43431,4230,2018,11,29
43432,3840,2018,11,30
43433,3470,2018,12,1
43434,3180,2018,12,2
43435,3000,2018,12,3
43436,2770,2018,12,4
43437,2530,2018,12,5
43438,2370,2018,12,6
43439,2270,2018,12,7
43440,2220,2018,12,8
43441,2130,2018,12,9
43442,2200,2018,12,10
43443,2250,2018,12,11
43444,3470,2018,12,12
43445,3220,2018,12,13
43446,3080,2018,12,14
43447,3170,2018,12,15
43448,2980,2018,12,16
43449,3220,2018,12,17
43450,6550,2018,12,18
43451,7750,2018,12,19
43452,6790,2018,12,20
43453,7300,2018,12,21
43454,6330,2018,12,22
43455,5890,2018,12,23
43456,7720,2018,12,24
43457,7160,2018,12,25
43458,6290,2018,12,26
43459,5540,2018,12,27
43460,4700,2018,12,28
43461,4280,2018,12,29
43462,5380,2018,12,30
43463,5300,2018,12,31
