t, o
0, 5.351884
0, 4.870498
0, 4.445745
0, 4.162576
0, 3.964359
0, 3.822774
0, 3.596240
0, 3.511289
0, 3.511289
0, 3.851091
0, 3.681190
0, 3.341388
0, 3.822774
0, 9.825946
0, 9.599411
0, 7.758816
0, 6.569508
0, 5.833270
0, 5.408518
0, 5.125349
0, 5.635052
0, 5.748320
0, 5.323567
0, 5.521785
0, 5.861587
0, 5.918221
0, 5.436835
0, 5.125349
0, 6.342974
0, 7.843767
0, 7.164162
0, 6.541192
0, 6.201389
0, 6.173073
0, 6.824360
0, 7.390697
0, 7.419014
0, 6.965944
0, 6.484558
0, 6.371290
0, 6.059805
0, 6.399607
0, 6.088122
0, 5.521785
0, 5.181983
0, 4.955448
0, 5.040399
0, 4.813864
0, 5.125349
0, 5.465151
0, 5.040399
0, 7.673865
0, 8.636638
0, 7.815450
0, 7.079212
0, 6.399607
0, 5.748320
0, 5.295250
0, 4.983765
0, 5.125349
0, 6.852677
0, 6.427924
0, 5.833270
0, 5.521785
0, 5.012082
0, 4.700597
0, 4.530695
0, 4.870498
0, 4.842181
0, 4.502379
0, 4.275844
0, 4.077626
0, 4.049309
0, 4.134260
0, 4.275844
0, 6.569508
0, 6.909311
0, 7.022578
0, 7.277430
0, 6.796043
0, 6.229706
0, 5.748320
0, 5.380201
0, 6.031488
0, 6.739409
0, 7.758816
0, 13.422185
0, 12.402779
0, 10.420600
0, 9.231292
0, 8.806539
0, 8.183569
0, 7.900400
0, 7.390697
0, 6.880994
0, 6.937627
0, 7.588915
0, 7.135845
0, 7.164162
0, 6.852677
0, 8.523371
0, 8.834856
0, 8.693272
0, 8.013668
0, 7.447331
0, 6.965944
0, 6.682776
0, 6.201389
0, 6.059805
0, 6.059805
0, 5.521785
0, 5.068716
0, 4.870498
0, 4.700597
0, 4.389111
0, 4.134260
0, 3.907725
0, 4.077626
0, 4.134260
0, 4.700597
0, 6.682776
0, 5.804954
0, 5.040399
0, 4.587329
0, 4.247527
0, 3.992675
0, 3.681190
0, 3.426338
0, 3.228121
0, 3.086536
0, 2.944952
0, 2.803368
0, 2.746734
0, 3.086536
0, 5.521785
0, 5.691686
0, 5.040399
0, 4.190893
0, 3.737824
0, 3.426338
0, 3.086536
0, 2.860002
0, 2.661784
0, 2.491883
0, 2.378615
0, 2.293665
0, 2.208714
0, 2.152080
0, 2.208714
0, 2.123763
0, 1.953862
0, 1.897229
0, 1.953862
0, 2.152080
0, 2.237031
0, 2.180397
0, 2.180397
0, 2.010496
0, 1.755644
0, 1.642377
0, 1.642377
0, 1.614060
0, 2.010496
0, 2.123763
0, 1.727328
0, 1.585743
0, 1.472476
0, 1.444159
0, 1.387525
0, 1.245941
0, 1.160991
0, 1.104357
0, 1.076040
0, 1.104357
0, 1.189308
0, 1.217624
0, 1.302575
0, 3.114853
0, 3.171487
0, 2.208714
0, 1.755644
0, 1.529110
0, 1.302575
0, 1.160991
0, 1.132674
0, 1.019406
0, 0.991090
0, 0.962773
0, 0.934456
0, 0.821189
0, 0.821189
0, 0.792872
0, 0.764555
0, 0.707921
0, 0.707921
0, 0.707921
0, 0.707921
0, 0.707921
0, 0.707921
0, 0.679604
0, 0.679604
0, 0.679604
0, 0.679604
0, 0.651287
0, 0.594654
0, 0.594654
0, 0.538020
0, 0.538020
0, 0.538020
0, 0.566337
0, 0.764555
0, 0.764555
0, 0.736238
0, 0.651287
0, 0.594654
0, 0.594654
0, 0.566337
0, 0.538020
0, 0.566337
0, 0.481386
0, 0.453070
0, 0.424753
0, 0.424753
0, 0.424753
0, 0.396436
0, 0.396436
0, 0.396436
0, 0.396436
0, 0.424753
0, 0.453070
0, 0.453070
0, 0.396436
0, 0.396436
0, 0.509703
0, 0.962773
0, 0.849505
0, 0.792872
0, 0.651287
0, 0.509703
0, 0.424753
0, 0.396436
0, 0.368119
0, 0.368119
0, 0.396436
0, 0.424753
0, 0.396436
0, 0.396436
0, 0.396436
0, 0.368119
0, 0.368119
0, 0.368119
0, 0.339802
0, 0.311485
0, 0.283168
0, 0.269010
0, 0.257683
0, 0.263347
0, 0.368119
0, 0.424753
0, 0.368119
0, 0.396436
0, 0.368119
0, 0.339802
0, 0.311485
0, 0.339802
0, 0.339802
0, 0.283168
0, 0.368119
0, 0.481386
0, 0.481386
0, 0.481386
0, 0.481386
0, 0.481386
0, 0.424753
0, 0.396436
0, 0.368119
0, 0.339802
0, 0.339802
0, 0.339802
0, 0.368119
0, 0.396436
0, 0.396436
0, 0.424753
0, 0.538020
0, 0.679604
0, 0.849505
0, 0.679604
0, 0.651287
0, 0.622971
0, 0.594654
0, 0.566337
0, 0.538020
0, 0.538020
0, 0.509703
0, 0.622971
0, 1.868912
0, 2.435249
0, 1.500793
0, 1.076040
0, 0.877822
0, 0.877822
0, 0.849505
0, 1.897229
0, 2.718417
0, 3.001586
0, 2.624972
0, 2.038813
0, 1.565922
0, 1.243110
0, 1.044892
0, 0.971268
0, 0.838179
0, 0.764555
0, 0.733406
0, 0.699426
0, 0.733406
0, 1.112852
0, 5.578419
0, 5.861587
0, 4.049309
0, 3.284754
0, 2.624972
0, 2.656120
0, 4.559012
0, 7.645549
0, 32.564374
0, 43.891112
0, 26.532885
0, 19.312089
0, 14.781394
0, 11.666541
0, 28.883184
0, 65.695084
0, 49.837650
0, 100.807974
0, 85.516877
0, 51.536661
0, 42.475270
0, 61.164389
0, 61.447557
0, 60.881220
0, 45.873291
0, 34.546553
0, 27.495658
0, 25.230310
0, 24.012686
0, 39.360417
0, 88.065393
0, 69.942611
0, 66.261421
0, 83.251529
0, 61.730726
0, 49.554482
0, 39.643585
0, 30.865363
0, 25.541796
0, 21.435853
0, 18.264366
0, 15.999018
0, 14.243374
0, 13.223967
0, 15.744167
0, 13.903572
0, 12.884165
0, 14.979612
0, 17.414861
0, 20.076644
0, 18.009514
0, 16.168919
0, 15.291097
0, 35.679227
0, 70.508948
0, 83.251529
0, 57.766367
0, 39.926754
0, 30.299026
0, 26.108133
0, 23.361398
0, 20.218228
0, 17.811297
0, 15.829117
0, 15.036246
0, 13.733671
0, 16.706939
0, 35.396058
0, 74.756475
0, 74.756475
0, 60.881220
0, 47.289134
0, 95.427773
0, 98.825795
0, 74.473307
0, 53.802009
0, 38.510911
0, 30.582194
0, 29.166352
0, 37.661406
0, 32.564374
0, 29.166352
0, 26.787737
0, 24.125953
0, 22.568527
0, 36.528732
0, 64.845579
0, 53.235672
0, 40.209922
0, 31.431700
0, 25.881598
0, 21.917239
0, 18.943970
0, 16.735256
0, 15.149513
0, 13.139017
0, 12.147927
0, 11.893076
0, 11.100204
0, 10.448916
0, 10.165748
0, 14.016839
0, 12.516046
0, 11.100204
0, 10.590501
0, 9.825946
0, 8.608321
0, 8.070301
0, 7.645549
0, 7.249113
0, 7.079212
0, 7.192479
0, 20.982783
0, 20.104961
0, 15.772484
0, 14.328324
0, 17.952881
0, 32.281205
0, 56.916862
0, 54.085177
0, 45.873291
0, 36.245564
0, 31.714868
0, 29.449520
0, 25.796647
0, 39.077248
0, 42.192101
0, 34.263384
0, 27.042589
0, 22.596844
0, 20.586347
0, 17.471494
0, 15.376048
0, 13.875255
0, 12.714264
0, 11.864759
0, 11.015253
0, 10.335649
0, 9.740995
0, 9.231292
0, 8.778222
0, 8.353470
0, 8.098618
0, 7.957034
0, 7.588915
0, 7.249113
0, 7.419014
0, 8.325153
0, 8.098618
0, 7.532281
0, 7.305746
0, 12.657630
0, 13.563770
0, 12.516046
0, 11.949709
0, 11.468323
0, 10.562184
0, 9.825946
0, 9.089708
0, 8.466737
0, 7.843767
0, 7.362380
0, 6.994261
0, 6.569508
0, 6.682776
0, 6.258023
0, 5.748320
0, 5.153666
0, 4.955448
0, 4.757230
0, 4.643963
0, 4.474062
0, 4.360794
0, 4.672280
0, 4.643963
0, 4.247527
0, 4.020992
0, 3.851091
0, 3.681190
0, 3.567923
0, 3.454655
0, 3.398022
0, 3.284754
0, 3.171487
0, 3.199804
0, 3.143170
0, 3.001586
0, 3.426338
0, 3.482972
0, 3.143170
0, 2.944952
0, 2.800536
0, 2.687269
0, 2.576833
0, 2.500378
0, 2.752397
0, 3.199804
0, 2.944952
0, 2.585328
0, 2.395605
0, 2.271011
0, 2.180397
0, 2.106773
0, 2.067130
0, 2.021823
0, 1.993506
0, 1.976516
0, 2.018991
0, 1.931209
0, 1.837763
0, 1.766971
0, 1.670694
0, 1.605565
0, 1.565922
0, 1.568753
0, 1.628219
0, 1.931209
0, 2.021823
0, 1.803783
0, 1.616892
0, 1.503625
0, 1.500793
0, 1.475308
0, 1.401684
0, 1.302575
0, 1.248773
0, 1.308238
0, 1.783961
0, 2.081288
0, 1.679189
0, 1.435664
0, 1.308238
0, 1.226119
0, 1.223288
0, 1.144001
0, 1.107189
0, 1.067545
0, 1.027902
0, 0.968436
0, 0.925961
0, 0.863664
0, 0.843842
0, 0.812693
0, 0.750396
0, 0.741901
0, 0.713585
0, 0.736238
0, 0.722080
0, 0.747565
0, 0.730575
0, 0.673941
0, 0.645624
0, 0.654119
0, 0.656951
0, 0.690931
0, 0.679604
0, 0.648456
0, 0.591822
0, 0.572000
0, 0.523862
0, 0.506872
0, 0.509703
0, 0.472891
0, 0.478555
0, 0.538020
0, 0.651287
0, 0.586159
0, 0.538020
0, 0.481386
0, 0.413426
0, 0.413426
0, 0.351129
0, 0.351129
0, 0.291664
0, 0.270992
0, 0.283168
0, 0.288832
0, 0.277222
0, 0.317149
0, 0.317149
0, 0.345466
0, 0.302990
0, 0.294495
0, 0.297327
0, 0.282602
0, 0.282885
0, 0.251454
0, 0.251454
0, 0.244091
0, 0.202465
0, 0.235313
0, 0.234747
0, 0.228234
0, 0.183776
0, 0.185192
0, 0.182077
0, 0.195953
0, 0.222570
0, 0.271275
0, 0.248905
0, 0.220871
0, 0.214359
0, 0.232764
0, 0.205297
0, 0.218889
0, 0.238711
0, 0.262214
0, 0.441743
0, 0.758891
0, 0.639961
0, 0.566337
0, 0.416258
0, 0.342634
0, 0.294495
0, 0.264196
0, 0.262214
0, 0.256267
0, 0.255135
0, 0.261931
0, 0.267877
0, 0.294495
0, 0.404931
0, 0.370951
0, 0.492713
0, 0.588990
0, 0.506872
0, 0.529525
0, 0.498377
0, 0.444574
0, 0.413426
0, 0.399268
0, 0.373782
0, 0.368119
0, 0.365287
0, 0.368119
0, 0.370951
0, 0.351129
0, 0.339802
0, 0.331307
0, 0.348297
0, 0.370951
0, 0.399268
0, 0.419089
0, 0.433248
0, 0.444574
0, 0.458733
0, 0.492713
0, 0.487050
0, 0.583327
0, 0.662614
0, 0.702258
0, 0.764555
0, 0.787208
0, 0.809862
0, 0.736238
0, 0.736238
0, 0.792872
0, 0.792872
0, 0.818357
0, 2.548516
0, 2.831685
0, 3.114853
0, 2.265348
0, 2.265348
0, 2.548516
0, 2.265348
0, 1.840595
0, 1.699011
0, 2.265348
0, 1.982179
0, 2.406932
0, 2.265348
0, 1.840595
0, 1.557427
0, 1.189308
0, 1.189308
0, 1.245941
0, 1.132674
0, 1.076040
0, 1.008080
0, 0.957109
0, 0.914634
0, 0.860832
0, 0.826852
0, 0.809862
0, 0.872159
0, 0.954278
0, 0.957109
0, 0.923129
0, 0.860832
0, 0.821189
0, 1.223288
0, 2.916635
0, 6.229706
0, 13.139017
0, 20.982783
0, 31.148531
0, 71.924790
0, 43.607944
0, 32.564374
0, 23.984369
0, 19.028921
0, 28.316847
0, 23.927735
0, 19.312089
0, 15.829117
0, 13.478819
0, 13.337235
0, 33.980216
0, 31.431700
0, 29.166352
0, 41.625765
0, 81.552518
0, 51.253492
0, 37.661406
0, 45.873291
0, 50.970324
0, 45.306955
0, 31.148531
0, 24.890508
0, 19.878426
0, 16.678623
0, 14.328324
0, 13.252284
0, 17.471494
0, 29.449520
0, 25.570112
0, 20.529714
0, 17.556445
0, 15.007929
0, 13.450502
0, 12.091293
0, 10.958620
0, 10.165748
0, 10.845352
0, 11.893076
0, 11.326739
0, 11.043570
0, 17.046742
0, 19.736842
0, 16.253870
0, 15.206147
0, 39.077248
0, 58.049536
0, 89.481235
0, 67.110926
0, 45.023786
0, 31.431700
0, 24.607340
0, 20.161595
0, 16.990108
0, 14.724760
0, 13.025749
0, 11.808125
0, 10.845352
0, 9.910896
0, 9.202975
0, 8.551688
0, 8.806539
0, 9.967530
0, 17.216643
0, 30.865363
0, 22.370309
0, 18.009514
0, 16.310504
0, 15.772484
0, 14.866344
0, 13.705354
0, 13.025749
0, 11.326739
0, 10.760402
0, 10.194065
0, 9.740995
0, 8.948124
0, 9.287926
0, 8.834856
0, 8.523371
0, 10.420600
0, 26.023182
0, 62.863399
0, 57.483199
0, 41.059428
0, 29.732689
0, 24.380805
0, 21.945556
0, 24.267538
0, 28.316847
0, 24.663973
0, 20.784565
0, 17.698029
0, 16.423771
0, 19.113871
0, 23.757834
0, 56.916862
0, 60.031715
0, 44.457449
0, 34.829721
0, 30.582194
0, 27.750510
0, 25.032092
0, 21.662388
0, 18.830703
0, 16.593672
0, 15.149513
0, 14.951295
0, 18.037831
0, 23.871102
0, 22.766745
0, 33.980216
0, 32.564374
0, 26.561202
0, 21.832289
0, 18.604168
0, 16.282187
0, 16.253870
0, 21.973873
0, 18.066148
0, 15.630899
0, 14.526542
0, 13.592086
0, 12.600997
0, 11.609907
0, 10.760402
0, 11.326739
0, 10.279015
0, 11.779808
0, 15.404365
0, 14.639810
0, 14.130106
0, 13.025749
0, 11.949709
0, 11.156838
0, 10.533867
0, 9.656045
0, 8.891490
0, 8.240202
0, 9.231292
0, 11.270105
0, 10.307332
0, 9.287926
0, 8.693272
0, 8.041984
0, 7.447331
0, 7.192479
0, 7.164162
0, 6.427924
0, 5.974855
0, 5.635052
0, 5.550102
0, 5.436835
0, 5.181983
0, 4.842181
0, 4.587329
0, 4.417428
0, 4.219210
0, 4.049309
0, 3.907725
0, 3.851091
0, 3.681190
0, 3.511289
0, 3.398022
0, 3.284754
0, 3.228121
0, 3.171487
0, 3.001586
0, 2.860002
0, 2.752397
0, 2.624972
0, 2.506041
0, 2.372952
0, 2.279506
0, 2.262516
0, 2.222872
0, 2.208714
0, 2.163407
0, 2.163407
0, 2.186061
0, 2.163407
0, 2.069961
0, 1.951031
0, 1.854753
0, 1.795288
0, 1.834932
0, 1.795288
0, 1.775466
0, 1.778298
0, 1.764140
0, 1.713169
0, 1.625387
0, 1.531941
0, 1.432832
0, 1.367704
0, 1.291248
0, 1.265763
0, 1.248773
0, 1.226119
0, 1.200634
0, 1.160991
0, 1.149664
0, 1.112852
0, 1.067545
0, 1.061882
0, 1.078872
0, 1.013743
0, 0.985426
0, 0.937288
0, 0.937288
0, 0.900476
0, 0.891981
0, 0.880654
0, 0.826852
0, 0.781545
0, 0.750396
0, 0.705089
0, 0.662614
0, 0.637129
0, 0.631466
0, 0.591822
0, 0.597485
0, 0.591822
0, 0.555010
0, 0.518198
0, 0.492713
0, 0.472891
0, 0.464396
0, 0.444574
0, 0.447406
0, 0.481386
0, 0.506872
0, 0.538020
0, 0.594654
0, 0.526693
0, 0.504040
0, 0.515367
0, 0.487050
0, 0.453070
0, 0.430416
0, 0.379446
0, 0.356792
0, 0.334139
0, 0.345466
0, 0.393604
0, 0.314317
0, 0.286000
0, 0.314317
0, 0.302990
0, 0.268161
0, 0.325644
0, 0.342634
0, 0.319980
0, 0.356792
0, 0.348297
0, 0.331307
0, 0.328475
0, 0.334139
0, 0.328475
0, 0.300159
0, 0.265895
0, 0.265046
0, 0.248339
0, 0.225968
0, 0.241826
0, 0.328475
0, 0.512535
0, 0.665446
0, 0.719248
0, 0.787208
0, 0.787208
0, 0.668278
0, 0.620139
0, 0.569169
0, 0.597485
0, 0.724911
0, 0.594654
0, 0.631466
0, 0.583327
0, 0.506872
0, 0.430416
0, 0.368119
0, 0.339802
0, 0.328475
0, 0.314317
0, 0.311485
0, 0.294495
0, 0.274957
0, 0.331307
0, 0.342634
0, 0.359624
0, 0.393604
0, 0.404931
0, 0.410594
0, 0.427584
0, 0.688099
0, 0.673941
0, 0.705089
0, 0.699426
0, 0.659783
0, 0.937288
0, 0.920298
0, 0.807030
0, 0.807030
0, 0.858000
0, 0.713585
0, 0.662614
0, 0.860832
0, 0.917466
0, 0.832515
0, 0.988258
0, 0.968436
0, 0.886317
0, 0.764555
0, 0.747565
0, 0.744733
0, 0.733406
0, 0.781545
0, 0.832515
0, 0.824020
0, 0.891981
0, 1.047723
0, 1.053387
0, 0.940119
0, 0.934456
0, 0.965604
0, 0.985426
0, 0.988258
0, 0.976931
0, 0.937288
0, 1.121347
0, 1.458318
0, 1.585743
0, 1.339387
0, 1.285585
0, 1.809446
0, 2.860002
0, 3.398022
0, 5.946538
0, 7.362380
0, 5.663369
0, 4.247527
0, 3.681190
0, 3.398022
0, 5.663369
0, 8.211886
0, 7.645549
0, 5.946538
0, 14.724760
0, 15.291097
0, 10.760402
0, 7.220796
0, 8.353470
0, 7.957034
0, 11.128521
0, 22.002190
0, 23.304765
0, 24.862191
0, 18.943970
0, 25.740014
0, 19.651892
0, 17.896247
0, 43.041607
0, 84.667371
0, 56.067356
0, 34.829721
0, 24.890508
0, 18.689119
0, 15.092879
0, 13.054066
0, 11.241788
0, 9.825946
0, 8.834856
0, 13.195651
0, 22.880012
0, 19.906743
0, 21.322585
0, 47.572302
0, 68.809937
0, 49.837650
0, 35.396058
0, 35.396058
0, 39.643585
0, 37.661406
0, 37.944574
0, 31.431700
0, 26.532885
0, 29.449520
0, 43.891112
0, 52.102998
0, 49.837650
0, 45.873291
0, 39.360417
0, 35.112890
0, 34.263384
0, 34.829721
0, 33.697047
0, 29.449520
0, 26.759420
0, 25.173677
0, 22.370309
0, 18.972287
0, 16.621989
0, 16.338820
0, 21.067734
0, 25.003776
0, 25.570112
0, 25.853281
0, 27.807143
0, 57.200030
0, 104.205995
0, 96.560447
0, 70.508948
0, 52.669335
0, 38.227743
0, 29.732689
0, 24.239221
0, 22.370309
0, 25.060409
0, 21.775655
0, 18.915654
0, 16.763573
0, 15.092879
0, 13.592086
0, 12.346145
0, 12.459413
0, 13.535453
0, 20.727932
0, 30.582194
0, 36.245564
0, 32.564374
0, 27.325757
0, 23.219814
0, 19.850109
0, 17.301593
0, 18.122782
0, 19.227139
0, 20.274862
0, 27.580609
0, 34.829721
0, 28.061995
0, 22.823378
0, 19.397040
0, 20.048327
0, 21.464170
0, 20.020011
0, 17.952881
0, 16.168919
0, 14.526542
0, 13.082383
0, 11.949709
0, 10.986936
0, 10.137431
0, 9.429510
0, 8.778222
0, 8.325153
0, 7.872083
0, 7.532281
0, 7.419014
0, 7.022578
0, 6.569508
0, 6.258023
0, 5.974855
0, 6.173073
0, 6.229706
0, 11.355055
0, 15.262780
0, 11.893076
0, 9.910896
0, 8.863173
0, 8.098618
0, 7.334063
0, 6.852677
0, 6.512875
0, 6.116439
0, 5.804954
0, 5.578419
0, 5.351884
0, 5.153666
0, 4.927131
0, 4.728913
0, 4.559012
0, 4.360794
0, 4.275844
0, 6.711093
0, 7.277430
0, 6.427924
0, 6.031488
0, 5.606736
0, 5.578419
0, 10.901986
0, 18.151099
0, 17.839613
0, 13.677037
0, 11.071887
0, 9.429510
0, 8.268519
0, 7.362380
0, 6.654459
0, 6.116439
0, 5.635052
0, 5.238617
0, 4.898814
0, 4.757230
0, 4.474062
0, 4.360794
0, 4.247527
0, 4.389111
0, 4.247527
0, 3.964359
0, 3.879408
0, 3.964359
0, 3.879408
0, 3.652873
0, 3.398022
0, 3.228121
0, 3.171487
0, 3.228121
0, 3.539606
0, 3.652873
0, 3.369705
0, 3.029903
0, 2.916635
0, 2.973269
0, 3.058219
0, 2.780714
0, 2.571170
0, 2.613645
0, 3.114853
0, 3.879408
0, 3.766141
0, 3.341388
0, 3.086536
0, 2.820358
0, 2.639130
0, 2.480556
0, 2.486219
0, 2.760893
0, 3.228121
0, 4.502379
0, 4.615646
0, 4.190893
0, 4.077626
0, 3.766141
0, 3.539606
0, 3.341388
0, 3.029903
0, 2.775051
0, 2.551348
0, 2.392774
0, 2.262516
0, 2.197387
0, 2.126595
0, 2.041645
0, 2.109605
0, 2.324813
0, 2.279506
0, 2.132259
0, 2.033150
0, 1.948199
0, 1.857585
0, 1.772635
0, 1.701842
0, 1.670694
0, 1.574417
0, 1.503625
0, 1.449823
0, 1.393189
0, 1.336555
0, 1.288417
0, 1.251605
0, 1.197803
0, 1.155327
0, 1.101525
0, 1.076040
0, 1.025070
0, 0.988258
0, 0.988258
0, 0.957109
0, 0.982595
0, 0.940119
0, 0.908971
0, 0.872159
0, 0.858000
0, 0.804198
0, 0.764555
0, 0.727743
0, 0.702258
0, 0.690931
0, 0.676773
0, 0.656951
0, 0.637129
0, 0.639961
0, 0.614476
0, 0.588990
0, 0.566337
0, 0.569169
0, 0.603149
0, 0.614476
0, 0.688099
0, 0.645624
0, 0.611644
0, 0.538020
0, 0.509703
0, 0.475723
0, 0.492713
0, 0.501208
0, 0.487050
0, 0.453070
0, 0.450238
0, 0.427584
0, 0.413426
0, 0.379446
0, 0.396436
0, 0.668278
0, 0.784377
0, 1.008080
0, 1.129842
0, 1.557427
0, 1.413011
0, 1.127010
0, 0.908971
0, 0.744733
0, 0.671109
0, 0.597485
0, 0.600317
0, 0.656951
0, 0.617307
0, 0.622971
0, 0.577664
0, 0.535188
0, 0.521030
0, 0.498377
0, 0.515367
0, 0.521030
0, 0.557842
0, 0.634297
0, 0.787208
0, 0.965604
0, 1.010911
0, 1.291248
0, 2.687269
0, 3.992675
0, 3.001586
0, 2.129427
0, 1.560258
0, 1.296912
0, 1.144001
0, 1.033565
0, 0.968436
0, 0.931624
0, 0.883486
0, 0.824020
0, 0.795703
0, 0.758891
0, 0.730575
0, 0.713585
0, 0.710753
0, 0.688099
0, 0.724911
0, 0.773050
0, 0.914634
0, 1.410179
0, 2.050140
0, 1.656536
0, 1.342219
0, 1.152496
0, 1.022238
0, 0.959941
0, 0.928793
0, 1.430001
0, 2.675942
0, 5.295250
0, 5.012082
0, 3.567923
0, 2.860002
0, 2.622140
0, 2.809031
0, 3.058219
0, 4.304161
0, 4.247527
0, 3.426338
0, 3.086536
0, 3.171487
0, 4.134260
0, 4.219210
0, 5.465151
0, 8.749906
0, 6.994261
0, 5.408518
0, 4.530695
0, 3.964359
0, 3.539606
0, 3.171487
0, 2.916635
0, 2.741071
0, 2.568338
0, 2.514536
0, 2.466397
0, 2.395605
0, 2.438080
0, 2.446576
0, 2.457902
0, 2.658952
0, 2.571170
0, 2.333308
0, 2.254021
0, 2.169070
0, 2.194556
0, 3.369705
0, 4.587329
0, 4.219210
0, 3.737824
0, 3.369705
0, 3.341388
0, 3.596240
0, 3.652873
0, 3.341388
0, 3.341388
0, 3.964359
0, 4.700597
0, 8.806539
0, 40.209922
0, 45.590123
0, 32.564374
0, 30.015857
0, 26.278034
0, 20.388130
0, 18.009514
0, 15.687533
0, 13.223967
0, 11.355055
0, 9.429510
0, 8.211886
0, 7.419014
0, 6.796043
0, 6.258023
0, 5.804954
0, 5.351884
0, 5.125349
0, 5.889904
0, 5.691686
0, 5.040399
0, 4.813864
0, 4.700597
0, 5.012082
0, 7.390697
0, 7.362380
0, 6.597825
0, 6.003171
0, 5.465151
0, 5.153666
0, 5.946538
0, 8.353470
0, 10.307332
0, 11.553273
0, 10.647134
0, 9.372876
0, 9.769312
0, 9.259609
0, 9.118025
0, 8.863173
0, 9.004757
0, 13.110700
0, 14.781394
0, 13.337235
0, 11.921392
0, 10.392283
0, 9.202975
0, 8.268519
0, 7.560598
0, 7.050895
0, 6.541192
0, 6.201389
0, 15.177830
0, 13.252284
0, 10.307332
0, 8.834856
0, 7.928717
0, 7.277430
0, 6.880994
0, 6.654459
0, 6.427924
0, 6.852677
0, 6.342974
0, 5.833270
0, 5.550102
0, 5.323567
0, 5.097032
0, 4.927131
0, 4.643963
0, 4.417428
0, 4.275844
0, 4.134260
0, 4.049309
0, 3.964359
0, 3.907725
0, 3.709507
0, 3.652873
0, 3.624556
0, 3.284754
0, 3.313071
0, 3.284754
0, 3.228121
0, 3.426338
0, 3.851091
0, 3.539606
0, 3.171487
0, 3.058219
0, 2.944952
0, 2.888318
0, 2.823190
0, 2.758061
0, 2.695764
0, 2.605150
0, 2.554180
0, 2.455071
0, 2.370120
0, 2.299328
0, 2.237031
0, 2.248358
0, 2.636298
0, 2.639130
0, 2.973269
0, 6.654459
0, 7.758816
0, 6.399607
0, 5.804954
0, 5.918221
0, 5.436835
0, 6.597825
0, 36.811901
0, 33.697047
0, 42.758438
0, 39.360417
0, 27.665559
0, 21.181001
0, 17.301593
0, 14.554859
0, 12.884165
0, 11.355055
0, 10.080797
0, 10.363966
0, 13.025749
0, 13.280601
0, 11.553273
0, 11.723174
0, 11.893076
0, 13.054066
0, 12.742581
0, 12.062977
0, 12.940799
0, 14.951295
0, 16.820207
0, 16.423771
0, 14.866344
0, 12.997433
0, 11.496640
0, 10.647134
0, 9.854263
0, 8.834856
0, 8.070301
0, 7.475648
0, 6.880994
0, 6.427924
0, 6.173073
0, 5.804954
0, 5.493468
0, 5.181983
0, 5.125349
0, 4.870498
0, 4.927131
0, 4.813864
0, 4.587329
0, 6.286340
0, 13.337235
0, 14.498225
0, 11.100204
0, 8.976440
0, 8.098618
0, 7.249113
0, 7.192479
0, 7.390697
0, 11.383372
0, 13.875255
0, 14.073473
0, 12.431096
0, 10.845352
0, 9.514460
0, 8.381787
0, 7.532281
0, 6.796043
0, 6.173073
0, 5.720003
0, 5.465151
0, 5.210300
0, 4.870498
0, 4.785547
0, 4.757230
0, 4.502379
0, 4.162576
0, 4.304161
0, 7.560598
0, 11.524957
0, 12.657630
0, 9.599411
0, 7.787133
0, 6.994261
0, 6.342974
0, 5.691686
0, 5.266933
0, 4.898814
0, 4.672280
0, 4.898814
0, 4.757230
0, 4.870498
0, 4.389111
0, 3.992675
0, 3.794457
0, 3.737824
0, 3.398022
0, 3.199804
0, 3.086536
0, 3.086536
0, 3.058219
0, 2.973269
0, 2.766556
0, 2.576833
0, 2.457902
0, 2.381447
0, 2.268179
0, 2.166239
0, 2.174734
0, 2.106773
0, 2.061466
0, 2.072793
0, 2.067130
0, 2.041645
0, 1.982179
0, 1.894397
0, 1.747149
0, 1.642377
0, 1.565922
0, 1.537605
0, 1.418674
0, 1.342219
0, 1.282753
0, 1.234615
0, 1.240278
0, 1.214793
0, 1.172317
0, 1.124179
0, 1.059050
0, 1.013743
0, 0.954278
0, 0.937288
0, 0.894812
0, 0.855169
0, 0.824020
0, 0.835347
0, 0.798535
0, 0.787208
0, 0.744733
0, 0.724911
0, 0.705089
0, 0.673941
0, 0.662614
0, 0.634297
0, 0.645624
0, 0.645624
0, 0.634297
0, 0.600317
0, 0.566337
0, 0.555010
0, 0.549347
0, 0.563505
0, 0.563505
0, 0.591822
0, 0.574832
0, 0.560674
0, 0.560674
0, 0.546515
0, 0.518198
0, 0.495545
0, 0.481386
0, 0.470060
0, 0.501208
0, 0.563505
0, 0.529525
0, 0.523862
0, 0.492713
0, 0.492713
0, 0.484218
0, 0.455901
0, 0.453070
0, 0.444574
0, 0.436079
0, 0.433248
0, 0.509703
0, 0.555010
0, 0.515367
0, 0.523862
0, 0.506872
0, 0.472891
0, 0.478555
0, 0.543683
0, 0.518198
0, 0.509703
0, 0.495545
0, 0.478555
0, 0.430416
0, 0.421921
0, 0.430416
0, 0.470060
0, 0.492713
0, 0.521030
0, 0.546515
0, 0.569169
0, 0.588990
0, 0.773050
0, 0.826852
0, 1.067545
0, 1.050555
0, 0.920298
0, 0.801367
0, 0.702258
0, 0.648456
0, 0.654119
0, 0.654119
0, 0.688099
0, 0.665446
0, 0.628634
0, 0.608812
0, 0.775882
0, 1.059050
0, 1.350714
0, 1.036397
0, 0.931624
0, 0.991090
0, 0.889149
0, 0.906139
0, 0.843842
0, 0.790040
0, 0.764555
0, 0.824020
0, 0.795703
0, 1.475308
0, 1.582912
0, 1.710338
0, 1.512120
0, 5.040399
0, 8.013668
0, 7.305746
0, 9.995847
0, 11.524957
0, 17.160009
0, 12.317828
0, 8.353470
0, 6.116439
0, 4.813864
0, 4.162576
0, 4.927131
0, 8.240202
0, 10.562184
0, 8.834856
0, 7.107528
0, 5.889904
0, 5.012082
0, 4.360794
0, 3.851091
0, 3.454655
0, 3.171487
0, 2.944952
0, 2.831685
0, 10.222382
0, 17.896247
0, 14.554859
0, 11.949709
0, 13.761987
0, 16.735256
0, 15.092879
0, 20.104961
0, 31.148531
0, 30.299026
0, 23.191497
0, 17.443178
0, 13.903572
0, 11.496640
0, 9.740995
0, 8.580005
0, 7.928717
0, 7.362380
0, 6.796043
0, 5.918221
0, 5.436835
0, 5.068716
0, 4.757230
0, 4.530695
0, 11.355055
0, 19.142188
0, 41.625765
0, 109.019859
0, 84.950540
0, 48.988145
0, 31.998037
0, 28.316847
0, 34.829721
0, 139.318885
0, 114.400060
0, 248.621913
0, 218.889224
0, 130.257494
0, 84.667371
0, 61.447557
0, 50.687155
0, 36.811901
0, 37.378238
0, 52.669335
0, 62.580231
0, 58.049536
0, 130.823831
0, 154.609982
0, 125.726799
0, 84.950540
0, 59.748546
0, 43.324775
0, 37.944574
0, 117.514913
0, 111.285207
0, 77.304991
0, 68.809937
0, 62.863399
0, 52.102998
0, 39.926754
0, 31.998037
0, 26.844371
0, 25.768330
0, 35.112890
0, 66.261421
0, 74.473307
0, 120.063430
0, 93.728762
0, 103.922827
0, 71.641622
0, 54.934682
0, 56.633693
0, 53.235672
0, 43.891112
0, 34.546553
0, 27.807143
0, 23.191497
0, 19.821793
0, 16.990108
0, 15.432681
0, 13.960205
0, 12.459413
0, 11.893076
0, 10.760402
0, 10.194065
0, 9.061391
0, 8.495054
0, 8.495054
0, 7.928717
0, 7.928717
0, 7.843767
0, 7.079212
0, 6.796043
0, 6.937627
0, 8.013668
0, 11.326739
0, 10.194065
0, 9.627728
0, 9.061391
0, 8.495054
0, 7.928717
0, 7.362380
0, 10.760402
0, 14.611493
0, 26.759420
0, 28.600015
0, 24.409122
0, 20.076644
0, 17.188326
0, 15.970701
0, 14.979612
0, 16.876841
0, 20.246545
0, 20.954466
0, 19.057238
0, 16.905157
0, 15.121196
0, 13.478819
0, 12.289511
0, 15.177830
0, 14.413275
0, 13.139017
0, 12.261195
0, 11.468323
0, 10.901986
0, 10.505550
0, 10.703768
0, 10.760402
0, 10.533867
0, 10.675451
0, 9.882579
0, 9.316243
0, 8.749906
0, 8.325153
0, 8.098618
0, 7.787133
0, 8.013668
0, 8.296836
0, 8.041984
0, 7.503964
0, 7.334063
0, 10.335649
0, 19.312089
0, 17.386544
0, 14.526542
0, 12.487729
0, 11.185154
0, 10.165748
0, 9.259609
0, 8.551688
0, 7.957034
0, 7.447331
0, 7.022578
0, 6.654459
0, 6.371290
0, 6.059805
0, 5.804954
0, 5.521785
0, 5.266933
0, 5.068716
0, 4.842181
0, 4.559012
0, 4.389111
0, 4.389111
0, 4.389111
0, 4.190893
0, 3.936042
0, 3.766141
0, 3.596240
0, 3.482972
0, 3.369705
0, 3.199804
0, 3.029903
0, 2.888318
0, 2.772219
0, 2.712754
0, 2.684437
0, 2.644793
0, 2.973269
0, 3.539606
0, 4.162576
0, 3.539606
0, 3.171487
0, 3.482972
0, 3.822774
0, 3.766141
0, 3.228121
0, 2.888318
0, 3.001586
0, 3.313071
0, 3.256437
0, 3.369705
0, 3.596240
0, 3.228121
0, 2.831685
0, 2.624972
0, 2.489051
0, 2.404100
0, 2.333308
0, 2.220041
0, 2.205882
0, 2.188892
0, 2.205882
0, 2.160575
0, 2.052971
0, 1.962357
0, 1.837763
0, 1.735823
0, 1.665031
0, 1.602734
0, 1.540436
0, 1.469644
0, 1.407347
0, 1.311070
0, 1.251605
0, 1.302575
0, 1.265763
0, 1.183644
0, 1.110020
0, 1.098694
0, 1.081704
0, 1.078872
0, 1.090199
0, 1.129842
0, 1.095862
0, 1.033565
0, 0.976931
0, 0.906139
0, 0.897644
0, 0.923129
0, 0.957109
0, 0.928793
0, 0.903307
0, 0.841010
0, 0.804198
0, 0.767387
0, 0.707921
0, 0.693763
0, 0.651287
0, 0.639961
0, 0.622971
0, 0.572000
0, 0.557842
0, 0.549347
0, 0.569169
0, 0.532357
0, 0.512535
0, 0.498377
0, 0.484218
0, 0.470060
0, 0.441743
0, 0.441743
0, 0.427584
0, 0.441743
0, 0.433248
0, 0.393604
0, 0.379446
0, 0.373782
0, 0.379446
0, 0.376614
0, 0.370951
0, 0.373782
0, 0.342634
0, 0.334139
0, 0.334139
0, 0.319980
0, 0.308654
0, 0.319980
0, 0.328475
0, 0.305822
0, 0.331307
0, 0.283168
0, 0.278921
0, 0.300159
0, 0.297327
0, 0.302990
0, 0.261364
0, 0.279487
0, 0.325644
0, 0.328475
0, 0.294495
0, 0.273824
0, 0.282602
0, 0.266745
0, 0.261364
0, 0.300159
0, 0.373782
0, 0.481386
0, 0.509703
0, 0.484218
0, 0.436079
0, 0.370951
0, 0.288832
0, 0.288832
0, 0.351129
0, 0.379446
0, 0.368119
0, 0.370951
0, 0.416258
0, 0.410594
0, 0.481386
0, 0.461565
0, 0.441743
0, 0.393604
0, 0.339802
0, 0.325644
0, 0.379446
0, 0.308654
0, 0.300159
0, 0.300159
0, 0.297327
0, 0.308654
0, 0.308654
0, 0.297327
0, 0.311485
0, 0.302990
0, 0.308654
0, 0.317149
0, 0.314317
0, 0.305822
0, 0.300159
0, 0.297327
0, 0.300159
0, 0.302990
0, 0.308654
0, 0.523862
0, 0.566337
0, 0.710753
0, 0.557842
0, 0.540852
0, 0.495545
0, 0.543683
0, 0.467228
0, 0.430416
0, 0.399268
0, 0.393604
0, 0.385109
0, 0.393604
0, 0.402099
0, 0.399268
0, 0.410594
0, 0.362456
0, 0.979763
0, 2.718417
0, 7.928717
0, 21.237635
0, 28.316847
0, 56.633693
0, 101.940648
0, 56.633693
0, 28.316847
0, 42.475270
0, 36.811901
0, 48.138639
0, 45.306955
0, 31.148531
0, 36.811901
0, 26.901004
0, 21.237635
0, 19.821793
0, 22.653477
0, 21.237635
0, 33.980216
0, 50.970324
0, 62.297063
0, 62.297063
0, 48.138639
0, 50.970324
0, 42.475270
0, 29.732689
0, 26.391301
0, 26.447935
0, 22.908329
0, 19.142188
0, 16.027335
0, 13.705354
0, 11.808125
0, 10.335649
0, 9.259609
0, 9.146341
0, 10.703768
0, 17.018425
0, 25.088726
0, 47.572302
0, 92.029751
0, 163.105036
0, 106.471343
0, 59.748546
0, 37.095069
0, 26.561202
0, 21.350902
0, 23.842785
0, 20.388130
0, 22.002190
0, 21.350902
0, 41.342596
0, 84.384203
0, 77.021823
0, 49.271313
0, 34.829721
0, 26.561202
0, 21.492487
0, 17.952881
0, 16.225553
0, 46.156460
0, 68.809937
0, 56.633693
0, 65.411916
0, 57.200030
0, 51.253492
0, 42.758438
0, 38.227743
0, 32.564374
0, 25.824964
0, 21.379219
0, 18.292683
0, 15.772484
0, 14.639810
0, 13.960205
0, 12.544363
0, 11.779808
0, 12.176244
0, 11.949709
0, 11.326739
0, 10.647134
0, 9.939213
0, 9.316243
0, 8.778222
0, 8.155252
0, 7.560598
0, 7.107528
0, 6.739409
0, 6.371290
0, 6.003171
0, 5.663369
0, 5.436835
0, 5.210300
0, 5.040399
0, 4.842181
0, 4.785547
0, 4.898814
0, 4.927131
0, 4.842181
0, 6.484558
0, 7.702182
0, 6.796043
0, 6.173073
0, 19.765159
0, 60.598052
0, 49.554482
0, 35.396058
0, 26.193083
0, 31.998037
0, 36.528732
0, 29.449520
0, 24.975459
0, 38.227743
0, 64.562410
0, 69.942611
0, 66.827758
0, 61.730726
0, 49.271313
0, 48.988145
0, 53.518840
0, 47.005965
0, 37.944574
0, 29.732689
0, 24.692290
0, 20.727932
0, 18.745752
0, 17.216643
0, 15.347731
0, 14.045156
0, 12.969116
0, 11.609907
0, 10.590501
0, 9.825946
0, 9.174658
0, 8.608321
0, 8.240202
0, 9.004757
0, 8.721589
0, 7.843767
0, 7.362380
0, 6.994261
0, 9.401193
0, 9.995847
0, 9.372876
0, 8.551688
0, 7.900400
0, 7.532281
0, 7.192479
0, 6.909311
0, 6.541192
0, 6.258023
0, 6.059805
0, 5.804954
0, 5.606736
0, 5.691686
0, 5.748320
0, 6.767726
0, 6.796043
0, 6.201389
0, 7.787133
0, 9.202975
0, 8.693272
0, 7.957034
0, 7.277430
0, 7.617232
0, 8.551688
0, 8.834856
0, 8.495054
0, 8.410103
0, 9.061391
0, 8.353470
0, 7.730499
0, 7.305746
0, 6.909311
0, 6.597825
0, 6.399607
0, 6.031488
0, 5.748320
0, 5.606736
0, 6.258023
0, 6.682776
0, 6.116439
0, 5.550102
0, 5.210300
0, 4.983765
0, 4.757230
0, 4.530695
0, 4.332478
0, 4.190893
0, 4.049309
0, 3.964359
0, 3.822774
0, 3.709507
0, 3.539606
0, 3.454655
0, 3.284754
0, 3.228121
0, 3.256437
0, 3.369705
0, 3.313071
0, 3.058219
0, 3.001586
0, 2.888318
0, 2.772219
0, 2.684437
0, 2.624972
0, 2.520199
0, 2.409764
0, 2.299328
0, 2.217209
0, 2.146417
0, 2.086952
0, 2.027486
0, 2.027486
0, 2.047308
0, 2.050140
0, 2.002001
0, 1.951031
0, 2.078457
0, 2.143585
0, 1.973684
0, 1.766971
0, 1.710338
0, 1.687684
0, 1.684852
0, 1.682021
0, 1.568753
0, 1.486634
0, 1.418674
0, 1.381862
0, 1.336555
0, 1.319565
0, 1.328060
0, 1.302575
0, 1.305407
0, 1.226119
0, 1.169486
0, 1.231783
0, 1.234615
0, 1.203466
0, 1.090199
0, 1.033565
0, 0.974100
0, 0.931624
0, 0.900476
0, 0.872159
0, 0.838179
0, 0.801367
0, 0.770218
0, 0.741901
0, 0.724911
0, 0.716416
0, 0.699426
0, 0.716416
0, 0.699426
0, 0.719248
0, 0.815525
0, 0.826852
0, 0.801367
0, 0.807030
0, 0.761723
0, 0.733406
0, 0.722080
0, 0.679604
0, 0.654119
0, 0.634297
0, 0.614476
0, 0.608812
0, 0.600317
0, 0.605981
0, 0.569169
0, 0.546515
0, 0.535188
0, 0.543683
0, 0.535188
0, 0.512535
0, 0.506872
0, 0.509703
0, 0.512535
0, 0.504040
0, 0.484218
0, 0.481386
0, 0.484218
0, 0.464396
0, 0.455901
0, 0.447406
0, 0.441743
0, 0.450238
0, 0.521030
0, 0.557842
0, 0.552179
0, 0.523862
0, 0.515367
0, 0.487050
0, 0.464396
0, 0.444574
0, 0.427584
0, 0.416258
0, 0.413426
0, 0.416258
0, 0.404931
0, 0.404931
0, 0.402099
0, 0.393604
0, 0.419089
0, 0.424753
0, 0.410594
0, 0.419089
0, 0.399268
0, 0.387941
0, 0.373782
0, 0.362456
0, 0.356792
0, 0.365287
0, 0.379446
0, 0.385109
0, 0.385109
0, 0.402099
0, 0.404931
0, 0.393604
0, 0.387941
0, 0.385109
0, 0.379446
0, 0.370951
0, 0.373782
0, 0.368119
0, 0.373782
0, 0.370951
0, 0.390772
0, 0.427584
0, 0.574832
0, 1.002416
0, 0.877822
0, 0.855169
0, 0.821189
0, 0.792872
0, 0.651287
0, 0.591822
0, 0.566337
0, 0.555010
0, 0.588990
0, 0.588990
0, 0.574832
0, 0.549347
0, 0.529525
0, 0.509703
0, 0.492713
0, 0.651287
0, 0.753228
0, 3.737824
0, 3.879408
0, 3.001586
0, 2.395605
0, 1.716001
0, 1.336555
0, 1.138337
0, 0.999585
0, 0.917466
0, 0.855169
0, 0.829684
0, 0.798535
0, 0.781545
0, 0.758891
0, 0.747565
0, 0.730575
0, 0.719248
0, 0.722080
0, 0.719248
0, 0.722080
0, 0.713585
0, 0.710753
0, 0.824020
0, 0.869327
0, 1.104357
0, 1.721664
0, 1.546100
0, 1.328060
0, 2.098278
0, 5.833270
0, 10.618817
0, 17.018425
0, 12.232878
0, 8.240202
0, 5.578419
0, 4.190893
0, 3.313071
0, 2.806199
0, 2.503209
0, 3.086536
0, 3.199804
0, 4.020992
0, 5.408518
0, 5.068716
0, 25.145360
0, 152.061466
0, 161.406026
0, 67.960432
0, 39.926754
0, 28.600015
0, 22.002190
0, 17.641395
0, 14.809711
0, 12.685947
0, 11.071887
0, 9.740995
0, 8.778222
0, 8.693272
0, 8.211886
0, 11.241788
0, 16.537038
0, 28.600015
0, 58.332704
0, 43.324775
0, 31.998037
0, 32.281205
0, 62.013894
0, 52.669335
0, 44.174281
0, 37.944574
0, 42.192101
0, 40.493091
0, 38.510911
0, 35.112890
0, 30.299026
0, 27.835460
0, 30.865363
0, 36.245564
0, 52.102998
0, 50.403987
0, 46.722797
0, 64.279242
0, 105.338669
0, 89.764404
0, 83.817866
0, 71.641622
0, 56.350525
0, 44.174281
0, 39.360417
0, 32.847542
0, 27.977044
0, 24.409122
0, 21.492487
0, 19.850109
0, 17.669712
0, 15.574266
0, 14.158423
0, 13.082383
0, 12.176244
0, 12.770898
0, 25.938231
0, 22.625160
0, 27.580609
0, 35.396058
0, 59.748546
0, 80.986181
0, 80.419844
0, 75.039643
0, 54.934682
0, 40.493091
0, 37.378238
0, 49.837650
0, 52.386166
0, 47.855471
0, 41.342596
0, 35.679227
0, 30.299026
0, 26.674469
0, 23.191497
0, 20.303179
0, 18.122782
0, 16.423771
0, 15.121196
0, 14.045156
0, 13.280601
0, 12.459413
0, 11.808125
0, 11.128521
0, 10.562184
0, 9.882579
0, 9.259609
0, 8.834856
0, 8.438420
0, 9.457827
0, 9.202975
0, 8.325153
0, 8.098618
0, 7.758816
0, 7.305746
0, 7.050895
0, 8.608321
0, 8.155252
0, 7.588915
0, 7.985351
0, 7.843767
0, 8.268519
0, 16.168919
0, 25.173677
0, 24.154270
0, 20.133278
0, 22.880012
0, 25.626746
0, 23.418032
0, 21.832289
0, 19.510307
0, 18.037831
0, 17.698029
0, 16.027335
0, 19.085555
0, 21.067734
0, 19.821793
0, 19.595258
0, 19.142188
0, 17.641395
0, 16.225553
0, 14.838028
0, 13.507136
0, 12.997433
0, 13.422185
0, 13.960205
0, 14.668127
0, 16.168919
0, 16.168919
0, 14.979612
0, 13.648720
0, 12.629314
0, 11.808125
0, 11.128521
0, 10.477233
0, 9.712678
0, 9.118025
0, 8.495054
0, 8.325153
0, 8.778222
0, 8.693272
0, 9.599411
0, 13.252284
0, 22.172091
0, 19.595258
0, 16.310504
0, 14.158423
0, 12.714264
0, 11.949709
0, 11.553273
0, 10.703768
0, 9.712678
0, 8.948124
0, 8.325153
0, 7.815450
0, 7.362380
0, 6.965944
0, 6.626142
0, 6.286340
0, 6.003171
0, 5.833270
0, 5.635052
0, 5.323567
0, 5.125349
0, 5.012082
0, 4.870498
0, 4.672280
0, 4.445745
0, 4.162576
0, 4.134260
0, 4.219210
0, 4.247527
0, 4.077626
0, 4.020992
0, 3.794457
0, 3.596240
0, 3.539606
0, 3.426338
0, 3.313071
0, 3.171487
0, 3.029903
0, 2.944952
0, 2.888318
0, 3.284754
0, 3.596240
0, 3.228121
0, 3.313071
0, 4.927131
0, 4.700597
0, 3.822774
0, 3.737824
0, 4.049309
0, 3.681190
0, 3.369705
0, 3.143170
0, 2.973269
0, 2.811863
0, 2.687269
0, 2.590991
0, 2.486219
0, 2.367288
0, 2.239863
0, 2.171902
0, 2.123763
0, 2.044476
0, 1.953862
0, 1.891565
0, 1.846258
0, 1.772635
0, 1.687684
0, 1.619724
0, 1.585743
0, 1.557427
0, 1.492298
0, 1.430001
0, 1.421506
0, 1.452654
0, 1.415842
0, 1.339387
0, 1.243110
0, 1.158159
0, 1.112852
0, 1.059050
0, 1.008080
0, 0.957109
0, 0.985426
0, 0.959941
0, 0.900476
0, 0.883486
0, 0.872159
0, 0.849505
0, 0.838179
0, 0.826852
0, 0.815525
0, 0.798535
0, 0.781545
0, 0.747565
0, 0.741901
0, 0.722080
0, 0.710753
0, 0.713585
0, 0.690931
0, 0.696594
0, 0.713585
0, 0.702258
0, 0.699426
0, 0.651287
0, 0.631466
0, 0.625802
0, 0.622971
0, 0.622971
0, 0.625802
0, 0.608812
0, 0.588990
0, 0.560674
0, 0.501208
0, 0.467228
0, 0.453070
0, 0.464396
0, 0.501208
0, 0.529525
0, 0.662614
0, 0.807030
0, 0.894812
0, 0.778713
0, 0.642792
0, 0.594654
0, 0.535188
0, 0.535188
0, 0.526693
0, 0.526693
0, 0.509703
0, 0.492713
0, 0.495545
0, 0.498377
0, 0.489881
0, 0.475723
0, 0.455901
0, 0.444574
0, 0.438911
0, 0.416258
0, 0.393604
0, 0.399268
0, 0.376614
0, 0.365287
0, 0.365287
0, 0.373782
0, 0.353961
0, 0.328475
0, 0.314317
0, 0.308654
0, 0.331307
0, 0.331307
0, 0.339802
0, 0.370951
0, 0.359624
0, 0.353961
0, 0.390772
0, 0.396436
0, 0.385109
0, 0.385109
0, 0.365287
0, 0.342634
0, 0.345466
0, 0.351129
0, 0.419089
0, 1.396021
0, 1.605565
0, 1.226119
0, 0.889149
0, 0.767387
0, 0.705089
0, 0.662614
0, 0.611644
0, 0.594654
0, 0.574832
0, 0.555010
0, 0.538020
0, 0.535188
0, 0.549347
0, 0.532357
0, 0.518198
0, 0.523862
0, 0.543683
0, 0.540852
0, 0.552179
0, 0.552179
0, 0.526693
0, 0.501208
0, 0.489881
0, 0.475723
0, 0.475723
0, 0.487050
0, 0.540852
0, 0.605981
0, 0.642792
0, 1.112852
0, 4.020992
0, 5.097032
0, 4.445745
0, 3.766141
0, 3.228121
0, 4.077626
0, 3.879408
0, 4.700597
0, 11.864759
0, 27.099222
0, 24.012686
0, 14.668127
0, 9.429510
0, 6.994261
0, 5.606736
0, 4.672280
0, 4.389111
0, 4.842181
0, 4.474062
0, 3.992675
0, 3.596240
0, 3.313071
0, 3.086536
0, 2.888318
0, 2.709922
0, 2.548516
0, 2.412595
0, 2.321981
0, 2.557011
0, 2.916635
0, 2.670279
0, 2.418259
0, 2.276674
0, 2.194556
0, 2.265348
0, 2.262516
0, 2.123763
0, 2.035981
0, 2.211546
0, 5.295250
0, 8.806539
0, 8.240202
0, 6.371290
0, 5.436835
0, 9.429510
0, 12.459413
0, 10.279015
0, 21.096051
0, 32.847542
0, 27.184173
0, 21.662388
0, 25.711697
0, 21.350902
0, 25.201993
0, 50.970324
0, 66.261421
0, 59.748546
0, 41.908933
0, 42.475270
0, 111.568376
0, 88.914898
0, 50.120818
0, 38.510911
0, 38.227743
0, 47.572302
0, 64.845579
0, 63.429736
0, 47.005965
0, 34.546553
0, 27.439024
0, 22.738428
0, 19.340406
0, 16.820207
0, 14.894661
0, 13.280601
0, 11.949709
0, 10.817035
0, 9.854263
0, 9.089708
0, 8.495054
0, 7.900400
0, 7.390697
0, 7.390697
0, 7.050895
0, 6.626142
0, 7.419014
0, 6.909311
0, 6.314657
0, 5.946538
0, 5.550102
0, 5.323567
0, 5.068716
0, 4.898814
0, 4.700597
0, 5.153666
0, 5.408518
0, 4.955448
0, 4.983765
0, 5.181983
0, 6.116439
0, 6.767726
0, 7.503964
0, 7.220796
0, 7.164162
0, 6.909311
0, 6.541192
0, 6.286340
0, 5.776637
0, 5.465151
0, 5.238617
0, 5.521785
0, 8.976440
0, 21.832289
0, 24.579023
0, 36.528732
0, 31.714868
0, 25.173677
0, 21.209318
0, 24.805558
0, 23.616250
0, 19.991694
0, 20.982783
0, 24.012686
0, 21.634071
0, 20.642981
0, 19.736842
0, 18.490901
0, 16.650306
0, 15.149513
0, 13.846938
0, 13.761987
0, 30.582194
0, 35.112890
0, 31.431700
0, 27.070905
0, 23.474666
0, 20.671298
0, 18.236049
0, 16.593672
0, 15.291097
0, 14.271691
0, 13.931889
0, 14.668127
0, 13.733671
0, 12.969116
0, 15.291097
0, 14.696443
0, 13.705354
0, 13.025749
0, 15.659216
0, 21.322585
0, 20.926150
0, 18.660802
0, 16.310504
0, 14.469909
0, 12.940799
0, 11.808125
0, 10.788719
0, 9.797629
0, 9.089708
0, 10.873669
0, 11.156838
0, 10.279015
0, 9.231292
0, 8.664955
0, 8.098618
0, 7.475648
0, 6.965944
0, 6.512875
0, 6.144756
0, 5.776637
0, 5.436835
0, 5.181983
0, 4.983765
0, 4.842181
0, 4.785547
0, 4.700597
0, 4.559012
0, 4.275844
0, 5.720003
0, 6.427924
0, 9.514460
0, 21.605754
0, 19.453674
0, 20.076644
0, 16.820207
0, 14.016839
0, 12.006343
0, 10.420600
0, 9.684362
0, 9.316243
0, 12.006343
0, 12.034660
0, 10.562184
0, 9.372876
0, 8.353470
0, 7.702182
0, 7.164162
0, 6.512875
0, 5.974855
0, 5.521785
0, 5.125349
0, 4.785547
0, 4.474062
0, 4.275844
0, 3.992675
0, 3.709507
0, 3.454655
0, 3.256437
0, 3.143170
0, 3.058219
0, 2.916635
0, 3.539606
0, 4.105943
0, 3.766141
0, 3.369705
0, 3.029903
0, 2.800536
0, 2.678774
0, 2.613645
0, 2.545685
0, 3.313071
0, 3.681190
0, 2.888318
0, 2.494714
0, 2.293665
0, 2.180397
0, 2.064298
0, 2.103942
0, 2.115268
0, 1.962357
0, 1.843427
0, 1.727328
0, 1.659367
0, 1.645209
0, 1.633882
0, 1.531941
0, 1.475308
0, 1.413011
0, 1.356377
0, 1.282753
0, 1.226119
0, 1.186476
0, 1.152496
0, 1.135506
0, 1.138337
0, 1.144001
0, 1.138337
0, 1.095862
0, 1.070377
0, 1.189308
0, 1.693347
0, 1.415842
0, 1.231783
0, 1.098694
0, 0.988258
0, 0.894812
0, 0.846674
0, 0.824020
0, 0.775882
0, 0.775882
0, 0.767387
0, 0.773050
0, 0.741901
0, 0.719248
0, 0.668278
0, 0.639961
0, 0.600317
0, 0.569169
0, 0.560674
0, 0.557842
0, 0.555010
0, 0.552179
0, 0.538020
0, 0.521030
0, 0.529525
0, 0.549347
0, 0.586159
0, 0.572000
0, 0.557842
0, 0.521030
0, 0.518198
0, 0.504040
0, 0.484218
0, 0.504040
0, 0.484218
0, 0.450238
0, 0.416258
0, 0.387941
0, 0.362456
0, 0.362456
0, 0.342634
0, 0.348297
0, 0.336970
0, 0.345466
0, 0.368119
0, 0.359624
0, 0.351129
0, 0.404931
0, 0.399268
0, 0.390772
0, 0.387941
0, 0.362456
0, 0.336970
0, 0.317149
0, 0.399268
0, 0.679604
0, 0.665446
0, 0.549347
0, 0.523862
0, 0.495545
0, 0.453070
0, 0.413426
0, 0.404931
0, 0.427584
0, 0.421921
0, 0.419089
0, 0.430416
0, 0.427584
0, 0.413426
0, 0.416258
0, 0.382277
0, 0.359624
0, 0.345466
0, 0.334139
0, 0.334139
0, 0.325644
0, 0.319980
0, 0.322812
0, 0.339802
0, 0.390772
0, 0.396436
0, 0.407763
0, 0.421921
0, 0.424753
0, 0.419089
0, 0.407763
0, 0.399268
0, 0.390772
0, 0.385109
0, 0.373782
0, 0.373782
0, 0.359624
0, 0.365287
0, 0.736238
0, 0.934456
0, 0.880654
0, 0.739070
0, 0.846674
0, 0.750396
0, 0.744733
0, 0.617307
0, 0.580495
0, 0.620139
0, 0.974100
0, 1.039228
0, 0.925961
0, 1.945367
0, 2.095447
0, 1.537605
0, 1.500793
0, 1.885902
0, 1.866080
0, 1.605565
0, 1.197803
0, 0.988258
0, 0.894812
0, 1.809446
0, 4.983765
0, 10.335649
0, 8.948124
0, 8.240202
0, 8.240202
0, 9.316243
0, 10.335649
0, 8.863173
0, 6.994261
0, 5.691686
0, 10.760402
0, 14.838028
0, 11.666541
0, 12.147927
0, 15.687533
0, 28.600015
0, 26.504568
0, 17.924564
0, 13.167334
0, 13.818621
0, 25.400211
0, 20.444763
0, 15.432681
0, 12.431096
0, 10.448916
0, 8.948124
0, 7.758816
0, 6.824360
0, 6.116439
0, 5.635052
0, 5.153666
0, 3.964359
0, 3.398022
0, 3.114853
0, 3.114853
0, 3.114853
0, 3.681190
0, 3.992675
0, 19.170505
0, 44.457449
0, 35.396058
0, 24.607340
0, 19.085555
0, 16.735256
0, 31.431700
0, 33.130711
0, 26.561202
0, 21.492487
0, 17.896247
0, 15.177830
0, 13.139017
0, 11.524957
0, 10.562184
0, 13.082383
0, 28.316847
0, 52.952503
0, 47.289134
0, 35.962395
0, 28.288530
0, 24.069320
0, 30.865363
0, 30.015857
0, 27.099222
0, 25.598429
0, 21.662388
0, 18.859020
0, 25.966548
0, 33.980216
0, 36.245564
0, 33.130711
0, 43.041607
0, 40.209922
0, 43.324775
0, 37.661406
0, 30.865363
0, 25.570112
0, 21.407536
0, 18.009514
0, 16.763573
0, 20.104961
0, 18.490901
0, 15.885751
0, 14.215057
0, 12.997433
0, 12.289511
0, 11.921392
0, 12.091293
0, 14.130106
0, 15.432681
0, 17.584762
0, 17.924564
0, 16.338820
0, 15.999018
0, 14.328324
0, 13.223967
0, 12.402779
0, 12.884165
0, 21.322585
0, 25.088726
0, 22.993279
0, 20.388130
0, 18.717436
0, 16.876841
0, 15.121196
0, 13.733671
0, 12.516046
0, 11.440006
0, 10.477233
0, 10.732085
0, 16.452088
0, 15.942385
0, 27.523975
0, 33.413879
0, 26.957638
0, 21.917239
0, 18.774069
0, 16.678623
0, 15.036246
0, 13.308918
0, 12.034660
0, 11.043570
0, 10.279015
0, 9.542777
0, 9.656045
0, 10.647134
0, 32.281205
0, 35.112890
0, 26.646153
0, 21.464170
0, 18.037831
0, 15.517632
0, 13.705354
0, 12.289511
0, 11.213471
0, 10.477233
0, 10.250698
0, 9.599411
0, 8.806539
0, 11.298422
0, 32.281205
0, 30.015857
0, 24.154270
0, 51.536661
0, 84.950540
0, 69.376274
0, 45.873291
0, 41.342596
0, 41.625765
0, 37.095069
0, 35.112890
0, 41.059428
0, 36.528732
0, 33.697047
0, 29.449520
0, 25.088726
0, 23.021596
0, 22.795062
0, 19.991694
0, 17.358227
0, 15.829117
0, 14.186740
0, 12.827532
0, 11.779808
0, 10.986936
0, 10.930303
0, 10.165748
0, 9.259609
0, 8.608321
0, 8.183569
0, 7.815450
0, 7.645549
0, 17.301593
0, 20.218228
0, 21.067734
0, 19.028921
0, 16.480405
0, 14.356641
0, 13.733671
0, 13.592086
0, 12.317828
0, 11.270105
0, 10.420600
0, 9.684362
0, 9.004757
0, 8.608321
0, 8.183569
0, 7.560598
0, 7.107528
0, 6.682776
0, 6.314657
0, 6.003171
0, 5.748320
0, 5.663369
0, 5.748320
0, 5.974855
0, 6.512875
0, 7.872083
0, 7.532281
0, 6.597825
0, 6.173073
0, 6.796043
0, 6.937627
0, 6.286340
0, 5.833270
0, 5.521785
0, 5.663369
0, 5.550102
0, 9.259609
0, 13.280601
0, 24.324171
0, 20.982783
0, 16.537038
0, 13.931889
0, 11.836442
0, 10.901986
0, 12.147927
0, 12.062977
0, 10.873669
0, 9.797629
0, 8.806539
0, 8.070301
0, 7.532281
0, 7.135845
0, 6.909311
0, 6.512875
0, 6.088122
0, 5.861587
0, 5.550102
0, 5.210300
0, 4.898814
0, 4.502379
0, 4.275844
0, 4.049309
0, 3.794457
0, 3.624556
0, 3.454655
0, 3.256437
0, 3.284754
0, 3.313071
0, 3.058219
0, 2.860002
0, 2.709922
0, 2.517368
0, 2.299328
0, 2.183229
0, 2.052971
0, 2.004833
0, 1.968021
0, 1.919882
0, 1.843427
0, 1.755644
0, 1.679189
0, 1.633882
0, 1.588575
0, 1.599902
0, 1.534773
0, 1.475308
0, 1.444159
0, 1.404516
0, 1.364872
0, 1.305407
0, 1.240278
0, 1.206298
0, 1.200634
0, 1.197803
0, 1.172317
0, 1.155327
0, 1.152496
0, 1.152496
0, 1.127010
0, 1.084535
0, 1.064713
0, 1.013743
0, 1.002416
0, 0.974100
0, 0.957109
0, 0.959941
0, 0.968436
0, 0.917466
0, 0.883486
0, 0.826852
0, 0.804198
0, 0.770218
0, 0.761723
0, 0.753228
0, 0.747565
0, 0.761723
0, 0.736238
0, 0.736238
0, 0.699426
0, 0.634297
0, 0.577664
0, 0.560674
0, 0.546515
0, 0.532357
0, 0.546515
0, 0.764555
0, 0.838179
0, 0.843842
0, 0.849505
0, 0.923129
0, 0.719248
0, 0.645624
0, 0.611644
0, 0.648456
0, 0.739070
0, 0.705089
0, 0.699426
0, 0.676773
0, 0.620139
0, 0.594654
0, 0.563505
0, 0.560674
0, 0.603149
0, 0.639961
0, 0.991090
0, 1.701842
0, 1.738654
0, 1.444159
0, 1.257268
0, 1.061882
0, 0.993921
0, 0.945783
0, 0.925961
0, 0.923129
0, 0.894812
0, 0.891981
0, 0.843842
0, 0.815525
0, 0.804198
0, 0.787208
0, 0.792872
0, 0.778713
0, 0.761723
0, 0.747565
0, 0.775882
0, 0.877822
0, 1.160991
0, 1.401684
0, 1.362040
0, 1.076040
0, 0.948614
0, 0.891981
0, 0.843842
0, 0.812693
0, 0.826852
0, 0.801367
0, 0.790040
0, 0.778713
0, 0.787208
0, 0.821189
0, 3.964359
0, 7.050895
0, 6.739409
0, 4.757230
0, 3.596240
0, 3.143170
0, 2.616477
0, 3.256437
0, 3.596240
0, 4.077626
0, 4.615646
0, 3.652873
0, 3.001586
0, 2.613645
0, 5.210300
0, 6.144756
0, 5.918221
0, 11.213471
0, 10.448916
0, 7.702182
0, 6.201389
0, 5.408518
0, 4.785547
0, 4.643963
0, 5.210300
0, 23.191497
0, 25.201993
0, 20.586347
0, 16.480405
0, 17.924564
0, 27.552292
0, 20.642981
0, 15.347731
0, 13.507136
0, 15.602582
0, 15.007929
0, 13.478819
0, 17.641395
0, 35.679227
0, 30.015857
0, 22.993279
0, 18.236049
0, 14.979612
0, 12.799215
0, 11.383372
0, 19.142188
0, 41.342596
0, 60.314883
0, 53.518840
0, 52.952503
0, 48.138639
0, 67.960432
0, 61.164389
0, 46.439628
0, 36.245564
0, 33.130711
0, 32.564374
0, 34.546553
0, 33.980216
0, 28.316847
0, 23.389715
0, 19.850109
0, 17.924564
0, 23.163181
0, 30.865363
0, 52.386166
0, 96.843615
0, 73.340633
0, 48.988145
0, 35.962395
0, 28.203579
0, 22.936646
0, 19.283773
0, 16.848524
0, 15.036246
0, 13.563770
0, 12.657630
0, 11.978026
0, 11.468323
0, 10.533867
0, 11.949709
0, 19.906743
0, 23.248131
0, 24.154270
0, 76.172317
0, 130.540663
0, 88.631730
0, 56.067356
0, 40.493091
0, 31.998037
0, 26.391301
0, 22.002190
0, 18.802386
0, 16.395454
0, 14.583176
0, 13.252284
0, 12.119610
0, 11.298422
0, 10.505550
0, 9.684362
0, 8.976440
0, 8.410103
0, 7.957034
0, 7.588915
0, 7.334063
0, 7.079212
0, 7.135845
0, 7.588915
0, 7.107528
0, 6.654459
0, 6.399607
0, 6.229706
0, 7.985351
0, 9.061391
0, 24.182587
0, 25.655063
0, 19.850109
0, 16.480405
0, 14.866344
0, 13.054066
0, 11.893076
0, 11.609907
0, 13.082383
0, 15.715850
0, 14.441592
0, 12.770898
0, 12.176244
0, 34.546553
0, 94.578268
0, 85.516877
0, 57.766367
0, 43.891112
0, 41.059428
0, 33.130711
0, 27.382391
0, 23.757834
0, 21.322585
0, 31.998037
0, 30.299026
0, 24.862191
0, 24.239221
0, 37.095069
0, 40.493091
0, 59.182209
0, 61.164389
0, 47.855471
0, 37.944574
0, 31.148531
0, 26.646153
0, 22.823378
0, 19.793476
0, 18.490901
0, 18.490901
0, 18.830703
0, 22.172091
0, 27.325757
0, 26.051499
0, 29.732689
0, 30.865363
0, 28.600015
0, 25.994865
0, 23.021596
0, 19.991694
0, 19.368723
0, 19.821793
0, 21.520803
0, 20.218228
0, 18.179416
0, 16.338820
0, 15.347731
0, 14.554859
0, 12.742581
0, 14.866344
0, 25.485162
0, 42.475270
0, 31.148531
0, 25.485162
0, 21.237635
0, 18.405950
0, 15.574266
0, 14.158423
0, 13.592086
0, 12.742581
0, 18.405950
0, 26.844371
0, 25.598429
0, 24.918825
0, 24.352488
0, 24.069320
0, 21.294269
0, 18.604168
0, 16.310504
0, 14.413275
0, 13.025749
0, 12.034660
0, 11.666541
0, 10.986936
0, 10.363966
0, 9.486144
0, 8.976440
0, 8.664955
0, 8.126935
0, 7.730499
0, 7.475648
0, 7.192479
0, 7.192479
0, 7.334063
0, 6.654459
0, 6.258023
0, 6.003171
0, 5.804954
0, 5.606736
0, 5.521785
0, 6.059805
0, 6.088122
0, 7.419014
0, 7.900400
0, 7.815450
0, 7.107528
0, 7.362380
0, 7.475648
0, 7.079212
0, 6.569508
0, 6.088122
0, 5.635052
0, 5.323567
0, 5.068716
0, 4.927131
0, 4.672280
0, 4.474062
0, 4.304161
0, 4.219210
0, 4.389111
0, 4.190893
0, 3.851091
0, 3.596240
0, 3.454655
0, 3.313071
0, 3.256437
0, 3.199804
0, 3.114853
0, 2.916635
0, 2.777883
0, 2.684437
0, 2.574001
0, 2.443744
0, 2.398437
0, 2.599487
0, 2.692932
0, 2.503209
0, 2.333308
0, 2.183229
0, 2.064298
0, 2.021823
0, 1.894397
0, 1.803783
0, 1.718833
0, 1.684852
0, 1.636714
0, 1.585743
0, 1.557427
0, 1.662199
0, 1.800951
0, 1.716001
0, 1.602734
0, 1.885902
0, 2.021823
0, 2.030318
0, 1.905724
0, 1.707506
0, 1.574417
0, 1.503625
0, 1.415842
0, 1.319565
0, 1.262931
0, 1.240278
0, 1.209129
0, 1.160991
0, 1.160991
0, 1.084535
0, 1.059050
0, 1.008080
0, 0.959941
0, 0.931624
0, 0.917466
0, 0.903307
0, 0.894812
0, 0.897644
0, 0.883486
0, 0.886317
0, 0.843842
0, 0.804198
0, 0.770218
0, 0.741901
0, 0.753228
0, 0.730575
0, 0.719248
0, 0.693763
0, 0.665446
0, 0.656951
0, 0.628634
0, 0.591822
0, 0.591822
0, 0.588990
0, 0.586159
0, 0.563505
0, 0.552179
0, 0.529525
0, 0.523862
0, 0.512535
0, 0.498377
0, 0.487050
0, 0.472891
0, 0.461565
0, 0.455901
0, 0.441743
0, 0.421921
0, 0.419089
0, 0.413426
0, 0.402099
0, 0.396436
0, 0.370951
0, 0.376614
0, 0.379446
0, 0.396436
0, 0.416258
0, 0.419089
0, 0.419089
0, 0.419089
0, 0.416258
0, 0.396436
0, 0.404931
0, 0.390772
0, 0.365287
0, 0.376614
0, 0.368119
0, 0.359624
0, 0.390772
0, 0.379446
0, 0.399268
0, 0.396436
0, 0.402099
0, 0.410594
0, 0.574832
0, 0.812693
0, 0.858000
0, 1.090199
0, 1.013743
0, 0.937288
0, 0.798535
0, 0.741901
0, 0.809862
0, 0.979763
0, 1.234615
0, 1.155327
0, 0.931624
0, 0.829684
0, 0.770218
0, 0.730575
0, 0.707921
0, 0.676773
0, 0.656951
0, 0.662614
0, 0.659783
0, 0.662614
0, 0.656951
0, 0.637129
0, 0.639961
0, 0.648456
0, 0.637129
0, 0.676773
0, 0.705089
0, 0.739070
0, 0.792872
0, 0.849505
0, 0.826852
0, 0.841010
0, 1.005248
0, 1.410179
0, 1.353545
0, 1.194971
0, 1.064713
0, 0.906139
0, 0.869327
0, 0.869327
0, 0.968436
0, 1.163822
0, 1.257268
0, 1.206298
0, 3.256437
0, 6.767726
0, 7.957034
0, 6.711093
0, 5.295250
0, 17.188326
0, 29.449520
0, 25.485162
0, 18.604168
0, 13.592086
0, 10.505550
0, 11.015253
0, 9.401193
0, 8.240202
0, 7.390697
0, 6.484558
0, 5.833270
0, 5.238617
0, 4.813864
0, 4.417428
0, 4.077626
0, 3.851091
0, 3.596240
0, 3.398022
0, 3.199804
0, 3.029903
0, 2.888318
0, 2.735407
0, 2.752397
0, 2.684437
0, 2.602318
0, 2.469229
0, 2.353130
0, 2.256853
0, 2.180397
0, 2.101110
0, 2.033150
0, 1.965189
0, 2.061466
0, 2.463566
0, 2.690100
0, 19.821793
0, 50.970324
0, 101.940648
0, 62.297063
0, 45.306955
0, 36.811901
0, 31.148531
0, 26.901004
0, 24.069320
0, 21.237635
0, 18.405950
0, 15.574266
0, 13.592086
0, 11.893076
0, 10.194065
0, 9.061391
0, 7.928717
0, 7.645549
0, 7.673865
0, 7.503964
0, 12.685947
0, 147.813939
0, 272.974401
0, 205.863475
0, 145.548592
0, 100.807974
0, 73.623801
0, 64.562410
0, 75.039643
0, 57.766367
0, 44.740618
0, 33.980216
0, 27.608925
0, 28.288530
0, 24.182587
0, 22.200408
0, 19.566941
0, 17.188326
0, 15.262780
0, 13.705354
0, 12.487729
0, 11.468323
0, 11.440006
0, 13.110700
0, 12.487729
0, 12.034660
0, 11.071887
0, 11.496640
0, 11.383372
0, 11.779808
0, 11.241788
0, 11.015253
0, 11.978026
0, 13.139017
0, 13.507136
0, 13.931889
0, 21.662388
0, 30.582194
0, 26.985955
0, 31.998037
0, 33.130711
0, 28.316847
0, 24.833874
0, 39.360417
0, 37.944574
0, 33.130711
0, 29.449520
0, 27.269123
0, 27.184173
0, 23.021596
0, 19.935060
0, 17.613079
0, 15.914068
0, 16.395454
0, 20.218228
0, 52.952503
0, 45.023786
0, 103.073322
0, 118.647587
0, 96.277278
0, 68.809937
0, 48.704976
0, 38.227743
0, 45.590123
0, 43.607944
0, 43.324775
0, 40.493091
0, 36.811901
0, 34.263384
0, 31.148531
0, 31.998037
0, 49.837650
0, 123.744620
0, 158.574341
0, 121.196103
0, 79.004002
0, 53.802009
0, 42.192101
0, 37.378238
0, 31.148531
0, 26.816054
0, 23.021596
0, 19.963377
0, 17.669712
0, 16.253870
0, 15.177830
0, 14.186740
0, 12.516046
0, 11.355055
0, 12.544363
0, 12.317828
0, 11.666541
0, 11.609907
0, 12.572680
0, 12.119610
0, 11.241788
0, 10.335649
0, 9.542777
0, 9.033074
0, 9.231292
0, 10.335649
0, 9.571094
0, 8.721589
0, 8.693272
0, 8.919807
0, 8.891490
0, 17.273276
0, 21.577437
0, 20.586347
0, 17.952881
0, 15.347731
0, 13.252284
0, 11.609907
0, 10.335649
0, 9.372876
0, 8.551688
0, 7.843767
0, 7.249113
0, 6.767726
0, 6.371290
0, 5.974855
0, 5.748320
0, 5.436835
0, 5.238617
0, 5.323567
0, 5.663369
0, 5.578419
0, 5.776637
0, 6.427924
0, 5.351884
0, 4.927131
0, 4.643963
0, 4.360794
0, 4.105943
0, 3.879408
0, 3.709507
0, 3.709507
0, 3.624556
0, 3.879408
0, 4.332478
0, 4.105943
0, 4.049309
0, 4.247527
0, 4.417428
0, 4.077626
0, 3.652873
0, 3.454655
0, 3.313071
0, 3.114853
0, 2.916635
0, 2.752397
0, 2.588160
0, 2.585328
0, 2.707091
0, 2.619308
0, 2.480556
0, 2.435249
0, 2.656120
0, 2.749566
0, 2.769388
0, 3.284754
0, 2.973269
0, 2.551348
0, 2.412595
0, 2.480556
0, 2.692932
0, 2.520199
0, 2.378615
0, 2.316318
0, 2.160575
0, 2.004833
0, 1.897229
0, 1.849090
0, 1.812278
0, 1.815110
0, 1.766971
0, 1.684852
0, 1.594238
0, 1.537605
0, 1.495130
0, 1.480971
0, 1.486634
0, 1.475308
0, 1.466813
0, 1.430001
0, 1.407347
0, 1.370535
0, 1.325228
0, 1.268595
0, 1.206298
0, 1.183644
0, 1.160991
0, 1.149664
0, 1.104357
0, 1.064713
0, 1.053387
0, 1.002416
0, 0.965604
0, 0.959941
0, 0.911802
0, 0.869327
0, 0.843842
0, 0.829684
0, 0.835347
0, 0.838179
0, 0.792872
0, 0.812693
0, 0.756060
0, 0.727743
0, 0.693763
0, 0.693763
0, 0.688099
0, 0.679604
0, 0.688099
0, 0.702258
0, 0.673941
0, 0.676773
0, 0.648456
0, 0.628634
0, 0.608812
0, 0.586159
0, 0.583327
0, 0.600317
0, 0.605981
0, 0.586159
0, 0.566337
0, 0.560674
0, 0.552179
0, 0.546515
0, 0.540852
0, 0.546515
0, 0.521030
0, 0.495545
0, 0.481386
0, 0.467228
0, 0.461565
0, 0.487050
0, 0.489881
0, 0.478555
0, 0.453070
0, 0.413426
0, 0.402099
0, 0.430416
0, 0.419089
0, 0.421921
0, 0.419089
0, 0.416258
0, 0.444574
0, 0.481386
0, 0.487050
0, 0.495545
0, 0.455901
0, 0.436079
0, 0.438911
0, 0.424753
0, 0.410594
0, 0.399268
0, 0.387941
0, 0.339802
0, 0.362456
0, 0.331307
0, 0.322812
0, 0.328475
0, 0.319980
0, 0.351129
0, 0.342634
0, 0.376614
0, 0.387941
0, 0.455901
0, 0.914634
0, 1.005248
0, 1.305407
0, 2.460734
0, 2.888318
0, 1.537605
0, 1.115684
0, 1.093030
0, 1.313902
0, 1.673526
0, 1.843427
0, 1.622555
0, 1.565922
0, 1.311070
0, 1.393189
0, 3.284754
0, 8.636638
0, 9.061391
0, 6.682776
0, 9.202975
0, 9.967530
0, 8.381787
0, 6.654459
0, 5.238617
0, 4.304161
0, 3.624556
0, 3.114853
0, 2.752397
0, 2.446576
0, 2.146417
0, 3.284754
0, 4.728913
0, 4.162576
0, 3.398022
0, 2.944952
0, 3.624556
0, 15.970701
0, 72.207959
0, 139.318885
0, 93.728762
0, 54.085177
0, 37.095069
0, 35.962395
0, 30.015857
0, 24.295854
0, 19.906743
0, 16.820207
0, 16.140603
0, 21.096051
0, 43.891112
0, 76.455486
0, 73.906970
0, 85.233708
0, 69.942611
0, 52.669335
0, 42.192101
0, 36.811901
0, 30.865363
0, 26.306350
0, 23.304765
0, 24.324171
0, 22.313675
0, 21.039417
0, 21.011100
0, 30.015857
0, 60.598052
0, 58.332704
0, 48.704976
0, 94.011931
0, 97.126784
0, 70.508948
0, 60.598052
0, 53.802009
0, 48.421808
0, 47.572302
0, 43.324775
0, 38.227743
0, 32.564374
0, 27.467341
0, 23.389715
0, 20.246545
0, 17.754663
0, 15.914068
0, 14.526542
0, 13.337235
0, 12.289511
0, 12.317828
0, 13.507136
0, 14.951295
0, 19.651892
0, 19.566941
0, 18.066148
0, 16.338820
0, 14.838028
0, 13.563770
0, 12.487729
0, 11.638224
0, 10.930303
0, 10.307332
0, 9.684362
0, 9.174658
0, 8.693272
0, 8.749906
0, 9.061391
0, 8.919807
0, 9.939213
0, 13.110700
0, 14.894661
0, 18.122782
0, 20.104961
0, 19.878426
0, 18.236049
0, 16.452088
0, 14.781394
0, 13.365552
0, 12.572680
0, 12.714264
0, 13.167334
0, 12.487729
0, 11.496640
0, 10.788719
0, 10.137431
0, 9.599411
0, 9.202975
0, 8.806539
0, 8.353470
0, 8.013668
0, 7.730499
0, 7.447331
0, 7.560598
0, 7.390697
0, 8.013668
0, 9.684362
0, 17.244960
0, 17.613079
0, 18.689119
0, 19.170505
0, 17.046742
0, 15.659216
0, 14.526542
0, 13.308918
0, 12.289511
0, 11.270105
0, 11.043570
0, 13.790304
0, 13.592086
0, 12.232878
0, 11.071887
0, 10.165748
0, 9.514460
0, 9.004757
0, 8.495054
0, 8.013668
0, 7.617232
0, 7.362380
0, 7.985351
0, 7.419014
0, 7.079212
0, 16.961791
0, 19.113871
0, 17.273276
0, 15.234463
0, 13.507136
0, 12.147927
0, 11.071887
0, 10.279015
0, 9.797629
0, 9.287926
0, 8.495054
0, 7.985351
0, 7.532281
0, 7.164162
0, 6.824360
0, 6.852677
0, 7.192479
0, 11.496640
0, 18.632485
0, 19.793476
0, 16.338820
0, 13.705354
0, 12.091293
0, 10.732085
0, 10.024164
0, 9.457827
0, 9.089708
0, 8.438420
0, 8.438420
0, 7.957034
0, 7.815450
0, 8.240202
0, 7.928717
0, 7.475648
0, 7.022578
0, 6.597825
0, 6.144756
0, 5.720003
0, 5.351884
0, 5.012082
0, 4.870498
0, 4.700597
0, 4.360794
0, 4.105943
0, 3.936042
0, 3.709507
0, 3.539606
0, 3.369705
0, 3.284754
0, 3.143170
0, 3.029903
0, 2.916635
0, 2.809031
0, 2.735407
0, 2.687269
0, 2.627803
0, 2.574001
0, 2.644793
0, 2.622140
0, 2.520199
0, 2.432417
0, 2.324813
0, 2.613645
0, 3.596240
0, 4.020992
0, 3.936042
0, 3.794457
0, 3.426338
0, 3.709507
0, 4.643963
0, 5.946538
0, 7.079212
0, 6.399607
0, 5.436835
0, 4.700597
0, 4.162576
0, 3.737824
0, 3.398022
0, 3.114853
0, 2.916635
0, 2.721249
0, 2.588160
0, 2.477724
0, 2.409764
0, 2.361625
0, 2.395605
0, 2.480556
0, 2.375783
0, 2.186061
0, 2.126595
0, 2.129427
0, 2.132259
0, 2.203051
0, 2.098278
0, 2.007664
0, 1.925546
0, 1.987843
0, 2.321981
0, 2.375783
0, 2.137922
0, 1.922714
0, 1.769803
0, 1.667862
0, 1.591407
0, 1.520615
0, 1.472476
0, 1.415842
0, 1.390357
0, 1.356377
0, 1.311070
0, 1.279921
0, 1.234615
0, 1.172317
0, 1.132674
0, 1.104357
0, 1.076040
0, 1.053387
0, 1.010911
0, 0.991090
0, 0.993921
0, 0.974100
0, 0.957109
0, 0.934456
0, 0.906139
0, 0.894812
0, 0.866496
0, 0.818357
0, 0.773050
0, 0.730575
0, 0.705089
0, 0.710753
0, 0.724911
0, 0.739070
0, 0.699426
0, 0.705089
0, 0.764555
0, 0.767387
0, 0.739070
0, 0.665446
0, 0.620139
0, 0.583327
0, 0.620139
0, 0.614476
0, 0.605981
0, 0.648456
0, 0.648456
0, 0.654119
0, 0.639961
0, 0.597485
0, 0.608812
0, 0.603149
0, 0.583327
0, 0.529525
0, 0.518198
0, 0.489881
0, 0.461565
0, 0.498377
0, 0.506872
0, 0.523862
0, 0.572000
0, 0.543683
0, 0.521030
0, 0.543683
0, 0.586159
0, 0.523862
0, 0.521030
0, 0.501208
0, 0.489881
0, 0.461565
0, 0.849505
0, 1.540436
0, 1.531941
0, 1.053387
0, 0.792872
0, 0.710753
0, 0.637129
0, 0.588990
0, 0.572000
0, 0.523862
0, 0.569169
0, 0.591822
0, 0.603149
0, 0.662614
0, 0.622971
0, 0.620139
0, 0.662614
0, 0.727743
0, 0.832515
0, 0.979763
0, 1.200634
0, 1.155327
0, 1.027902
0, 2.327645
0, 14.328324
0, 30.299026
0, 19.198822
0, 14.186740
0, 10.109114
0, 7.220796
0, 5.550102
0, 4.474062
0, 3.709507
0, 3.398022
0, 3.313071
0, 3.001586
0, 2.644793
0, 2.421090
0, 2.285170
0, 2.143585
0, 2.010496
0, 1.894397
0, 1.849090
0, 1.755644
0, 1.696179
0, 1.636714
0, 1.616892
0, 1.580080
0, 1.546100
0, 1.534773
0, 1.520615
0, 1.495130
0, 1.480971
0, 1.480971
0, 1.475308
0, 1.430001
0, 1.393189
0, 1.381862
0, 1.560258
0, 2.299328
0, 2.585328
0, 2.758061
0, 3.709507
0, 4.502379
0, 5.889904
0, 5.323567
0, 4.389111
0, 3.737824
0, 3.822774
0, 3.766141
0, 3.369705
0, 3.369705
0, 4.049309
0, 5.550102
0, 5.663369
0, 9.542777
0, 9.712678
0, 8.155252
0, 6.796043
0, 5.804954
0, 5.068716
0, 4.445745
0, 3.992675
0, 3.681190
0, 3.426338
0, 3.143170
0, 2.944952
0, 2.916635
0, 18.321000
0, 21.322585
0, 14.384958
0, 10.675451
0, 9.004757
0, 7.588915
0, 6.767726
0, 6.229706
0, 5.861587
0, 5.436835
0, 4.983765
0, 5.097032
0, 5.465151
0, 5.295250
0, 5.012082
0, 4.700597
0, 4.389111
0, 4.190893
0, 3.992675
0, 5.040399
0, 5.635052
0, 5.238617
0, 5.238617
0, 5.040399
0, 4.813864
0, 4.615646
0, 4.360794
0, 4.134260
0, 3.964359
0, 3.794457
0, 3.624556
0, 3.454655
0, 3.426338
0, 3.341388
0, 3.143170
0, 3.001586
0, 3.171487
0, 3.624556
0, 8.466737
0, 9.089708
0, 13.875255
0, 29.732689
0, 36.528732
0, 29.166352
0, 21.152684
0, 16.310504
0, 13.365552
0, 11.270105
0, 9.769312
0, 8.608321
0, 7.673865
0, 6.937627
0, 6.399607
0, 5.889904
0, 5.465151
0, 5.125349
0, 4.870498
0, 5.097032
0, 7.050895
0, 7.702182
0, 6.711093
0, 6.371290
0, 5.974855
0, 5.635052
0, 5.408518
0, 5.040399
0, 4.870498
0, 4.983765
0, 5.635052
0, 7.532281
0, 9.202975
0, 28.316847
0, 101.091142
0, 94.861436
0, 106.471343
0, 95.994110
0, 96.277278
0, 77.021823
0, 80.986181
0, 92.312920
0, 66.544590
0, 54.651514
0, 42.475270
0, 33.980216
0, 29.449520
0, 24.663973
0, 20.756249
0, 18.377633
0, 16.452088
0, 14.724760
0, 15.404365
0, 22.285358
0, 23.219814
0, 40.209922
0, 88.348561
0, 88.065393
0, 58.899041
0, 61.447557
0, 50.120818
0, 41.059428
0, 33.697047
0, 28.146946
0, 24.324171
0, 20.756249
0, 17.867930
0, 18.887337
0, 16.735256
0, 14.724760
0, 13.365552
0, 12.062977
0, 11.015253
0, 10.109114
0, 9.372876
0, 9.457827
0, 12.176244
0, 24.182587
0, 37.944574
0, 56.633693
0, 50.403987
0, 39.360417
0, 32.281205
0, 26.419618
0, 21.803972
0, 18.972287
0, 16.593672
0, 15.376048
0, 14.300008
0, 12.827532
0, 11.666541
0, 10.647134
0, 9.825946
0, 9.118025
0, 8.438420
0, 7.872083
0, 7.390697
0, 7.022578
0, 7.220796
0, 7.305746
0, 6.597825
0, 6.144756
0, 5.918221
0, 6.399607
0, 8.466737
0, 24.182587
0, 22.087140
0, 16.423771
0, 15.602582
0, 14.215057
0, 12.091293
0, 10.533867
0, 9.344559
0, 8.410103
0, 7.900400
0, 9.202975
0, 10.505550
0, 9.146341
0, 7.872083
0, 7.702182
0, 10.448916
0, 16.055652
0, 16.735256
0, 14.215057
0, 11.978026
0, 10.222382
0, 9.004757
0, 8.126935
0, 7.532281
0, 7.220796
0, 7.334063
0, 6.711093
0, 6.031488
0, 5.606736
0, 5.323567
0, 5.125349
0, 4.813864
0, 4.559012
0, 4.304161
0, 4.219210
0, 4.219210
0, 3.936042
0, 3.681190
0, 3.511289
0, 3.426338
0, 3.369705
0, 3.228121
0, 3.114853
0, 2.888318
0, 2.738239
0, 2.633467
0, 2.531526
0, 2.435249
0, 2.358793
0, 2.310655
0, 2.588160
0, 2.721249
0, 2.540021
0, 2.412595
0, 2.353130
0, 2.251189
0, 2.126595
0, 2.018991
0, 1.951031
0, 1.888734
0, 1.809446
0, 1.800951
0, 1.786793
0, 2.030318
0, 2.333308
0, 2.469229
0, 2.350298
0, 2.078457
0, 1.854753
0, 1.701842
0, 1.614060
0, 1.563090
0, 1.520615
0, 1.452654
0, 1.398852
0, 1.342219
0, 1.311070
0, 1.282753
0, 1.248773
0, 1.209129
0, 1.206298
0, 1.262931
0, 1.203466
0, 1.121347
0, 1.090199
0, 1.036397
0, 1.025070
0, 1.013743
0, 0.999585
0, 0.974100
0, 1.036397
0, 1.118515
0, 1.192139
0, 1.047723
0, 0.954278
0, 0.880654
0, 0.835347
0, 0.801367
0, 0.775882
0, 0.809862
0, 0.744733
0, 0.719248
0, 0.705089
0, 0.690931
0, 0.656951
0, 0.648456
0, 0.637129
0, 0.608812
0, 0.588990
0, 0.577664
0, 0.586159
0, 0.608812
0, 0.597485
0, 0.600317
0, 0.574832
0, 0.538020
0, 0.492713
0, 0.472891
0, 0.475723
0, 0.461565
0, 0.447406
0, 0.421921
0, 0.410594
0, 0.407763
0, 0.390772
0, 0.370951
0, 0.368119
0, 0.370951
0, 0.382277
0, 0.419089
0, 0.396436
0, 0.427584
0, 0.416258
0, 0.382277
0, 0.351129
0, 0.325644
0, 0.339802
0, 0.336970
0, 0.342634
0, 0.339802
0, 0.348297
0, 0.311485
0, 0.297327
0, 0.294495
0, 0.297327
0, 0.300159
0, 0.319980
0, 0.334139
0, 0.336970
0, 0.325644
0, 0.339802
0, 0.325644
0, 0.345466
0, 0.617307
0, 0.611644
0, 0.688099
0, 0.549347
0, 0.509703
0, 0.478555
0, 0.481386
0, 0.495545
0, 0.475723
0, 0.484218
0, 0.461565
0, 0.441743
0, 0.438911
0, 0.430416
0, 0.424753
0, 0.433248
0, 0.433248
0, 0.424753
0, 0.447406
0, 0.441743
0, 0.504040
0, 0.920298
0, 1.155327
0, 0.923129
0, 0.832515
0, 0.753228
0, 0.690931
0, 0.673941
0, 2.126595
0, 5.125349
0, 3.964359
0, 2.860002
0, 4.105943
0, 4.643963
0, 3.029903
0, 2.460734
0, 2.738239
0, 3.766141
0, 4.785547
0, 3.511289
0, 2.658952
0, 3.426338
0, 4.219210
0, 4.190893
0, 3.936042
0, 3.369705
0, 2.814695
0, 2.500378
0, 2.271011
0, 2.016159
0, 6.824360
0, 25.711697
0, 17.358227
0, 10.647134
0, 7.588915
0, 5.918221
0, 4.927131
0, 5.097032
0, 6.512875
0, 24.437439
0, 24.862191
0, 20.586347
0, 17.216643
0, 14.696443
0, 13.054066
0, 20.501397
0, 33.130711
0, 28.600015
0, 21.803972
0, 17.046742
0, 13.705354
0, 14.894661
0, 21.860606
0, 28.600015
0, 28.005361
0, 22.200408
0, 19.397040
0, 26.447935
0, 47.289134
0, 43.607944
0, 33.130711
0, 25.740014
0, 21.067734
0, 17.528128
0, 14.922978
0, 13.988522
0, 19.255456
0, 63.146568
0, 156.308993
0, 140.451559
0, 78.720834
0, 62.297063
0, 53.802009
0, 41.059428
0, 32.564374
0, 29.449520
0, 31.714868
0, 28.600015
0, 24.239221
0, 21.152684
0, 18.434267
0, 16.282187
0, 14.668127
0, 13.308918
0, 12.034660
0, 10.901986
0, 10.024164
0, 9.287926
0, 8.693272
0, 8.240202
0, 9.995847
0, 9.939213
0, 8.778222
0, 8.438420
0, 16.197236
0, 25.966548
0, 72.207959
0, 56.350525
0, 42.758438
0, 33.413879
0, 26.532885
0, 21.719021
0, 18.519218
0, 16.027335
0, 14.186740
0, 12.657630
0, 11.383372
0, 10.363966
0, 9.429510
0, 8.749906
0, 8.466737
0, 9.146341
0, 9.344559
0, 9.627728
0, 10.817035
0, 47.289134
0, 82.968361
0, 77.588160
0, 73.623801
0, 92.312920
0, 66.544590
0, 48.138639
0, 36.245564
0, 28.316847
0, 23.248131
0, 19.736842
0, 16.990108
0, 14.894661
0, 13.365552
0, 12.119610
0, 11.071887
0, 10.052481
0, 9.174658
0, 8.523371
0, 8.041984
0, 7.730499
0, 8.466737
0, 9.769312
0, 8.013668
0, 7.447331
0, 6.965944
0, 6.456241
0, 6.088122
0, 5.804954
0, 5.550102
0, 5.323567
0, 5.125349
0, 4.927131
0, 4.785547
0, 4.643963
0, 4.474062
0, 5.097032
0, 20.473080
0, 19.510307
0, 14.045156
0, 11.270105
0, 9.571094
0, 8.523371
0, 9.033074
0, 8.126935
0, 9.854263
0, 17.811297
0, 15.715850
0, 13.507136
0, 11.836442
0, 10.817035
0, 9.882579
0, 8.948124
0, 8.664955
0, 9.118025
0, 8.976440
0, 8.353470
0, 8.296836
0, 7.957034
0, 7.815450
0, 8.381787
0, 8.126935
0, 8.240202
0, 7.702182
0, 7.758816
0, 7.843767
0, 7.334063
0, 8.523371
0, 8.778222
0, 8.211886
0, 7.702182
0, 7.135845
0, 6.654459
0, 6.229706
0, 5.861587
0, 5.465151
0, 5.181983
0, 5.097032
0, 5.068716
0, 4.785547
0, 4.559012
0, 4.360794
0, 4.077626
0, 3.879408
0, 3.709507
0, 3.539606
0, 3.369705
0, 3.228121
0, 3.143170
0, 3.058219
0, 3.114853
0, 3.001586
0, 2.780714
0, 2.641962
0, 2.551348
0, 2.860002
0, 3.143170
0, 3.086536
0, 2.831685
0, 2.613645
0, 2.525863
0, 2.395605
0, 2.279506
0, 2.222872
0, 2.211546
0, 2.203051
0, 2.143585
0, 2.103942
0, 2.024655
0, 1.945367
0, 1.868912
0, 1.775466
0, 1.707506
0, 1.662199
0, 1.622555
0, 1.761308
0, 1.956694
0, 1.888734
0, 1.721664
0, 1.568753
0, 1.458318
0, 1.381862
0, 1.313902
0, 1.245941
0, 1.183644
0, 1.146832
0, 1.129842
0, 1.118515
0, 1.081704
0, 1.067545
0, 1.061882
0, 1.039228
0, 0.988258
0, 0.962773
0, 0.931624
0, 0.911802
0, 0.894812
0, 0.869327
0, 0.838179
0, 0.801367
0, 0.764555
0, 0.727743
0, 0.733406
0, 0.764555
0, 0.795703
0, 0.705089
0, 0.651287
0, 0.614476
0, 0.600317
0, 0.591822
0, 0.572000
0, 0.569169
0, 0.549347
0, 0.557842
0, 0.555010
0, 0.563505
0, 0.611644
0, 0.574832
0, 0.563505
0, 0.504040
0, 0.430416
0, 0.416258
0, 0.390772
0, 0.379446
0, 0.365287
0, 0.376614
0, 0.387941
0, 0.385109
0, 0.368119
0, 0.376614
0, 0.387941
0, 0.387941
0, 0.379446
0, 0.345466
0, 0.317149
0, 0.294495
0, 0.270143
0, 0.280054
0, 0.305822
0, 0.322812
0, 0.291664
0, 0.281469
0, 0.288832
0, 0.297327
0, 0.302990
0, 0.291664
0, 0.281753
0, 0.278921
0, 0.268727
0, 0.242109
0, 0.291664
0, 0.286000
0, 0.251170
0, 0.263913
0, 0.236446
0, 0.256267
0, 0.216341
0, 0.208978
0, 0.199917
0, 0.207279
0, 0.204448
0, 0.207279
0, 0.209261
0, 0.225119
0, 0.256551
0, 0.336970
0, 0.370951
0, 0.359624
0, 0.407763
0, 0.356792
0, 0.325644
0, 0.339802
0, 0.342634
0, 0.342634
0, 0.331307
0, 0.308654
0, 0.288832
0, 0.269010
0, 0.275523
0, 0.288832
0, 0.274390
0, 0.291664
0, 0.325644
0, 0.555010
0, 0.605981
0, 0.696594
0, 0.540852
0, 0.424753
0, 0.359624
0, 0.342634
0, 0.322812
0, 0.345466
0, 0.410594
0, 0.399268
0, 0.376614
0, 0.376614
0, 0.342634
0, 0.351129
0, 0.345466
0, 0.342634
0, 0.353961
0, 0.339802
0, 0.317149
0, 0.311485
0, 0.322812
0, 0.319980
0, 0.328475
0, 0.438911
0, 0.379446
0, 0.441743
0, 0.436079
0, 0.387941
0, 0.362456
0, 0.348297
0, 0.351129
0, 0.387941
0, 0.438911
0, 0.436079
0, 0.478555
0, 0.450238
0, 0.421921
0, 0.574832
0, 1.146832
0, 0.911802
0, 1.087367
0, 1.022238
0, 1.033565
0, 1.667862
0, 4.898814
0, 4.105943
0, 2.772219
0, 1.783961
0, 1.345050
0, 1.141169
0, 1.090199
0, 1.503625
0, 1.735823
0, 1.832100
0, 1.619724
0, 1.616892
0, 1.752813
0, 1.863249
0, 2.288001
0, 2.619308
0, 6.059805
0, 12.572680
0, 16.735256
0, 17.896247
0, 11.411689
0, 7.702182
0, 5.776637
0, 5.040399
0, 4.813864
0, 3.879408
0, 3.313071
0, 2.944952
0, 2.667447
0, 2.406932
0, 2.370120
0, 4.190893
0, 8.948124
0, 19.481990
0, 22.596844
0, 23.842785
0, 69.376274
0, 83.534697
0, 89.481235
0, 77.021823
0, 59.748546
0, 59.182209
0, 102.223816
0, 88.914898
0, 59.748546
0, 42.475270
0, 80.986181
0, 188.307030
0, 134.505021
0, 75.889149
0, 76.738654
0, 78.437665
0, 73.906970
0, 69.659443
0, 54.651514
0, 41.908933
0, 34.546553
0, 32.564374
0, 27.637242
0, 24.409122
0, 20.841199
0, 18.264366
0, 16.197236
0, 14.753077
0, 13.903572
0, 14.271691
0, 13.280601
0, 12.119610
0, 11.128521
0, 10.958620
0, 10.250698
0, 10.052481
0, 20.104961
0, 52.669335
0, 46.722797
0, 44.174281
0, 48.988145
0, 63.146568
0, 65.411916
0, 72.491127
0, 76.738654
0, 58.615872
0, 56.067356
0, 47.855471
0, 39.077248
0, 32.564374
0, 27.523975
0, 23.786151
0, 25.060409
0, 30.015857
0, 46.156460
0, 47.005965
0, 38.227743
0, 31.431700
0, 26.617836
0, 25.683380
0, 22.993279
0, 21.011100
0, 18.604168
0, 16.706939
0, 15.206147
0, 13.875255
0, 12.799215
0, 12.232878
0, 11.666541
0, 17.613079
0, 26.023182
0, 24.918825
0, 21.690704
0, 20.331496
0, 26.901004
0, 30.299026
0, 26.476252
0, 23.078230
0, 19.906743
0, 17.471494
0, 15.432681
0, 14.101790
0, 14.611493
0, 13.620403
0, 12.544363
0, 12.742581
0, 14.979612
0, 13.790304
0, 15.659216
0, 23.757834
0, 29.732689
0, 29.166352
0, 31.998037
0, 46.156460
0, 38.227743
0, 37.661406
0, 52.102998
0, 69.659443
0, 75.322812
0, 66.544590
0, 54.085177
0, 43.041607
0, 34.263384
0, 30.299026
0, 31.148531
0, 39.077248
0, 38.794080
0, 33.130711
0, 27.948728
0, 25.258627
0, 23.418032
0, 22.143774
0, 20.473080
0, 18.519218
0, 16.537038
0, 14.809711
0, 13.422185
0, 12.289511
0, 12.346145
0, 11.326739
0, 10.222382
0, 9.514460
0, 8.863173
0, 8.353470
0, 7.900400
0, 7.447331
0, 7.107528
0, 7.192479
0, 10.845352
0, 11.893076
0, 9.287926
0, 8.155252
0, 7.419014
0, 6.824360
0, 6.371290
0, 6.059805
0, 10.590501
0, 10.363966
0, 10.137431
0, 10.307332
0, 9.061391
0, 8.580005
0, 8.041984
0, 7.390697
0, 6.824360
0, 6.371290
0, 5.974855
0, 5.578419
0, 5.436835
0, 5.323567
0, 5.012082
0, 4.700597
0, 4.445745
0, 4.275844
0, 4.077626
0, 3.907725
0, 3.737824
0, 3.596240
0, 5.974855
0, 9.372876
0, 6.739409
0, 5.578419
0, 4.870498
0, 4.530695
0, 4.417428
0, 4.190893
0, 4.020992
0, 3.992675
0, 3.907725
0, 3.709507
0, 3.511289
0, 3.341388
0, 3.228121
0, 3.086536
0, 2.944952
0, 2.786378
0, 2.610813
0, 2.537189
0, 2.523031
0, 2.423922
0, 2.248358
0, 2.129427
0, 2.024655
0, 1.917051
0, 1.888734
0, 1.982179
0, 2.016159
0, 1.982179
0, 1.874575
0, 1.900060
0, 2.047308
0, 2.174734
0, 2.010496
0, 1.925546
0, 1.843427
0, 1.713169
0, 1.608397
0, 1.551763
0, 1.500793
0, 1.565922
0, 1.599902
0, 1.469644
0, 1.356377
0, 1.294080
0, 1.251605
0, 1.211961
0, 1.166654
0, 1.135506
0, 1.087367
0, 1.053387
0, 1.027902
0, 1.002416
0, 0.988258
0, 1.050555
0, 1.095862
0, 1.373367
0, 1.619724
0, 1.387525
0, 1.146832
0, 1.039228
0, 0.982595
0, 0.948614
0, 0.948614
0, 0.951446
0, 0.923129
0, 0.900476
0, 0.860832
0, 0.829684
0, 0.812693
0, 0.792872
0, 0.764555
0, 0.722080
0, 0.696594
0, 0.671109
0, 0.642792
0, 0.605981
0, 0.574832
0, 0.560674
0, 0.563505
0, 0.549347
0, 0.535188
0, 0.501208
0, 0.492713
0, 0.481386
0, 0.506872
0, 0.518198
0, 0.546515
0, 0.515367
0, 0.492713
0, 0.461565
0, 0.453070
0, 0.396436
0, 0.390772
0, 0.370951
0, 0.368119
0, 0.362456
0, 0.334139
0, 0.305822
0, 0.302990
0, 0.282885
0, 0.275523
0, 0.278071
0, 0.243242
0, 0.190006
0, 0.202465
0, 0.209828
0, 0.246357
0, 0.274390
0, 0.345466
0, 0.356792
0, 0.359624
0, 0.356792
0, 0.339802
0, 0.328475
0, 0.328475
0, 0.305822
0, 0.302990
0, 0.286000
0, 0.253436
0, 0.244658
0, 0.230782
0, 0.217190
0, 0.214925
0, 0.216058
0, 0.218040
0, 0.362456
0, 0.447406
0, 0.501208
0, 0.424753
0, 0.351129
0, 0.325644
0, 0.345466
0, 0.325644
0, 0.311485
0, 0.319980
0, 0.314317
0, 0.305822
0, 0.302990
0, 0.291664
0, 1.025070
0, 1.013743
0, 0.999585
0, 2.205882
0, 2.800536
0, 3.426338
0, 3.426338
0, 2.500378
0, 1.820773
0, 1.817942
0, 1.580080
0, 4.077626
0, 23.134864
0, 30.865363
0, 33.130711
0, 50.970324
0, 38.227743
0, 24.607340
0, 18.802386
0, 17.641395
0, 14.498225
0, 12.091293
0, 10.165748
0, 9.146341
0, 14.866344
0, 25.428528
0, 23.163181
0, 18.151099
0, 15.517632
0, 19.963377
0, 17.811297
0, 14.639810
0, 12.544363
0, 10.788719
0, 10.986936
0, 18.122782
0, 15.460998
0, 13.139017
0, 11.355055
0, 9.939213
0, 8.891490
0, 8.664955
0, 8.155252
0, 8.863173
0, 15.489315
0, 21.945556
0, 24.635657
0, 21.322585
0, 18.717436
0, 17.188326
0, 19.255456
0, 18.462584
0, 22.172091
0, 41.059428
0, 148.663445
0, 115.249566
0, 67.960432
0, 50.970324
0, 41.625765
0, 36.811901
0, 32.847542
0, 26.787737
0, 22.993279
0, 23.871102
0, 25.541796
0, 26.844371
0, 23.871102
0, 23.304765
0, 24.833874
0, 35.112890
0, 43.324775
0, 52.102998
0, 44.740618
0, 35.962395
0, 29.166352
0, 23.078230
0, 19.312089
0, 16.820207
0, 16.197236
0, 33.413879
0, 34.263384
0, 27.382391
0, 23.418032
0, 20.303179
0, 17.669712
0, 15.602582
0, 19.113871
0, 22.058824
0, 19.935060
0, 18.009514
0, 16.225553
0, 17.160009
0, 17.499811
0, 15.545949
0, 14.186740
0, 12.912482
0, 11.779808
0, 11.298422
0, 13.960205
0, 28.883184
0, 53.802009
0, 72.774296
0, 49.837650
0, 35.679227
0, 26.901004
0, 22.030507
0, 19.028921
0, 17.726346
0, 67.677263
0, 94.295099
0, 66.261421
0, 50.687155
0, 45.873291
0, 36.245564
0, 28.600015
0, 23.559616
0, 20.558031
0, 18.037831
0, 16.140603
0, 14.668127
0, 13.507136
0, 12.572680
0, 11.524957
0, 10.562184
0, 12.629314
0, 37.095069
0, 110.152533
0, 136.487201
0, 105.055501
0, 83.251529
0, 128.558484
0, 103.639659
0, 70.508948
0, 49.271313
0, 36.528732
0, 28.316847
0, 27.807143
0, 95.994110
0, 74.473307
0, 50.687155
0, 51.253492
0, 77.304991
0, 94.295099
0, 75.605980
0, 54.085177
0, 40.209922
0, 31.714868
0, 27.184173
0, 26.164766
0, 28.203579
0, 26.617836
0, 24.125953
0, 22.455259
0, 26.023182
0, 27.948728
0, 33.697047
0, 47.855471
0, 60.314883
0, 59.465378
0, 63.429736
0, 52.952503
0, 41.625765
0, 32.281205
0, 28.061995
0, 39.360417
0, 45.590123
0, 39.077248
0, 36.528732
0, 32.281205
0, 27.354074
0, 25.655063
0, 24.125953
0, 23.049913
0, 36.245564
0, 38.510911
0, 33.697047
0, 33.697047
0, 30.015857
0, 27.240806
0, 24.069320
0, 21.039417
0, 18.887337
0, 17.046742
0, 15.489315
0, 14.271691
0, 13.223967
0, 12.516046
0, 14.753077
0, 17.301593
0, 14.951295
0, 14.809711
0, 13.592086
0, 20.473080
0, 21.265952
0, 20.048327
0, 18.547535
0, 16.905157
0, 15.942385
0, 17.584762
0, 15.574266
0, 16.933474
0, 16.140603
0, 14.838028
0, 13.563770
0, 15.914068
0, 16.990108
0, 18.519218
0, 21.322585
0, 23.361398
0, 21.435853
0, 19.000604
0, 16.678623
0, 14.809711
0, 13.337235
0, 12.034660
0, 11.015253
0, 10.194065
0, 9.344559
0, 8.664955
0, 8.098618
0, 7.645549
0, 7.588915
0, 7.957034
0, 8.551688
0, 8.834856
0, 8.268519
0, 10.222382
0, 12.827532
0, 11.383372
0, 9.967530
0, 8.891490
0, 8.126935
0, 7.447331
0, 6.852677
0, 6.342974
0, 6.031488
0, 5.720003
0, 5.323567
0, 5.040399
0, 4.842181
0, 4.757230
0, 4.615646
0, 4.417428
0, 4.190893
0, 3.992675
0, 3.822774
0, 3.567923
0, 3.369705
0, 3.256437
0, 3.681190
0, 3.709507
0, 4.927131
0, 5.351884
0, 4.077626
0, 3.709507
0, 3.567923
0, 3.426338
0, 3.511289
0, 3.482972
0, 3.171487
0, 2.888318
0, 2.709922
0, 2.590991
0, 2.435249
0, 2.296496
0, 2.163407
0, 2.067130
0, 1.996338
0, 2.004833
0, 1.993506
0, 1.939704
0, 1.891565
0, 1.860417
0, 1.885902
0, 1.809446
0, 1.738654
0, 1.656536
0, 1.582912
0, 1.543268
0, 1.503625
0, 1.449823
0, 1.390357
0, 1.356377
0, 1.319565
0, 1.296912
0, 1.305407
0, 1.251605
0, 1.223288
0, 1.194971
0, 1.166654
0, 1.138337
0, 1.118515
0, 1.098694
0, 1.073208
0, 1.056218
0, 1.030733
0, 1.008080
0, 0.962773
0, 0.951446
0, 0.937288
0, 0.920298
0, 0.900476
0, 0.869327
0, 0.849505
0, 0.826852
0, 0.790040
0, 0.773050
0, 0.758891
0, 0.770218
0, 0.778713
0, 0.758891
0, 0.739070
0, 0.710753
0, 0.724911
0, 0.739070
0, 0.818357
0, 0.843842
0, 0.801367
0, 0.770218
0, 0.719248
0, 0.724911
0, 0.693763
0, 0.679604
0, 0.679604
0, 0.651287
0, 0.637129
0, 0.622971
0, 0.645624
0, 0.628634
0, 0.605981
0, 0.580495
0, 0.540852
0, 0.546515
0, 0.543683
0, 0.543683
0, 0.506872
0, 0.498377
0, 0.506872
0, 0.489881
0, 0.478555
0, 0.504040
0, 0.518198
0, 0.529525
0, 0.518198
0, 0.509703
0, 0.481386
0, 0.453070
0, 0.453070
0, 0.461565
0, 0.467228
0, 0.478555
0, 0.569169
0, 0.979763
0, 1.747149
0, 2.098278
0, 1.466813
0, 1.030733
0, 0.886317
0, 0.798535
0, 0.739070
0, 0.710753
0, 0.662614
0, 0.656951
0, 0.688099
0, 0.719248
0, 0.756060
0, 0.767387
0, 0.696594
0, 0.648456
0, 0.622971
0, 0.605981
0, 0.642792
0, 0.634297
0, 0.679604
0, 0.713585
0, 0.841010
0, 1.497961
0, 2.123763
0, 1.546100
0, 1.110020
0, 0.957109
0, 0.872159
0, 1.033565
0, 2.715586
0, 5.720003
0, 21.917239
0, 21.690704
0, 13.677037
0, 8.211886
0, 5.861587
0, 4.530695
0, 3.624556
0, 3.114853
0, 2.746734
0, 2.398437
0, 2.225704
0, 2.194556
0, 2.916635
0, 3.143170
0, 5.323567
0, 6.569508
0, 5.210300
0, 4.757230
0, 16.508722
0, 22.483576
0, 17.358227
0, 13.450502
0, 16.197236
0, 16.112286
0, 25.032092
0, 47.289134
0, 42.475270
0, 30.299026
0, 23.219814
0, 21.832289
0, 22.200408
0, 20.444763
0, 29.166352
0, 33.980216
0, 28.883184
0, 26.023182
0, 24.805558
0, 21.634071
0, 20.642981
0, 18.660802
0, 17.471494
0, 17.471494
0, 21.549120
0, 20.926150
0, 18.604168
0, 16.367137
0, 14.356641
0, 12.657630
0, 11.298422
0, 10.222382
0, 9.316243
0, 8.580005
0, 8.013668
0, 7.532281
0, 7.135845
0, 6.682776
0, 6.342974
0, 5.974855
0, 8.155252
0, 14.639810
0, 12.261195
0, 10.448916
0, 11.383372
0, 12.119610
0, 13.620403
0, 13.903572
0, 13.308918
0, 12.657630
0, 15.659216
0, 26.731103
0, 25.994865
