;# ---------------------------------- WARNING ----------------------------------------,,,,,
;# Some of the data that you have obtained from this U.S. Geological Survey database,,,,,
;# may not have received Director's approval. Any such data values are qualified,,,,,
;# as provisional and are subject to revision. Provisional data are released on the,,,,,
;# condition that neither the USGS nor the United States Government may be held liable,,,,,
;# for any damages resulting from its use.,,,,,
;#,,,,,
;# Additional info: https://help.waterdata.usgs.gov/policies/provisional-data-statement,,,,,
;#,,,,,
;# File-format description:  https://help.waterdata.usgs.gov/faq/about-tab-delimited-output,,,,,
;# Automated-retrieval info: https://help.waterdata.usgs.gov/faq/automated-retrievals,,,,,
;#,,,,,
;# Contact:   gs-w_support_nwisweb@usgs.gov,,,,,
;# retrieved: 2020-10-11 18:27:10 EDT       (nadww02),,,,,
;#,,,,,
;# Data for the following 1 site(s) are contained in this file,,,,,
;#    USGS 14158798 SMITH RIVER ABV TRAIL BRDG RESV NR BELKNAP SPRINGS,,,,,
;# -----------------------------------------------------------------------------------,,,,,
;#,,,,,
;# Data provided for site 14158798,,,,,
;#            TS   parameter     Description,,,,,
;#        227516       00060     Discharge, cubic feet per second,,,,
;#,,,,,
;# Data-value qualification codes included in this output:,,,,,
;#     A  Approved for publication -- Processing and review completed.,,,,,
;#     P  Provisional data subject to revision.,,,,,
;#     R  Records for these data have been revised. [https://nwis.waterdata.usgs.gov/usa/nwis/revision/?site_no=14158798&ts_ids=227516],,,,,
;# ,,,,,
;USGS_14158798_flow_SMITH RIVER ABV TRAIL BRDG RESV NR BELKNAP SPRINGS_23773387 ,,,,,
day_index,Q_cfs,Year,Month,Day,Quality
42955,8.8,2017,8,10,A:R
42956,8.864583,2017,8,11,A:R
42957,8.770833,2017,8,12,A:R
42958,8.802083,2017,8,13,A:R
42959,8.71875,2017,8,14,A:R
42960,8.5875,2017,8,15,A:R
42961,8.525,2017,8,16,A:R
42962,8.489583,2017,8,17,A:R
42963,8.420833,2017,8,18,A:R
42964,8.388542,2017,8,19,A:R
42965,8.324375,2017,8,20,A:R
42966,8.294583,2017,8,21,A:R
42967,8.225833,2017,8,22,A:R
42968,8.202917,2017,8,23,A:R
42969,8.1625,2017,8,24,A:R
42970,8.10125,2017,8,25,A:R
42971,7.965625,2017,8,26,A:R
42972,7.910938,2017,8,27,A:R
42973,7.8825,2017,8,28,A:R
42974,7.810312,2017,8,29,A:R
42975,7.749583,2017,8,30,A:R
42976,7.735,2017,8,31,A:R
42977,7.753958,2017,9,1,A:R
42978,7.674583,2017,9,2,A:R
42979,7.524583,2017,9,3,A:R
42980,7.480833,2017,9,4,A:R
42981,7.46625,2017,9,5,A:R
42982,7.489167,2017,9,6,A:R
42983,7.755625,2017,9,7,A:R
42984,7.826875,2017,9,8,A:R
42985,7.655833,2017,9,9,A:R
42986,7.49125,2017,9,10,A:R
42987,258.87,2017,9,11,A:R
42988,381.229167,2017,9,12,A:R
42989,256.496875,2017,9,13,A:R
42990,154.958333,2017,9,14,A:R
42991,110.70625,2017,9,15,A:R
42992,46.994792,2017,9,16,A:R
42993,69.370833,2017,9,17,A:R
42994,50.848958,2017,9,18,A:R
42995,19.779167,2017,9,19,A:R
42996,19.776042,2017,9,20,A:R
42997,11.310625,2017,9,21,A:R
42998,21.989688,2017,9,22,A:R
42999,17.141667,2017,9,23,A:R
43000,16.620833,2017,9,24,A:R
43001,15.397917,2017,9,25,A:R
43002,14.209375,2017,9,26,A:R
43003,11.300521,2017,9,27,A:R
43004,7.076979,2017,9,28,A:R
43005,6.970104,2017,9,29,A:R
43006,7.055208,2017,9,30,A:R
43007,7.886042,2017,10,1,A:R
43008,7.114583,2017,10,2,A:R
43009,6.898854,2017,10,3,A:R
43010,6.788125,2017,10,4,A:R
43011,6.709375,2017,10,5,A:R
43012,6.716875,2017,10,6,A:R
43013,6.91625,2017,10,7,A:R
43014,7.425729,2017,10,8,A:R
43015,6.823646,2017,10,9,A:R
43016,6.844271,2017,10,10,A:R
43017,8.028021,2017,10,11,A:R
43018,11.566771,2017,10,12,A:R
43019,20.090625,2017,10,13,A:R
43020,12.719792,2017,10,14,A:R
43021,10.536458,2017,10,15,A:R
43022,9.844896,2017,10,16,A:R
43023,9.391667,2017,10,17,A:R
43024,9.946771,2017,10,18,A:R
43025,238.857292,2017,10,19,A:R
43026,74.629167,2017,10,20,A:R
43027,63.272917,2017,10,21,A:R
43028,349.684375,2017,10,22,A:R
43029,45.586458,2017,10,23,A:R
43030,26.332292,2017,10,24,A:R
43031,20.310417,2017,10,25,A:R
43032,17.076042,2017,10,26,A:R
43033,14.757292,2017,10,27,A:R
43034,13.265625,2017,10,28,A:R
43035,12.148958,2017,10,29,A:R
43036,11.291667,2017,10,30,A:R
43037,10.671875,2017,10,31,A:R
43038,10.241146,2017,11,1,A:R
43039,11.870104,2017,11,2,A:R
43040,14.538542,2017,11,3,A:R
43041,11.897917,2017,11,4,A:R
43042,12.308,2017,11,5,A:R
43043,12.159375,2017,11,6,A:R
43044,11.60625,2017,11,7,A:R
43045,11.801042,2017,11,8,A:R
43046,20.104167,2017,11,9,A:R
43047,28.129167,2017,11,10,A:R
43048,27.245833,2017,11,11,A:R
43049,23.630208,2017,11,12,A:R
43050,35.43125,2017,11,13,A:R
43051,31.486458,2017,11,14,A:R
43052,28.59375,2017,11,15,A:R
43053,28.997917,2017,11,16,A:R
43054,25.333333,2017,11,17,A:R
43055,22.31875,2017,11,18,A:R
43056,20.286458,2017,11,19,A:R
43057,68.359375,2017,11,20,A:R
43058,78.307292,2017,11,21,A:R
43059,54.332292,2017,11,22,A:R
43060,114.10625,2017,11,23,A:R
43061,75.776042,2017,11,24,A:R
43062,41.823958,2017,11,25,A:R
43063,38.123958,2017,11,26,A:R
43064,34.448958,2017,11,27,A:R
43065,28.561458,2017,11,28,A:R
43066,25.247917,2017,11,29,A:R
43067,22.851042,2017,11,30,A:R
43068,21.438542,2017,12,1,A:R
43069,20.295833,2017,12,2,A:R
43070,19.589583,2017,12,3,A:R
43071,27.34375,2017,12,4,A:R
43072,16.9875,2017,12,5,A:R
43073,16.070833,2017,12,6,A:R
43074,15.484375,2017,12,7,A:R
43075,14.845833,2017,12,8,A:R
43076,14.5125,2017,12,9,A:R
43077,14.096875,2017,12,10,A:R
43078,13.65,2017,12,11,A:R
43079,13.33125,2017,12,12,A:R
43080,13.090625,2017,12,13,A:R
43081,12.88125,2017,12,14,A:R
43082,12.925,2017,12,15,A:R
43083,12.715625,2017,12,16,A:R
43084,12.334375,2017,12,17,A:R
43085,12.19375,2017,12,18,A:R
43086,14.021875,2017,12,19,A:R
43087,13.73125,2017,12,20,A:R
43088,12.6625,2017,12,21,A:R
43089,12.425,2017,12,22,A:R
43090,12.340625,2017,12,23,A:R
43091,11.964583,2017,12,24,A:R
43092,13.15625,2017,12,25,A:R
43093,12.609375,2017,12,26,A:R
43094,13.278125,2017,12,27,A:R
43095,15.55625,2017,12,28,A:R
43096,37.252083,2017,12,29,A:R
43097,52.411458,2017,12,30,A:R
43098,31.108333,2017,12,31,A:R
43099,24.798958,2018,1,1,A:R
43100,21.769792,2018,1,2,A:R
43101,20.08125,2018,1,3,A:R
43102,19.408333,2018,1,4,A:R
43103,20.429167,2018,1,5,A:R
43104,19.865625,2018,1,6,A:R
43105,17.716667,2018,1,7,A:R
43106,16.576042,2018,1,8,A:R
43107,19.183333,2018,1,9,A:R
43108,115.26732,2018,1,10,A:R
43109,47.089583,2018,1,11,A:R
43110,55.001042,2018,1,12,A:R
43111,32.627083,2018,1,13,A:R
43112,26.2875,2018,1,14,A:R
43113,114.126042,2018,1,15,A:R
43114,450.717708,2018,1,16,A:R
43115,19.016667,2018,1,17,A:R
43116,28.926042,2018,1,18,A:R
43117,25.304167,2018,1,19,A:R
43118,22.283333,2018,1,20,A:R
43119,21.94375,2018,1,21,A:R
43120,21.741667,2018,1,22,A:R
43121,22.964583,2018,1,23,A:R
43122,43.235417,2018,1,24,A:R
43123,37.803125,2018,1,25,A:R
43124,29.426042,2018,1,26,A:R
43125,35.90625,2018,1,27,A:R
43126,52.04375,2018,1,28,A:R
43127,41.721875,2018,1,29,A:R
43128,46.41875,2018,1,30,A:R
43129,34.777083,2018,1,31,A:R
43130,29.189583,2018,2,1,A:R
43131,34.438542,2018,2,2,A:R
43132,34.827083,2018,2,3,A:R
43133,32.539583,2018,2,4,A:R
43134,30.167708,2018,2,5,A:R
43135,28.00625,2018,2,6,A:R
43136,23.302083,2018,2,7,A:R
43137,22.029167,2018,2,8,A:R
43138,21.364583,2018,2,9,A:R
43139,19.439583,2018,2,10,A:R
43140,18.01875,2018,2,11,A:R
43141,16.684375,2018,2,12,A:R
43142,15.742708,2018,2,13,A:R
43143,15.595833,2018,2,14,A:R
43144,15.046875,2018,2,15,A:R
43145,14.741667,2018,2,16,A:R
43146,20.566667,2018,2,17,A:R
43147,22.715625,2018,2,18,A:R
43148,18.727083,2018,2,19,A:R
43149,17.254167,2018,2,20,A:R
43150,16.435417,2018,2,21,A:R
43151,15.807292,2018,2,22,A:R
43152,14.914583,2018,2,23,A:R
43153,15.119792,2018,2,24,A:R
43154,14.98125,2018,2,25,A:R
43155,14.033333,2018,2,26,A:R
43156,13.496875,2018,2,27,A:R
43157,13.75625,2018,2,28,A:R
43158,14.530208,2018,3,1,A:R
43159,13.969792,2018,3,2,A:R
43160,13.478125,2018,3,3,A:R
43161,13.09375,2018,3,4,A:R
43162,12.90625,2018,3,5,A:R
43163,12.9875,2018,3,6,A:R
43164,13.35,2018,3,7,A:R
43165,18.922917,2018,3,8,A:R
43166,35.646316,2018,3,9,A:R
43167,28.495833,2018,3,10,A:R
43168,25.663043,2018,3,11,A:R
43169,26.992708,2018,3,12,A:R
43170,30.940625,2018,3,13,A:R
43171,31.171875,2018,3,14,A:R
43172,27.597917,2018,3,15,A:R
43173,24.711458,2018,3,16,A:R
43174,22.669792,2018,3,17,A:R
43175,21.008333,2018,3,18,A:R
43176,19.377083,2018,3,19,A:R
43177,18.529167,2018,3,20,A:R
43178,19.289583,2018,3,21,A:R
43179,23.390625,2018,3,22,A:R
43180,21.803125,2018,3,23,A:R
43181,20.097917,2018,3,24,A:R
43182,18.654167,2018,3,25,A:R
43183,18.19375,2018,3,26,A:R
43184,17.546875,2018,3,27,A:R
43185,18.679167,2018,3,28,A:R
43186,19.376042,2018,3,29,A:R
43187,20.458333,2018,3,30,A:R
43188,22.148958,2018,3,31,A:R
43189,22.923958,2018,4,1,A:R
43190,24.096875,2018,4,2,A:R
43191,21.115625,2018,4,3,A:R
43192,19.869792,2018,4,4,A:R
43193,23.339583,2018,4,5,A:R
43194,34.433333,2018,4,6,A:R
43195,51.767708,2018,4,7,A:R
43196,66.78125,2018,4,8,A:R
43197,45.045833,2018,4,9,A:R
43198,37.426042,2018,4,10,A:R
43199,34.970833,2018,4,11,A:R
43200,30.771875,2018,4,12,A:R
43201,28.397917,2018,4,13,A:R
43202,28.505208,2018,4,14,A:R
43203,31.045833,2018,4,15,A:R
43204,115.375,2018,4,16,A:R
43205,214.09375,2018,4,17,A:R
43206,210.291667,2018,4,18,A:R
43207,205.65625,2018,4,19,A:R
43208,201.0625,2018,4,20,A:R
43209,184.197917,2018,4,21,A:R
43210,166.010417,2018,4,22,A:R
43211,149.708333,2018,4,23,A:R
43212,144.916667,2018,4,24,A:R
43213,148.916667,2018,4,25,A:R
43214,264.40625,2018,4,26,A:R
43215,317.729167,2018,4,27,A:R
43216,276.0625,2018,4,28,A:R
43217,254.75,2018,4,29,A:R
43218,187.427083,2018,4,30,A:R
43219,191.260417,2018,5,1,A:R
43220,179.885417,2018,5,2,A:R
43221,135.5,2018,5,3,A:R
43222,138.208333,2018,5,4,A:R
43223,138.833333,2018,5,5,A:R
43224,140.76087,2018,5,6,A:R
43225,141.479167,2018,5,7,A:R
43226,143.479167,2018,5,8,A:R
43227,145.395833,2018,5,9,A:R
43228,144.791667,2018,5,10,A:R
43229,143.270833,2018,5,11,A:R
43230,141.5,2018,5,12,A:R
43231,141.770833,2018,5,13,A:R
43232,141.166667,2018,5,14,A:R
43233,108.665625,2018,5,15,A:R
43234,96.73125,2018,5,16,A:R
43235,94.283333,2018,5,17,A:R
43236,91.266667,2018,5,18,A:R
43237,89.283333,2018,5,19,A:R
43238,88.233333,2018,5,20,A:R
43239,86.976042,2018,5,21,A:R
43240,86.21875,2018,5,22,A:R
43241,85.54375,2018,5,23,A:R
43242,81.882292,2018,5,24,A:R
43243,78.939583,2018,5,25,A:R
43244,77.54375,2018,5,26,A:R
43245,26.909375,2018,5,27,A:R
43246,48.580208,2018,5,28,A:R
43247,67.98125,2018,5,29,A:R
43248,66.1375,2018,5,30,A:R
43249,56.073958,2018,5,31,A:R
43250,51.7,2018,6,1,A:R
43251,50.689583,2018,6,2,A:R
43252,49.625,2018,6,3,A:R
43253,45.666667,2018,6,4,A:R
43254,34.478125,2018,6,5,A:R
43255,28.582292,2018,6,6,A:R
43256,28.140625,2018,6,7,A:R
43257,29.091667,2018,6,8,A:R
43258,31.034375,2018,6,9,A:R
43259,30.884375,2018,6,10,A:R
43260,29.580208,2018,6,11,A:R
43261,21.658333,2018,6,12,A:R
43262,10.795833,2018,6,13,A:R
43263,10.590625,2018,6,14,A:R
43264,95.616667,2018,6,15,A:R
43265,11.217708,2018,6,16,A:R
43266,10.945833,2018,6,17,A:R
43267,10.560417,2018,6,18,A:R
43268,173.833333,2018,6,19,A:R
43269,12.547917,2018,6,20,A:R
43270,11.309375,2018,6,21,A:R
43271,10.1275,2018,6,22,A:R
43272,9.786979,2018,6,23,A:R
43273,9.530625,2018,6,24,A:R
43274,9.185729,2018,6,25,A:R
43275,132.185,2018,6,26,A:R
43276,9.398854,2018,6,27,A:R
43277,9.211667,2018,6,28,A:R
43278,98.971146,2018,6,29,A:R
43279,9.027187,2018,6,30,A:R
43280,8.715312,2018,7,1,A:R
43281,8.53375,2018,7,2,A:R
43282,138.319583,2018,7,3,A:R
43283,8.602604,2018,7,4,A:R
43284,8.290521,2018,7,5,A:R
43285,8.1625,2018,7,6,A:R
43286,8.04375,2018,7,7,A:R
43287,7.875,2018,7,8,A:R
43288,166.665104,2018,7,9,A:R
43289,8.002083,2018,7,10,A:R
43290,7.825104,2018,7,11,A:R
43291,7.660937,2018,7,12,A:R
43292,7.522396,2018,7,13,A:R
43293,7.455833,2018,7,14,A:R
43294,134.123646,2018,7,15,A:R
43295,7.967604,2018,7,16,A:R
43296,7.440208,2018,7,17,A:R
43297,7.280833,2018,7,18,A:R
43298,7.207604,2018,7,19,A:R
43299,81.030729,2018,7,20,A:R
43300,7.253229,2018,7,21,A:R
43301,7.090833,2018,7,22,A:R
43302,71.488542,2018,7,23,A:R
43303,7.120625,2018,7,24,A:R
43304,45.585521,2018,7,25,A:R
43305,7.096875,2018,7,26,A:R
43306,6.898854,2018,7,27,A:R
43307,6.795938,2018,7,28,A:R
43308,6.728125,2018,7,29,A:R
43309,6.7075,2018,7,30,A:R
43310,91.253333,2018,7,31,A:R
43311,189.39375,2018,8,1,A:R
43312,443.760417,2018,8,2,A:R
43313,438.145833,2018,8,3,A:R
43314,447.020833,2018,8,4,A:R
43315,486.520833,2018,8,5,A:R
43316,580.177083,2018,8,6,A:R
43317,583.489583,2018,8,7,A:R
43318,511.802083,2018,8,8,A:R
43319,507.84375,2018,8,9,A:R
43320,470.541667,2018,8,10,A:R
43321,425.885417,2018,8,11,A:R
43322,425.75,2018,8,12,A:R
43323,477.208333,2018,8,13,A:R
43324,483.322917,2018,8,14,A:R
43325,465.635417,2018,8,15,A:R
43326,448.916667,2018,8,16,A:R
43327,433.447917,2018,8,17,A:R
43328,432.229167,2018,8,18,A:R
43329,430.739583,2018,8,19,A:R
43330,429.239583,2018,8,20,A:R
43331,428.697917,2018,8,21,A:R
43332,413.340625,2018,8,22,A:R
43333,423.96875,2018,8,23,A:R
43334,421.9375,2018,8,24,A:R
43335,421.114583,2018,8,25,A:R
43336,420.21875,2018,8,26,A:R
43337,421.020833,2018,8,27,A:R
43338,418.78125,2018,8,28,A:R
43339,418.020833,2018,8,29,A:R
43340,387.041667,2018,8,30,A:R
43341,388.166667,2018,8,31,A:R
43342,390.9375,2018,9,1,A:R
43343,393.041667,2018,9,2,A:R
43344,394.46875,2018,9,3,A:R
43345,447.802083,2018,9,4,A:R
43346,448.041667,2018,9,5,A:R
43347,316.447708,2018,9,6,A:R
43348,391.354167,2018,9,7,A:R
43349,393.447917,2018,9,8,A:R
43350,393.260417,2018,9,9,A:R
43351,394.770833,2018,9,10,A:R
43352,395.802083,2018,9,11,A:R
43353,396.416667,2018,9,12,A:R
43354,396.5625,2018,9,13,A:R
43355,395.302083,2018,9,14,A:R
43356,395.614583,2018,9,15,A:R
43357,395.833333,2018,9,16,A:R
43358,397.25,2018,9,17,A:R
43359,396.71875,2018,9,18,A:R
43360,397.052083,2018,9,19,A:R
43361,398.447917,2018,9,20,A:R
43362,401.552083,2018,9,21,A:R
43363,404.104167,2018,9,22,A:R
43364,404.604167,2018,9,23,A:R
43365,405.625,2018,9,24,A:R
43366,406.0625,2018,9,25,A:R
43367,407.489583,2018,9,26,A:R
43368,406.729167,2018,9,27,A:R
43369,407.03125,2018,9,28,A:R
43370,407.885417,2018,9,29,A:R
43371,407.947917,2018,9,30,A:R
43372,407.927083,2018,10,1,A:R
43373,407.395833,2018,10,2,A:R
43374,406.760417,2018,10,3,A:R
43375,406.416667,2018,10,4,A:R
43376,407.052083,2018,10,5,A:R
43377,411.854167,2018,10,6,A:R
43378,399.717708,2018,10,7,A:R
43379,409.96875,2018,10,8,A:R
43380,411.208333,2018,10,9,A:R
43381,410.375,2018,10,10,A:R
43382,408.885417,2018,10,11,A:R
43383,417.4375,2018,10,12,A:R
43384,424.770833,2018,10,13,A:R
43385,422.5625,2018,10,14,A:R
43386,419.072917,2018,10,15,A:R
43387,417.302083,2018,10,16,A:R
43388,413.46875,2018,10,17,A:R
43389,411.6875,2018,10,18,A:R
43390,414.489583,2018,10,19,A:R
43391,419.020833,2018,10,20,A:R
43392,428.1875,2018,10,21,A:R
43393,400.427083,2018,10,22,A:R
43394,366.083333,2018,10,23,A:R
43395,320.052083,2018,10,24,A:R
43396,191.597812,2018,10,25,A:R
43397,65.80875,2018,10,26,A:R
43398,5.438229,2018,10,27,A:R
43399,8.689896,2018,10,28,A:R
43400,10.171771,2018,10,29,A:R
43401,6.130104,2018,10,30,A:R
43402,6.929063,2018,10,31,A:R
43403,8.068854,2018,11,1,A:R
43404,160.985208,2018,11,2,A:R
43405,169.906458,2018,11,3,A:R
43406,117.0498,2018,11,4,A:R
43407,110.586875,2018,11,5,A:R
43408,142.704063,2018,11,6,A:R
43409,163.621667,2018,11,7,A:R
43410,129.739063,2018,11,8,A:R
43411,181.692188,2018,11,9,A:R
43412,160.026875,2018,11,10,A:R
43413,147.560417,2018,11,11,A:R
43414,145.859271,2018,11,12,A:R
43415,132.139167,2018,11,13,A:R
43416,59.730833,2018,11,14,A:R
43417,65.238854,2018,11,15,A:R
43418,5.001667,2018,11,16,A:R
43419,4.766563,2018,11,17,A:R
43420,4.678542,2018,11,18,A:R
43421,4.595938,2018,11,19,A:R
43422,10.526563,2018,11,20,A:R
43423,4.807188,2018,11,21,A:R
43424,6.252292,2018,11,22,A:R
43425,10.508438,2018,11,23,A:R
43426,9.291667,2018,11,24,A:R
43427,6.778542,2018,11,25,A:R
43428,6.427895,2018,11,26,A:R
43429,23.8525,2018,11,27,A:R
43430,30.876042,2018,11,28,A:R
43431,17.190805,2018,11,29,A:R
43432,13.365625,2018,11,30,A:R
43433,11.383696,2018,12,1,A:R
43434,9.522292,2018,12,2,A:R
43435,8.202604,2018,12,3,A:R
43436,7.420417,2018,12,4,A:R
43437,6.936458,2018,12,5,A:R
43438,6.520104,2018,12,6,A:R
43439,6.273125,2018,12,7,A:R
43440,6.307083,2018,12,8,A:R
43441,6.358854,2018,12,9,A:R
43442,8.16125,2018,12,10,A:R
43443,14.191979,2018,12,11,A:R
43444,24.927083,2018,12,12,A:R
43445,14.930208,2018,12,13,A:R
43446,12.905208,2018,12,14,A:R
43447,11.504167,2018,12,15,A:R
43448,13.635417,2018,12,16,A:R
43449,15.676042,2018,12,17,A:R
43450,96.289583,2018,12,18,A:R
43451,64.725,2018,12,19,A:R
43452,40.165625,2018,12,20,A:R
43453,30.380208,2018,12,21,A:R
43454,22.314583,2018,12,22,A:R
43455,37.707292,2018,12,23,A:R
43456,40.123958,2018,12,24,A:R
43457,29.358333,2018,12,25,A:R
43458,22.657292,2018,12,26,A:R
43459,18.18125,2018,12,27,A:R
43460,15.152083,2018,12,28,A:R
43461,15.558333,2018,12,29,A:R
43462,35.342708,2018,12,30,A:R
43463,23.161458,2018,12,31,A:R
43464,18.452083,2019,1,1,A:R
43465,15.798958,2019,1,2,A:R
43466,14.16875,2019,1,3,A:R
43467,13.290625,2019,1,4,A:R
43468,12.4875,2019,1,5,A:R
43469,12.703125,2019,1,6,A:R
43470,11.144792,2019,1,7,A:R
43471,12.433333,2019,1,8,A:R
43472,14.353125,2019,1,9,A:R
43473,18.601042,2019,1,10,A:R
43474,16.304167,2019,1,11,A:R
43475,14.290625,2019,1,12,A:R
43476,12.796875,2019,1,13,A:R
43477,11.728125,2019,1,14,A:R
43478,10.876042,2019,1,15,A:R
43479,10.407292,2019,1,16,A:R
43480,10.408333,2019,1,17,A:R
43481,14.417708,2019,1,18,A:R
43482,68.365625,2019,1,19,A:R
43483,46.569792,2019,1,20,A:R
43484,31.10625,2019,1,21,A:R
43485,23.69375,2019,1,22,A:R
43486,33.453125,2019,1,23,A:R
43487,27.021875,2019,1,24,A:R
43488,21.373958,2019,1,25,A:R
43489,18.097917,2019,1,26,A:R
43490,16.6,2019,1,27,A:R
43491,15.434375,2019,1,28,A:R
43492,13.959375,2019,1,29,A
43493,12.83125,2019,1,30,A
43494,12.03125,2019,1,31,A
43495,12.059375,2019,2,1,A
43496,12.509375,2019,2,2,A
43497,17.048958,2019,2,3,A
43498,178.058333,2019,2,4,A
43499,12.815625,2019,2,5,A
43500,11.69375,2019,2,6,A
43501,10.9625,2019,2,7,A
43502,10.697917,2019,2,8,A
43503,10.777083,2019,2,9,A
43504,9.9225,2019,2,10,A
43505,10.228125,2019,2,11,A
43506,10.164583,2019,2,12,A
43507,10.540625,2019,2,13,A
43508,13.879167,2019,2,14,A
43509,14.004167,2019,2,15,A
43510,12.93125,2019,2,16,A
43511,11.80625,2019,2,17,A
43512,10.938542,2019,2,18,A
43513,10.617708,2019,2,19,A
43514,10.579167,2019,2,20,A
43515,10.025208,2019,2,21,A
43516,9.6,2019,2,22,A
43517,9.776875,2019,2,23,A
43518,72.851042,2019,2,24,A
43519,497.958333,2019,2,25,A
43520,501.416667,2019,2,26,A
43521,472.791667,2019,2,27,A
43522,441.979167,2019,2,28,A
43523,431.572917,2019,3,1,A
43524,434.625,2019,3,2,A
43525,432.052083,2019,3,3,A
43526,426.802083,2019,3,4,A
43527,418.666667,2019,3,5,A
43528,422.760417,2019,3,6,A
43529,421.364583,2019,3,7,A
43530,410.333333,2019,3,8,A
43531,389.385417,2019,3,9,A
43532,385.641304,2019,3,10,A
43533,383.739583,2019,3,11,A
43534,361.447917,2019,3,12,A
43535,88.917708,2019,3,13,A
43536,8.647813,2019,3,14,A
43537,8.897917,2019,3,15,A
43538,9.445937,2019,3,16,A
43539,11.29375,2019,3,17,A
43540,14.688542,2019,3,18,A
43541,18.101042,2019,3,19,A
43542,23.404167,2019,3,20,A
43543,24.583333,2019,3,21,A
43544,23.610417,2019,3,22,A
43545,27.192708,2019,3,23,A
43546,25.973958,2019,3,24,A
43547,212.166667,2019,3,25,A
43548,23.795833,2019,3,26,A
43549,23.429167,2019,3,27,A
43550,23.973958,2019,3,28,A
43551,23.030208,2019,3,29,A
43552,21.905208,2019,3,30,A
43553,22.2625,2019,3,31,A
43554,587.833333,2019,4,1,A
43555,789.145833,2019,4,2,A
43556,835.041667,2019,4,3,A
43557,836.136842,2019,4,4,A
43558,850.333333,2019,4,5,A
43559,885.875,2019,4,6,A
43560,1779.770833,2019,4,7,A
43561,2739.354839,2019,4,8,A
43562,2511.25,2019,4,9,A
43563,1617.5,2019,4,10,A
43564,1474.0625,2019,4,11,A
43565,1358.958333,2019,4,12,A
43566,1183.854167,2019,4,13,A
43567,1043.822917,2019,4,14,A
43568,933.4375,2019,4,15,A
43569,852.239583,2019,4,16,A
43570,766.927083,2019,4,17,A
43571,777.197917,2019,4,18,A
43572,857.96875,2019,4,19,A
43573,944.135417,2019,4,20,A
43574,862.916667,2019,4,21,A
43575,782.09375,2019,4,22,A
43576,763.166667,2019,4,23,A
43577,768.09375,2019,4,24,A
43578,767.614583,2019,4,25,A
43579,713.989583,2019,4,26,A
43580,660.135417,2019,4,27,A
43581,611.833333,2019,4,28,A
43582,585.135417,2019,4,29,A
43583,544.864583,2019,4,30,A
43584,516.1875,2019,5,1,A
43585,505.260417,2019,5,2,A
43586,478.833333,2019,5,3,A
43587,467.90625,2019,5,4,A
43588,463.083333,2019,5,5,A
43589,467.083333,2019,5,6,A
43590,472.958333,2019,5,7,A
43591,471.28125,2019,5,8,A
43592,451.625,2019,5,9,A
43593,348.341667,2019,5,10,A
43594,399.632292,2019,5,11,A
43595,473.6125,2019,5,12,A
43596,433.261458,2019,5,13,A
43597,431.945833,2019,5,14,A
43598,320.625,2019,5,15,A
43599,345.734375,2019,5,16,A
43600,354.98125,2019,5,17,A
43601,423.997917,2019,5,18,A
43602,279.885417,2019,5,19,A
43603,372.738542,2019,5,20,A
43604,282.709375,2019,5,21,A
43605,449.15625,2019,5,22,A
43606,177.490625,2019,5,23,A
43607,100.358333,2019,5,24,A
43608,71.321875,2019,5,25,A
43609,65.819792,2019,5,26,A
43610,66.303125,2019,5,27,A
43611,35.71875,2019,5,28,A
43612,13.436458,2019,5,29,A
43613,13.308333,2019,5,30,A
43614,12.770833,2019,5,31,A
43615,12.425,2019,6,1,A
43616,11.997917,2019,6,2,A
43617,11.690625,2019,6,3,A
43618,11.35,2019,6,4,A
43619,201.297917,2019,6,5,A
43620,13.315625,2019,6,6,A
43621,70.389583,2019,6,7,A
43622,13.3125,2019,6,8,A
43623,12.6875,2019,6,9,A
43624,12.371875,2019,6,10,A
43625,125.576042,2019,6,11,A
43626,12.009375,2019,6,12,A
43627,11.81875,2019,6,13,A
43628,11.622917,2019,6,14,A
43629,11.395833,2019,6,15,A
43630,11.18125,2019,6,16,A
43631,10.940625,2019,6,17,A
43632,10.795833,2019,6,18,A
43633,156.4625,2019,6,19,A
43634,10.678125,2019,6,20,A
43635,176.580208,2019,6,21,A
43636,83.466667,2019,6,22,A
43637,35.096875,2019,6,23,A
43638,24.64375,2019,6,24,A
43639,15.19875,2019,6,25,A
43640,10.849167,2019,6,26,A
43641,10.969792,2019,6,27,A
43642,10.189583,2019,6,28,A
43643,9.825,2019,6,29,A
43644,9.68,2019,6,30,A
43645,9.575,2019,7,1,A
43646,9.560417,2019,7,2,A
43647,9.435312,2019,7,3,A
43648,9.274792,2019,7,4,A
43649,9.171771,2019,7,5,A
43650,9.059167,2019,7,6,A
43651,9.003333,2019,7,7,A
43652,8.934583,2019,7,8,A
43653,8.824583,2019,7,9,A
43654,8.774167,2019,7,10,A
43655,8.721458,2019,7,11,A
43656,8.613125,2019,7,12,A
43657,8.53,2019,7,13,A
43658,8.431562,2019,7,14,A
43659,8.376452,2019,7,15,A
43660,8.3375,2019,7,16,A
43661,8.2675,2019,7,17,A
43662,8.451146,2019,7,18,A
43663,8.186562,2019,7,19,A
43664,8.096875,2019,7,20,A
43665,7.985313,2019,7,21,A
43666,7.954688,2019,7,22,A
43667,17.456875,2019,7,23,A
43668,6.883021,2019,7,24,A
43669,6.784375,2019,7,25,A
43670,6.73,2019,7,26,A
43671,6.679375,2019,7,27,A
43672,6.6475,2019,7,28,A
43673,6.606563,2019,7,29,A
43674,6.558646,2019,7,30,A
43675,6.512604,2019,7,31,A
43676,6.455833,2019,8,1,A
43677,6.40625,2019,8,2,A
43678,6.385625,2019,8,3,A
43679,6.351875,2019,8,4,A
43680,6.278958,2019,8,5,A
43681,6.247604,2019,8,6,A
43682,6.215729,2019,8,7,A
43683,6.222812,2019,8,8,A
43684,6.203333,2019,8,9,A
43685,6.261354,2019,8,10,A
43686,6.157292,2019,8,11,A
43687,6.070208,2019,8,12,A
43688,6.025,2019,8,13,A
43689,5.948333,2019,8,14,A
43690,5.928333,2019,8,15,A
43691,5.895,2019,8,16,A
43692,5.886667,2019,8,17,A
43693,5.865,2019,8,18,A
43694,5.8,2019,8,19,A
43695,5.78,2019,8,20,A
43696,6.007396,2019,8,21,A
43697,6.151667,2019,8,22,A
43698,5.771667,2019,8,23,A
43699,5.713333,2019,8,24,A
43700,5.656667,2019,8,25,A
43701,5.61,2019,8,26,A
43702,5.61,2019,8,27,A
43703,5.576667,2019,8,28,A
43704,5.578333,2019,8,29,A
43705,5.685,2019,8,30,A
43706,5.695,2019,8,31,A
43707,5.621667,2019,9,1,A
43708,5.563333,2019,9,2,A
43709,5.546667,2019,9,3,A
43710,5.486771,2019,9,4,A
43711,5.448437,2019,9,5,A
43712,5.428125,2019,9,6,A
43713,5.428125,2019,9,7,A
43714,6.544687,2019,9,8,A
43715,8.720208,2019,9,9,A
43716,6.429167,2019,9,10,A
43717,5.763333,2019,9,11,A
43718,5.505,2019,9,12,A
43719,5.44375,2019,9,13,A
43720,5.425,2019,9,14,A
43721,6.088646,2019,9,15,A
43722,6.493125,2019,9,16,A
43723,30.341354,2019,9,17,A
43724,40.447604,2019,9,18,A
43725,7.209375,2019,9,19,A
43726,6.031667,2019,9,20,A
43727,5.788333,2019,9,21,A
43728,5.776667,2019,9,22,A
43729,49.51,2019,9,23,A
43730,5.325208,2019,9,24,A
43731,5.151875,2019,9,25,A
43732,5.131042,2019,9,26,A
43733,5.033333,2019,9,27,A
43734,5.482604,2019,9,28,A
43735,5.195729,2019,9,29,A
43736,5.01875,2019,9,30,A
43737,4.986667,2019,10,1,A
43738,4.881667,2019,10,2,A
43739,4.986667,2019,10,3,A
43740,5.221146,2019,10,4,A
43741,4.9925,2019,10,5,A
43742,4.881667,2019,10,6,A
43743,4.87,2019,10,7,A
43744,5.652604,2019,10,8,A
43745,5.282083,2019,10,9,A
43746,5.01,2019,10,10,A
43747,4.921042,2019,10,11,A
43748,4.87,2019,10,12,A
43749,4.87,2019,10,13,A
43750,4.86125,2019,10,14,A
43751,4.770833,2019,10,15,A
43752,4.970937,2019,10,16,A
43753,6.476667,2019,10,17,A
43754,7.664271,2019,10,18,A
43755,47.588021,2019,10,19,A
43756,10.245833,2019,10,20,A
43757,8.496042,2019,10,21,A
43758,8.859687,2019,10,22,A
43759,8.181354,2019,10,23,A
43760,7.473958,2019,10,24,A
43761,6.978021,2019,10,25,A
43762,6.6475,2019,10,26,A
43763,6.454167,2019,10,27,A
43764,6.351875,2019,10,28,A
43765,6.226354,2019,10,29,A
43766,6.173229,2019,10,30,A
43767,6.130729,2019,10,31,A
43768,6.083333,2019,11,1,A
43769,6.02,2019,11,2,A
43770,5.9476,2019,11,3,A
43771,5.908333,2019,11,4,A
43772,5.808333,2019,11,5,A
43773,5.756667,2019,11,6,A
43774,5.698333,2019,11,7,A
43775,5.605,2019,11,8,A
43776,5.566667,2019,11,9,A
43777,5.535,2019,11,10,A
43778,5.49,2019,11,11,A
43779,5.455,2019,11,12,A
43780,257.085417,2019,11,13,A
43781,395.59375,2019,11,14,A
43782,8.341979,2019,11,15,A
43783,5.209375,2019,11,16,A
43784,5.1325,2019,11,17,A
43785,5.215312,2019,11,18,A
43786,52.424687,2019,11,19,A
43787,5.697083,2019,11,20,A
43788,5.320313,2019,11,21,A
43789,45.904271,2019,11,22,A
43790,5.170312,2019,11,23,A
43791,5.15,2019,11,24,A
43792,56.741563,2019,11,25,A
43793,5.389792,2019,11,26,A
43794,5.20625,2019,11,27,A
43795,5.072708,2019,11,28,A
43796,5.01,2019,11,29,A
43797,5.01,2019,11,30,A
43798,5.08875,2019,12,1,A
43799,43.425521,2019,12,2,A
43800,5.25,2019,12,3,A
43801,5.251563,2019,12,4,A
43802,159.092083,2019,12,5,A
43803,5.330417,2019,12,6,A
43804,5.758438,2019,12,7,A
43805,6.062292,2019,12,8,A
43806,134.273021,2019,12,9,A
43807,149.364792,2019,12,10,A
43808,6.195729,2019,12,11,A
43809,14.173021,2019,12,12,A
43810,200.955208,2019,12,13,A
43811,11.542708,2019,12,14,A
43812,9.224167,2019,12,15,A
43813,171.109063,2019,12,16,A
43814,420.389687,2019,12,17,A
43815,309.191771,2019,12,18,A
43816,373.279583,2019,12,19,A
43817,525.552083,2019,12,20,A
43818,456.322917,2019,12,21,A
43819,417.416667,2019,12,22,A
43820,396.197917,2019,12,23,A
43821,289.8375,2019,12,24,A
43822,399.208333,2019,12,25,A
43823,284.657708,2019,12,26,A
43824,236.932292,2019,12,27,A
43825,403.114583,2019,12,28,A
43826,201.180833,2019,12,29,A
43827,296.218229,2019,12,30,A
43828,296.538854,2019,12,31,A
43829,473.114583,2020,1,1,A
43830,299.164583,2020,1,2,A
43831,421.895833,2020,1,3,A
43832,408.635417,2020,1,4,A
43833,387.447917,2020,1,5,A
43834,396.21875,2020,1,6,A
43835,416.15625,2020,1,7,A
43836,420.90625,2020,1,8,A
43837,241.894792,2020,1,9,A
43838,15.815625,2020,1,10,A
43839,18.653125,2020,1,11,A
43840,16.392708,2020,1,12,A
43841,14.215625,2020,1,13,A
43842,12.484375,2020,1,14,A
43843,11.1125,2020,1,15,A
43844,10.658333,2020,1,16,A
43845,9.735,2020,1,17,A
43846,9.763333,2020,1,18,A
43847,12.097917,2020,1,19,A
43848,12.89375,2020,1,20,A
43849,13.757292,2020,1,21,A
43850,16.41875,2020,1,22,A
43851,25.655208,2020,1,23,A
43852,43.565625,2020,1,24,A
43853,40.822917,2020,1,25,A
43854,57.795833,2020,1,26,A
43855,47.591667,2020,1,27,A
43856,72.90625,2020,1,28,A
43857,53.429167,2020,1,29,A
43858,46.377083,2020,1,30,A
43859,40.783333,2020,1,31,A
43860,167.073958,2020,2,1,A
43861,48.609375,2020,2,2,A
43862,31.503125,2020,2,3,A
43863,23.836458,2020,2,4,A
43864,22.14375,2020,2,5,A
43865,33.763542,2020,2,6,A
43866,44.489583,2020,2,7,A
43867,39.24375,2020,2,8,A
43868,29.229167,2020,2,9,A
43869,24.082292,2020,2,10,A
43870,20.576042,2020,2,11,A
43871,18.308333,2020,2,12,A
43872,16.858333,2020,2,13,A
43873,15.866667,2020,2,14,A
43874,15.952083,2020,2,15,A
43875,17.454167,2020,2,16,A
43876,15.991667,2020,2,17,A
43877,14.933333,2020,2,18,A
43878,14.0125,2020,2,19,A
43879,13.28125,2020,2,20,A
43880,12.81875,2020,2,21,A
43881,12.45,2020,2,22,A
43882,13.527083,2020,2,23,A
43883,13.140625,2020,2,24,A
43884,12.6375,2020,2,25,A
43885,12.6625,2020,2,26,A
43886,12.85625,2020,2,27,A
43887,13.9125,2020,2,28,A
43888,14.99375,2020,2,29,A
43889,13.89375,2020,3,1,A
43890,13.178125,2020,3,2,A
43891,12.915625,2020,3,3,A
43892,12.909375,2020,3,4,A
43893,13.259375,2020,3,5,A
43894,13.809375,2020,3,6,A
43895,13.886458,2020,3,7,A
43896,13.130435,2020,3,8,A
43897,12.45,2020,3,9,A
43898,11.95625,2020,3,10,A
43899,11.678125,2020,3,11,A
43900,11.51875,2020,3,12,A
43901,11.55625,2020,3,13,A
43902,11.5125,2020,3,14,A
43903,10.704167,2020,3,15,A
43904,10.36875,2020,3,16,A
43905,10.297604,2020,3,17,A
43906,10.192604,2020,3,18,A
43907,10.032396,2020,3,19,A
43908,10.272917,2020,3,20,A
43909,10.616667,2020,3,21,A
43910,10.859375,2020,3,22,A
43911,11.272917,2020,3,23,A
43912,11.223958,2020,3,24,A
43913,11.182292,2020,3,25,A
43914,10.55625,2020,3,26,A
43915,10.339583,2020,3,27,A
43916,10.965625,2020,3,28,A
43917,16.854167,2020,3,29,A
43918,36.455208,2020,3,30,A
43919,31.2875,2020,3,31,A
43920,24.329167,2020,4,1,A
43921,20.923958,2020,4,2,A
43922,18.905208,2020,4,3,A
43923,17.7375,2020,4,4,A
43924,18.354167,2020,4,5,A
43925,18.866667,2020,4,6,A
43926,18.958333,2020,4,7,A
43927,20.278125,2020,4,8,A
43928,22.8625,2020,4,9,A
43929,25.78125,2020,4,10,A
43930,27.096875,2020,4,11,A
43931,24.252083,2020,4,12,A
43932,20.923958,2020,4,13,A
43933,18.933333,2020,4,14,A
43934,18.525,2020,4,15,A
43935,18.429167,2020,4,16,A
43936,18.041667,2020,4,17,A
43937,18.033333,2020,4,18,A
43938,18.170833,2020,4,19,A
43939,18.625,2020,4,20,A
43940,19.64375,2020,4,21,A
43941,25.379167,2020,4,22,A
43942,56.283333,2020,4,23,A
43943,32.4125,2020,4,24,A
43944,29.648958,2020,4,25,A
43945,27.244792,2020,4,26,A
43946,26.782292,2020,4,27,A
43947,29.69375,2020,4,28,A
43948,27.147917,2020,4,29,A
43949,25.308333,2020,4,30,A
43950,21.18125,2020,5,1,A
43951,21.288542,2020,5,2,A
43952,24.032292,2020,5,3,A
43953,20.70625,2020,5,4,A
43954,19.670833,2020,5,5,A
43955,20.170833,2020,5,6,A
43956,18.670833,2020,5,7,A
43957,18.483333,2020,5,8,A
43958,19.558333,2020,5,9,A
43959,20.841667,2020,5,10,A
43960,20.504167,2020,5,11,A
43961,19.65625,2020,5,12,A
43962,20.828125,2020,5,13,A
43963,22.111458,2020,5,14,A
43964,22.825,2020,5,15,A
43965,19.967708,2020,5,16,A
43966,19.504167,2020,5,17,A
43967,20.459375,2020,5,18,A
43968,22.317708,2020,5,19,A
43969,21.364583,2020,5,20,A
43970,23.098958,2020,5,21,A
43971,24.336458,2020,5,22,A
43972,22.069792,2020,5,23,A
43973,19.909375,2020,5,24,A
43974,18.8625,2020,5,25,A
43975,18.033333,2020,5,26,A
43976,17.5,2020,5,27,A
43977,16.8375,2020,5,28,A
43978,16.329167,2020,5,29,A
43979,16.152083,2020,5,30,A
43980,15.302083,2020,5,31,A
43981,14.628125,2020,6,1,A
43982,14.016667,2020,6,2,A
43983,13.6375,2020,6,3,QP
43984,13.3,2020,6,4,P
43985,13.00625,2020,6,5,P
43986,13.334375,2020,6,6,P
43987,14.034375,2020,6,7,P
43988,14.7375,2020,6,8,P
43989,14.522917,2020,6,9,P
43990,14.56875,2020,6,10,P
43991,13.576042,2020,6,11,P
43992,13.236458,2020,6,12,P
43993,13.376042,2020,6,13,P
43994,15.886458,2020,6,14,P
43995,241.044792,2020,6,15,P
43996,671.427083,2020,6,16,P
43997,625.34375,2020,6,17,P
43998,593.625,2020,6,18,P
43999,578.145833,2020,6,19,P
44000,557.65625,2020,6,20,P
44001,550.09375,2020,6,21,P
44002,545.8125,2020,6,22,P
44003,560.135417,2020,6,23,P
44004,536.3125,2020,6,24,P
44005,542.854167,2020,6,25,P
44006,543.322917,2020,6,26,P
44007,533.125,2020,6,27,P
44008,516.489583,2020,6,28,P
44009,502.854167,2020,6,29,P
44010,489.791667,2020,6,30,P
44011,479.78125,2020,7,1,P
44012,305.251042,2020,7,2,P
44013,9.419479,2020,7,3,P
44014,9.063229,2020,7,4,P
44015,8.883542,2020,7,5,P
44016,8.749375,2020,7,6,P
44017,8.627292,2020,7,7,P
44018,8.52375,2020,7,8,P
44019,8.338125,2020,7,9,P
44020,8.191562,2020,7,10,P
44021,8.103438,2020,7,11,P
44022,7.976563,2020,7,12,P
44023,7.893438,2020,7,13,P
44024,7.764896,2020,7,14,P
44025,7.685,2020,7,15,P
44026,7.5975,2020,7,16,P
44027,7.51,2020,7,17,P
44028,7.430833,2020,7,18,P
44029,7.346563,2020,7,19,P
44030,7.290729,2020,7,20,P
44031,7.24125,2020,7,21,P
44032,7.138333,2020,7,22,P
44033,7.082917,2020,7,23,P
44034,6.983958,2020,7,24,P
44035,6.9325,2020,7,25,P
44036,6.849375,2020,7,26,P
44037,6.803854,2020,7,27,P
44038,6.765625,2020,7,28,P
44039,6.71125,2020,7,29,P
44040,26.087396,2020,7,30,P
44041,6.363333,2020,7,31,P
44042,6.242292,2020,8,1,P
44043,6.19625,2020,8,2,P
44044,6.144896,2020,8,3,P
44045,6.098958,2020,8,4,P
44046,6.06,2020,8,5,P
44047,6.109896,2020,8,6,P
44048,6.031667,2020,8,7,P
44049,5.931667,2020,8,8,P
44050,5.901667,2020,8,9,P
44051,5.856667,2020,8,10,P
44052,5.811667,2020,8,11,P
44053,5.751667,2020,8,12,P
44054,5.72,2020,8,13,P
44055,5.678333,2020,8,14,P
44056,5.626667,2020,8,15,P
44057,5.613333,2020,8,16,P
44058,5.58,2020,8,17,P
44059,5.558333,2020,8,18,P
44060,5.516771,2020,8,19,P
44061,5.476667,2020,8,20,P
44062,5.475,2020,8,21,P
44063,5.466667,2020,8,22,P
44064,5.415625,2020,8,23,P
44065,5.39375,2020,8,24,P
44066,5.365625,2020,8,25,P
44067,5.310938,2020,8,26,P
44068,5.282813,2020,8,27,P
44069,5.260937,2020,8,28,P
44070,5.246875,2020,8,29,P
44071,5.159375,2020,8,30,P
44072,5.198437,2020,8,31,P
44073,5.20625,2020,9,1,P
44074,5.161042,2020,9,2,P
44075,5.14125,2020,9,3,P
44076,5.12375,2020,9,4,P
44077,5.098958,2020,9,5,P
44078,5.045,2020,9,6,P
44079,105.484271,2020,9,7,P
44080,311.835417,2020,9,8,P
44081,341.416354,2020,9,9,P
44082,297.204271,2020,9,10,P
44083,307.82375,2020,9,11,P
44084,314.556979,2020,9,12,P
44085,349.927083,2020,9,13,P
44086,304.711042,2020,9,14,P
44087,366.398021,2020,9,15,P
44088,341.225625,2020,9,16,P
44089,332.733958,2020,9,17,P
44090,336.553125,2020,9,18,P
44091,331.590729,2020,9,19,P
44092,332.001562,2020,9,20,P
44093,330.642812,2020,9,21,P
44094,316.609792,2020,9,22,P
44095,302.060937,2020,9,23,P
44096,303.132396,2020,9,24,P
44097,354.670938,2020,9,25,P
44098,322.598958,2020,9,26,P
44099,309.31375,2020,9,27,P
44100,307.864583,2020,9,28,P
44101,307.750938,2020,9,29,P
44102,288.815938,2020,9,30,P
44103,299.652396,2020,10,1,P
44104,300.884583,2020,10,2,P
44105,281.726563,2020,10,3,P
44106,281.437813,2020,10,4,P
44107,296.592708,2020,10,5,P
44108,297.6775,2020,10,6,P
44109,292.871458,2020,10,7,P
44110,276.383125,2020,10,8,P
44111,270.985521,2020,10,9,P
44112,349.135417,2020,10,10,P
44113,240.57,2020,10,11,P
