OID_,WATERRIGHTID,X,Y,PODID,POUID,PERMITCODE,PODRATE,USECODE,PRIORITYDOY,YEAR,BEGINDOY,ENDDOY,REACHCOMID,LENGTH_OR_COMID,SPECIAL,CERTIFICATE
178,53148,508411.9697,4889622.014,1,33805,2,0.5,16,296,1911,1,365,23774043,3916,0,-99
179,53180,514860.7899,4892542.8,2,33838,2,0.07,16,301,1911,1,365,23773535,3819,0,-99
180,53182,508871.7165,4887562.01,3,33840,2,0.44,16,331,1911,1,365,23774077,3869,0,-99
541,103608,497852.6184,4880406.541,4,,2,3.48,16,36,1915,1,365,23772741,561,0,-99
120,26304,501243.2743,4880438.167,5,17360,-99,0.557,16,366,1920,60,304,-99,-99,0,-99
181,57534,546230.0501,4884540.432,6,39062,2,0.11,16,340,1922,1,365,23772949,3369,0,-99
205,67569,504003.771,4879351.35,7,-22,2,27.08,1024,136,1925,1,365,23772765,1003,0,-99
206,67569,502860.2036,4879787.497,8,-22,2,27.08,1024,136,1925,1,365,23772751,34,0,-99
122,26377,512640.45,4877685.145,9,17424,-99,0.4456,16,229,1925,60,304,-99,-99,0,-99
129,26679,503550.3833,4879093.441,10,17718,-99,0.2785,16,365,1926,60,304,-99,-99,0,-99
162,28564,495216.5478,4884619.506,11,,-99,0.4456,16,365,1926,60,304,-99,-99,0,-99
187,63527,516879.3628,4877768.946,12,46655,2,0.04,16,282,1928,1,365,23774459,1981,0,-99
127,26677,503472.6009,4879369.894,13,17716,-99,0.2785,16,366,1928,60,304,-99,-99,0,-99
111,25788,496319.3969,4883130.655,14,16854,-99,0.3565,16,90,1930,60,304,-99,-99,0,-99
139,27198,501775.6278,4880773.015,15,18230,-99,0.2584,16,129,1930,60,304,-99,-99,0,-99
183,63049,514879.1776,4898588.596,16,46099,2,0.05,16,135,1930,1,365,23773639,6061,0,-99
182,62258,512434.1322,4895265.803,17,45058,2,0.375,16,22,1931,1,365,23773589,1428,0,-99
186,63496,512428.9158,4895264.976,18,46618,2,1.33,16,33,1931,1,365,23773589,1428,0,-99
184,63061,512428.5238,4895264.164,19,46111,2,0.79,16,91,1931,1,365,23773589,1428,0,-99
725,147981,509853.5526,4891156.426,20,161880,2,1.32,16,121,1931,1,365,23773601,3173,0,-99
726,147981,509846.3936,4890609.641,21,161880,2,1.32,16,121,1931,1,365,23773601,3173,0,-99
185,63379,500098.874,4880617.61,22,46476,2,0.09,16,149,1931,1,365,23772745,3325,0,-99
188,63690,509308.8799,4891775.13,23,46836,2,0.03,16,171,1931,1,365,23773601,3173,0,-99
220,69461,523406.8355,4882297.771,24,53716,2,0.23,16,320,1932,1,365,23773483,6179,0,-99
192,63871,567311.0395,4891682.433,25,,2,0.07,16,222,1933,1,365,23773317,1855,0,-99
190,63773,507838.4279,4892176.089,26,46933,2,0.1,16,251,1933,1,365,23773603,766,0,-99
191,63773,507822.6503,4892774.094,27,46933,2,0.13,16,251,1933,1,365,23773981,2219,0,-99
189,63714,516299.8174,4900450.129,28,46867,2,0.13,16,66,1934,1,365,23773847,2804,0,-99
196,66364,507301.0736,4889138.785,29,49877,2,0.03,16,198,1935,1,365,23773527,2878,0,-99
130,26680,503258.0899,4879021.543,30,17719,-99,0.557,16,365,1935,60,304,-99,-99,0,-99
131,26681,503055.029,4879012.251,31,,-99,0.3899,16,365,1935,60,304,-99,-99,0,-99
165,28688,509381.2683,4889997.664,32,19678,-99,0.0134,16,365,1935,60,304,-99,-99,0,-99
881,183525,502333.5911,4880450.971,33,233001,-99,0.4456,16,365,1935,60,304,-99,-99,0,-99
193,63894,507301.0736,4889138.785,34,47068,2,0.035,16,34,1936,1,365,23773527,2878,0,-99
195,65870,505194.3212,4878656.43,35,49270,2,1.04,16,137,1936,1,365,23774369,2941,0,-99
194,64547,522637.1112,4882268.002,36,,2,0.03,16,282,1936,1,365,23772825,1130,0,-99
789,168441,530116.7333,4885495.036,37,207805,2,0.15,16,25,1937,1,365,23772857,2359,0,-99
198,66530,514839.4425,4884970.691,38,50116,2,0.28,16,91,1937,1,365,23773499,2435,0,-99
146,27934,543054.6885,4884822.224,39,,-99,0.8021,16,365,1937,60,304,-99,-99,0,-99
170,28920,511069.7338,4879400.858,40,19910,-99,0.1782,16,365,1937,60,304,-99,-99,0,-99
145,27880,497707.2585,4882633.207,41,18897,-99,0.1782,16,120,1938,60,304,-99,-99,0,-99
157,28487,496142.609,4882134.882,42,19482,-99,0.3342,16,161,1938,60,304,-99,-99,0,-99
231,73531,516702.3301,4893140.108,44,56160,2,1.178,16,209,1938,1,365,23773537,4829,0,-99
164,28623,511640.9653,4877902.854,43,19615,-99,0.4456,16,209,1938,60,304,-99,-99,0,-99
197,66374,515111.1447,4897703.945,45,49890,2,0.04,16,228,1938,1,365,23773639,6061,0,-99
138,27159,528811.5112,4884617.469,46,18187,-99,0.2228,16,365,1938,60,304,-99,-99,0,-99
674,124594,496197.0467,4884430.146,47,,2,0.73,16,40,1939,1,365,23772727,3181,0,-99
701,135768,496197.0467,4884430.146,48,,2,0.22,16,40,1939,1,365,23772727,3181,0,-99
703,135777,496197.0467,4884430.146,49,,2,0.22,16,40,1939,1,365,23772727,3181,0,-99
802,176327,496197.0467,4884430.146,50,,2,0.31,16,40,1939,1,365,23772727,3181,0,-99
834,179967,496197.0467,4884430.146,51,,2,2.27,16,40,1939,1,365,23772727,3181,0,-99
199,67027,511947.5459,4891426.588,52,50737,2,0.003,16,81,1939,1,365,23773533,2802,0,-99
204,67091,511946.3263,4891426.589,53,50821,2,0.038,16,81,1939,1,365,23773533,2802,0,-99
201,67030,504926.936,4878410.472,54,50742,2,0.61,16,109,1939,1,365,23774369,2941,0,-99
202,67042,564911.928,4890074.755,55,50756,2,0.11,16,139,1939,1,365,23774259,2645,0,-99
160,28550,496801.849,4882138.366,56,19548,-99,0.4456,16,151,1939,60,304,-99,-99,0,-99
168,28870,501392.545,4880437.284,57,19859,-99,0.2005,16,274,1939,60,304,-99,-99,0,-99
223,69652,565711.9564,4889696.307,58,53961,2,0.025,16,280,1939,1,365,23774291,2099,0,-99
143,27604,496709.0794,4883542.417,59,18630,-99,0.2674,16,365,1939,60,304,-99,-99,0,-99
149,28087,498195.1733,4880937.367,60,19091,-99,0.2228,16,365,1939,60,304,-99,-99,0,-99
207,67823,507567.9724,4888005.345,61,51729,2,0.43,16,204,1940,1,365,23773527,2878,0,-99
208,67823,507704.2745,4887942.682,62,51729,2,0.43,16,204,1940,1,365,23773527,2878,0,-99
818,177806,518821.2745,4880411.074,66,224770,2,0.031,16,207,1940,1,365,23773629,2171,0,-99
795,172483,517485.837,4879344.474,63,215658,2,0.86,16,207,1940,60,304,23772801,2288,0,-99
796,172484,518821.2745,4880411.074,64,215659,2,0.47,16,207,1940,60,304,23773629,2171,0,-99
797,172484,517062.0696,4880025.655,65,215659,2,0.47,16,207,1940,60,304,23773629,2171,0,-99
128,26678,503557.3817,4879124.6,67,17717,-99,0.2785,16,366,1940,60,304,-99,-99,0,-99
200,67027,511947.5459,4891426.588,68,50737,2,0.004,16,102,1941,1,365,23773533,2802,0,-99
203,67091,511946.3263,4891426.589,69,50821,2,0.038,16,102,1941,1,365,23773533,2802,0,-99
140,27199,501776.0473,4880773.005,70,18231,-99,0.3699,16,161,1941,60,304,-99,-99,0,-99
141,27386,508317.0827,4877585.845,71,18417,-99,0.1872,16,181,1941,60,304,-99,-99,0,-99
210,69068,519964.85,4879726.889,72,53258,2,0.07,16,234,1941,1,365,23774931,4203,0,-99
221,69472,505219.4165,4884152.405,73,53727,2,0.19,16,169,1942,1,365,23773517,753,0,-99
114,26227,510554.9169,4879061.351,74,17286,-99,0.6016,16,181,1942,60,304,-99,-99,0,-99
222,69520,523133.432,4882161.716,75,53783,2,0.15,16,244,1942,1,365,23773483,6179,0,-99
116,26262,509181.8506,4877920.46,76,17319,-99,0.5347,16,365,1942,60,304,-99,-99,0,-99
132,26787,510221.2789,4879079.258,77,17823,-99,0.6684,16,365,1942,60,304,-99,-99,0,-99
174,29092,512045.0784,4877909.654,78,20089,-99,0.557,16,365,1942,60,304,-99,-99,0,-99
235,73638,514215.2002,4894903.526,79,56278,2,0.06,16,238,1943,1,365,23773951,2980,0,-99
209,68002,503872.1917,4882144.259,80,51955,2,0.0125,16,244,1943,1,365,23773513,4575,0,-99
119,26282,501865.2594,4880434.702,81,17339,-99,0.4456,16,365,1943,60,304,-99,-99,0,-99
213,69274,512962.0765,4884143.287,82,53487,2,0.225,16,10,1944,1,365,23773495,968,0,-99
214,69274,513014.9949,4884342.757,83,53487,2,0.225,16,10,1944,1,365,23773495,968,0,-99
215,69274,513014.9949,4884342.757,84,53487,2,0.225,16,10,1944,1,365,23773495,968,0,-99
216,69274,512608.2528,4883945.761,85,53487,2,0.225,16,10,1944,1,365,23773493,1739,0,-99
217,69274,513014.0042,4883940.228,86,53487,2,0.2,16,10,1944,1,365,23773495,968,0,-99
480,98349,513743.3428,4884359.788,87,84746,2,0.168,16,110,1944,1,365,23774215,1772,0,-99
104,24987,510501.8029,4879720.525,88,15944,-99,0.557,16,111,1944,60,304,-99,-99,0,-99
211,69120,515025.5368,4878514.19,89,,2,0.38,16,243,1944,1,365,23772793,543,0,-99
224,69748,535723.4852,4887894.395,90,,2,0.003,16,333,1944,1,365,23773469,4005,0,-99
262,76759,537377.7751,4887509.934,91,59750,2,0.07,16,334,1944,1,365,23773469,4005,0,-99
263,76759,538088.8004,4888278.685,92,59750,2,0.08,16,334,1944,1,365,23773699,4117,0,-99
153,28275,520001.9557,4881283.84,93,19275,-99,1.114,16,366,1944,60,304,-99,-99,0,-99
824,178610,511765.622,4890700.798,94,226222,2,0.13,16,18,1945,1,365,23775153,1350,0,-99
825,178610,512201.5659,4890593.956,95,226222,2,0.13,16,18,1945,1,365,23775153,1350,0,-99
219,69439,566513.2942,4890882.593,96,53686,2,0.01,16,69,1945,1,365,23773225,823,0,-99
124,26472,513163.1169,4879087.246,97,17509,-99,0.6684,16,120,1945,60,304,-99,-99,0,-99
212,69146,523224.6248,4882232.581,98,53347,2,0.038,16,123,1945,1,365,23773483,6179,0,-99
226,73442,510532.8282,4881541.217,99,56064,2,0.6,16,207,1945,1,365,23773489,3404,0,-99
218,69310,537716.683,4885991.924,100,53535,2,0.22,16,253,1945,1,365,23772889,554,0,-99
158,28492,500712.7757,4880058.697,101,19487,-99,0.2005,16,263,1945,60,304,-99,-99,0,-99
136,27042,514237.6537,4878279.061,102,18076,-99,0.2228,16,365,1945,60,304,-99,-99,0,-99
142,27447,505947.8936,4879894.749,103,18476,-99,0.0334,16,365,1945,60,304,-99,-99,0,-99
156,28482,496686.7544,4883351.297,104,19477,-99,0.2674,16,365,1945,60,304,-99,-99,0,-99
123,26471,512943.5517,4879090.527,105,17508,-99,0.6684,16,60,1946,60,304,-99,-99,0,-99
110,25786,496348.3086,4883416.256,106,16852,-99,0.401,16,120,1946,60,304,-99,-99,0,-99
236,73647,504110.6714,4882649.393,107,56288,2,0.07,16,140,1946,1,365,23773513,4575,0,-99
237,73647,510526.2848,4885559.57,108,56288,2,0.07,16,140,1946,1,365,23774125,2126,0,-99
238,73647,504406.2979,4882812.667,109,56288,2,0.07,16,140,1946,1,365,23773513,4575,0,-99
118,26277,510759.7779,4878909.504,110,17334,-99,0.5013,16,151,1946,60,304,-99,-99,0,-99
232,73553,509328.4281,4880311.664,111,56184,2,0.04,16,162,1946,1,365,23774325,2974,0,-99
233,73553,509329.9831,4879907.284,112,56184,2,0.41,16,162,1946,1,365,23773487,1704,0,-99
254,76374,511141.8055,4881565.126,113,59332,2,0.6,16,171,1946,1,365,23773489,3404,0,-99
673,120870,502639.0514,4880355.926,114,-22,2,90,1024,288,1946,1,365,23772749,1662,0,-99
121,26342,497664.5071,4880776.113,115,17389,-99,0.557,16,365,1946,60,304,-99,-99,0,-99
134,26990,497724.3497,4881250.727,116,18024,-99,0.5347,16,365,1946,60,304,-99,-99,0,-99
227,73453,504497.8202,4885087.004,117,56079,2,0.005,16,7,1947,1,365,23774145,2925,0,-99
228,73457,508451.5407,4888715.004,118,56083,2,0.65,16,71,1947,1,365,23773527,2878,0,-99
135,26991,501012.7874,4880148.209,119,18025,-99,0.2228,16,151,1947,60,304,-99,-99,0,-99
105,25114,513328.2853,4879393.988,120,16096,-99,0.3342,16,152,1947,60,304,-99,-99,0,-99
264,76793,551005.6872,4890003.138,121,59791,2,0.01,16,308,1947,1,365,23774173,4272,0,-99
241,73841,512629.3592,4883805.549,122,56503,2,0.08,16,317,1947,1,365,23773493,1739,0,-99
281,80205,529684.8391,4885682.758,123,63654,2,0.71,16,322,1947,1,365,23772857,2359,0,-99
154,28306,496269.6172,4883014.944,124,19307,-99,0.0668,16,365,1947,60,304,-99,-99,0,-99
234,73573,512119.0758,4882804.791,125,56207,2,0.24,16,9,1948,1,365,23773493,1739,0,-99
106,25114,513343.8262,4878945.639,126,16096,-99,0.2674,16,122,1948,60,304,-99,-99,0,-99
255,76381,508793.4209,4889091.647,127,59340,2,0.3,16,135,1948,1,365,23773529,2234,0,-99
239,73661,503227.5097,4882080.813,128,56304,2,0.46,16,210,1948,1,365,23773513,4575,0,-99
161,28551,496879.3079,4881749.282,129,19549,-99,0.3899,16,244,1948,60,304,-99,-99,0,-99
171,28951,496914.5103,4881282.997,130,19941,-99,0.0602,16,245,1948,60,304,-99,-99,0,-99
126,26676,503441.1497,4879470.388,131,17715,-99,0.3565,16,366,1948,60,304,-99,-99,0,-99
240,73784,516656.583,4880316.58,132,56437,2,0.54,16,73,1949,1,365,23774337,2407,0,-99
151,28205,496017.5038,4883115.334,133,,-99,0.5615,16,84,1949,60,304,-99,-99,0,-99
147,28062,496038.5206,4883872.311,134,,-99,0.6684,16,120,1949,60,304,-99,-99,0,-99
137,27148,501147.6835,4880322.639,135,18176,-99,0.0936,16,151,1949,60,304,-99,-99,0,-99
686,128133,517465.8722,4879528.945,136,,2,0.18,16,166,1949,1,365,23772801,2288,0,-99
819,177807,518821.2745,4880411.074,137,224771,2,0.35,16,166,1949,1,365,23773629,2171,0,-99
152,28224,512851.3727,4877691.471,138,19224,-99,0.3743,16,170,1949,1,365,-99,-99,0,-99
256,76592,532530.4629,4886497.433,139,59569,2,0.01,16,321,1949,1,365,23772871,1860,0,-99
125,26559,518025.6963,4880237.838,140,17604,-99,0.1114,16,365,1949,60,304,-99,-99,0,-99
243,76145,513422.2006,4879428.152,141,59088,2,0.33,16,80,1950,1,365,23773625,6334,0,-99
229,73493,504012.2417,4879140.131,142,56119,2,0.45,16,123,1950,1,365,23772765,1003,0,-99
230,73493,504507.3847,4879446.658,143,56119,2,0.1,16,123,1950,1,365,23774369,2941,0,-99
166,28826,501543.1808,4879909.839,144,,-99,0.0557,16,212,1950,60,304,-99,-99,0,-99
108,25417,513581.2579,4878515.755,145,,-99,0.0446,16,243,1950,60,304,-99,-99,0,-99
225,73257,506146.4111,4888503.556,146,55853,2,0.05,16,250,1950,1,365,23774057,1028,0,-99
277,79828,502416.071,4881598.84,147,63207,2,0.86,16,270,1950,1,365,23773513,4575,0,-99
107,25304,496621.7959,4883458.2,148,16341,-99,0.3342,16,365,1950,60,304,-99,-99,0,-99
133,26989,497726.0832,4881250.035,149,,-99,0.5347,16,365,1950,60,304,-99,-99,0,-99
172,28985,511726.6256,4877826.303,150,19975,-99,0.8912,16,365,1950,60,304,-99,-99,0,-99
257,76606,514032.5881,4895902.643,151,59583,2,0.13,16,54,1951,1,365,23773559,2806,0,-99
265,76810,551796.4349,4889995.646,152,59809,2,0.06,16,108,1951,1,365,23772993,1398,0,-99
115,26241,498046.4595,4882153.656,153,17299,-99,0.1782,16,111,1951,60,304,-99,-99,0,-99
112,25789,496619.4045,4883133.964,154,16855,-99,0.4902,16,181,1951,60,304,-99,-99,0,-99
155,28476,498395.6809,4881698.555,155,,-99,0.1782,16,212,1951,60,304,-99,-99,0,-99
148,28063,506336.3544,4885885.905,156,19067,-99,0.3342,16,365,1951,60,304,-99,-99,0,-99
270,77136,506443.6202,4885257.646,157,60174,2,0.68,16,38,1952,1,365,23773521,2726,0,-99
266,76824,520745.2108,4880640.324,158,59825,2,0.6,16,127,1952,1,365,23775149,760,0,-99
267,76824,521038.7264,4880654.465,159,59825,2,0.6,16,127,1952,1,365,23775151,295,0,-99
117,26263,508398.1076,4878357.38,160,17320,-99,1.0026,16,152,1952,60,304,-99,-99,0,-99
159,28510,513281.8628,4879438.554,161,19506,-99,0.0802,16,213,1952,60,304,-99,-99,0,-99
169,28882,497924.5001,4881447.415,162,19872,-99,0.1872,16,366,1952,60,304,-99,-99,0,-99
242,76053,533965.0552,4888190.978,163,58989,2,0.01,16,28,1953,1,365,23772873,761,0,-99
268,76842,530446.6859,4886509.122,164,59843,2,0.02,16,42,1953,1,365,23772857,2359,0,-99
308,82027,514740.82,4898615.956,165,65713,2,0.07,16,44,1953,1,365,23773639,6061,0,-99
309,82027,514576.4607,4898406.888,166,65713,2,0.07,16,44,1953,1,365,23773639,6061,0,-99
250,76304,513268.6215,4878756.433,167,59257,2,0.37,16,98,1953,1,365,23772789,2638,0,-99
167,28866,498269.2644,4881228.223,168,19855,-99,0.3342,16,115,1953,60,304,-99,-99,0,-99
245,76180,507841.9714,4888272.525,169,59125,2,0.46,16,128,1953,1,365,23773527,2878,0,-99
244,76173,512249.2736,4883202.447,170,59118,2,0.4,16,132,1953,1,365,23773493,1739,0,-99
144,27700,520134.0096,4880979.768,171,18724,-99,0.1114,16,151,1953,60,304,-99,-99,0,-99
97,18346,532160.8188,4888252.112,172,9162,2,0.07,16,224,1953,1,365,23773643,3099,0,-99
258,76645,523447.0347,4882449.5,173,59627,2,0.18,16,258,1953,1,365,23773483,6179,0,-99
259,76645,523488.0259,4882234.767,174,59627,2,0.12,16,258,1953,1,365,23773483,6179,0,-99
246,76189,504797.2622,4885536.197,175,59134,2,0.03,16,60,1954,1,365,23774145,2925,0,-99
260,76742,505074.2413,4885401.524,176,59729,2,0.05,16,60,1954,1,365,23774145,2925,0,-99
301,81935,536763.5022,4886386.478,177,65606,2,0.17,16,89,1954,1,365,23772885,2316,0,-99
247,76201,501824.4306,4881179.012,178,59147,2,0.09,16,172,1954,1,365,23772745,3325,0,-99
248,76201,501971.8124,4881585.499,179,59147,2,0.09,16,172,1954,1,365,23773509,194,0,-99
284,80827,537497.3592,4886804.899,180,64340,2,0.03,16,187,1954,1,365,23772885,2316,0,-99
173,29054,501453.4284,4879839.115,181,20047,-99,0.0557,16,213,1954,60,304,-99,-99,0,-99
150,28113,520420.7645,4881075.927,182,19118,-99,0.7798,16,365,1954,60,304,-99,-99,0,-99
163,28577,512522.9427,4877786.185,183,19574,-99,0.0123,16,365,1954,60,304,-99,-99,0,-99
249,76202,499832.704,4880521.276,184,59148,2,0.34,16,84,1955,1,365,23774285,776,0,-99
113,25845,506269.522,4879783.139,185,16913,-99,1.5596,16,91,1955,60,304,-99,-99,0,-99
261,76748,525894.8508,4884818.768,186,59736,2,0.06,16,103,1955,1,365,23774265,3849,0,-99
109,25748,501526.7061,4880463.838,187,16815,-99,0.0668,16,121,1955,60,304,-99,-99,0,-99
272,79252,496231.3415,4884444.921,188,,2,0.13,16,126,1955,1,365,23772727,3181,0,-99
251,76321,514215.1717,4894903.126,189,59274,2,0.21,16,136,1955,1,365,23773951,2980,0,-99
285,80828,497053.2378,4882739.892,190,64341,2,0.38,16,189,1955,1,365,23774181,325,0,-99
286,80828,496859.4865,4882175.469,191,64341,2,0.38,16,189,1955,1,365,23772731,1924,0,-99
287,80828,497416.3674,4882225.568,192,64341,2,0.38,16,189,1955,1,365,23772731,1924,0,-99
269,76849,554674.6089,4889511.419,193,59850,2,0.01,16,196,1955,1,365,23772997,2717,0,-99
278,79858,510106.652,4880595.628,194,63240,2,0.72,16,299,1955,1,365,23773489,3404,0,-99
798,173336,507982.0107,4879180.084,196,216971,2,0.13,16,340,1955,1,365,23772771,219,0,-99
738,154693,512743.8046,4878400.374,195,175539,2,0.04,16,340,1955,60,304,23772789,2638,0,-99
468,97700,502734.4692,4878487.569,197,83975,4,1.8,1024,89,1956,1,365,-99,-99,0,-99
469,97700,502785.2629,4878482.18,198,83975,4,1.1,1024,89,1956,1,365,-99,-99,0,-99
470,97700,502824.7431,4878479.777,199,83975,4,1.8,1024,89,1956,1,365,-99,-99,0,-99
471,97700,502861.841,4878474.926,200,83975,4,0.9,1024,89,1956,1,365,-99,-99,0,-99
292,81268,512252.5585,4883420.544,201,64841,2,0.33,16,93,1956,1,365,23773493,1739,0,-99
276,79775,502518.1313,4880689.124,202,63148,2,0.9,16,131,1956,1,365,23772749,1662,0,-99
252,76325,508012.2452,4878292.596,203,59278,2,0.1,16,149,1956,1,365,23774389,2595,0,-99
253,76325,507358.6562,4878452.06,204,59278,2,0.1,16,149,1956,1,365,23774389,2595,0,-99
544,104268,516333.1251,4878074.606,205,,2,0.14,16,191,1956,1,365,23772795,1599,0,-99
289,81085,506487.6528,4885568.188,206,64639,2,0.47,16,201,1956,1,365,23773521,2726,0,-99
293,81269,504012.2417,4879140.131,207,64842,2,0.11,16,221,1956,1,365,23772765,1003,0,-99
318,82488,573394.2982,4893203.256,208,66238,2,0.05,16,312,1956,1,365,23773311,1115,0,-99
302,81940,515429.7202,4897732.112,209,65611,2,0.13,16,352,1956,1,365,23773561,1081,0,-99
303,81940,515100.2668,4898002.197,210,65611,2,0.13,16,352,1956,1,365,23773639,6061,0,-99
304,81940,515110.2379,4897870.025,211,65611,2,0.25,16,352,1956,1,365,23773639,6061,0,-99
279,79875,505950.0061,4878674.127,212,63260,2,0.26,16,72,1957,1,365,23774369,2941,0,-99
274,79711,511229.7544,4879118.981,213,63077,4,0.29,16,86,1957,60,304,-99,-99,0,-99
280,79929,511199.9927,4879121.294,214,63319,4,0.29,16,86,1957,60,304,-99,-99,0,-99
319,82679,532043.0954,4887419.785,215,66452,2,0.02,16,116,1957,1,365,23772871,1860,0,-99
340,83371,513926.3382,4876906.246,216,67215,2,0.11,16,126,1957,1,365,23774479,1976,0,-99
341,83371,513837.3369,4876847.131,217,67215,2,0.11,16,126,1957,1,365,23774479,1976,0,-99
271,79210,497697.7273,4881056.803,218,62520,4,0.24,16,130,1957,60,304,-99,-99,0,-99
282,80384,534748.5975,4887792.306,219,63852,2,0.02,16,171,1957,1,365,23772883,1495,0,-99
333,83183,545250.7305,4884750.881,220,67009,2,0.01,16,178,1957,1,365,23772933,2092,0,-99
275,79714,513097.5414,4878546.457,221,,4,0.11,16,182,1957,60,304,-99,-99,0,-99
310,82030,507906.6971,4878311.123,222,65716,2,0.23,16,192,1957,1,365,23774389,2595,0,-99
311,82129,510501.5397,4890459.318,223,65829,2,0.12,16,192,1957,1,365,23773531,1708,0,-99
294,81274,504980.6543,4879410.242,224,64847,2,0.31,16,211,1957,1,365,23774369,2941,0,-99
339,83278,511280.4452,4890969.17,225,67107,4,0.11,1024,227,1957,1,365,-99,-99,0,-99
296,81408,551932.9614,4889902.948,226,64991,2,0.01,16,242,1957,1,365,23772993,1398,0,-99
322,82777,509906.3799,4876420.742,227,66561,2,0.25,16,288,1957,1,365,23774461,1932,0,-99
312,82132,499281.236,4881359.526,228,65832,2,0.42,16,289,1957,1,365,23774249,371,0,-99
313,82132,499497.6339,4880999.105,229,65832,2,0.76,16,289,1957,1,365,23772745,3325,0,-99
314,82132,499001.3715,4881045.234,230,65832,2,0.78,16,289,1957,1,365,23772737,425,0,-99
320,82681,537203.2849,4886098.047,231,66454,2,0.06,16,8,1958,1,365,23772885,2316,0,-99
288,80965,512795.8298,4893117.304,232,64508,2,0.08,16,15,1958,1,365,23773553,1627,0,-99
342,83373,516679.0988,4877866.875,233,67217,2,0.07,16,93,1958,1,365,23774459,1981,0,-99
290,81087,499415.9999,4880405.342,234,64641,2,0.17,16,105,1958,1,365,23774285,776,0,-99
295,81278,499415.9999,4880405.342,235,64851,2,0.14,16,105,1958,1,365,23774285,776,0,-99
273,79690,513019.4387,4879497.697,236,63055,2,0.15,16,118,1958,1,365,23773625,6334,0,-99
291,81089,518432.5786,4879992.365,237,64643,2,0.27,16,211,1958,1,365,23772801,2288,0,-99
814,177517,506573.8796,4885102.651,238,224191,2,0.37,16,211,1958,1,365,23773521,2726,0,-99
297,81771,557179.4971,4890805.848,239,65428,2,0.01,16,212,1958,1,365,23773217,5457,0,-99
321,82682,543184.6473,4884541.157,240,,2,0.07,16,239,1958,1,365,23772919,891,0,-99
325,82863,528386.6425,4884284.491,241,66659,2,0.06,16,239,1958,1,365,23772855,1201,0,-99
332,83180,497466.2997,4881215.559,242,67005,4,0.08,16,248,1958,60,304,-99,-99,0,-99
298,81773,532169.5318,4886295.046,243,65430,2,0.15,16,252,1958,1,365,23772861,452,0,-99
323,82779,535892.9226,4887709.916,244,66563,2,0.03,16,13,1959,1,365,23773469,4005,0,-99
283,80393,509129.3764,4879485.182,245,63863,2,0.04,16,124,1959,1,365,23773487,1704,0,-99
315,82139,507495.8742,4886636.093,246,65839,2,0.47,16,142,1959,1,365,23773525,915,0,-99
462,96407,517761.6381,4879398.072,247,82462,2,0.17,16,186,1959,1,365,23772801,2288,0,-99
299,81780,510130.6927,4881134.162,248,65437,2,0.15,16,210,1959,1,365,23773489,3404,0,-99
516,100679,507242.8012,4886313.682,249,87480,2,0.14,16,215,1959,1,365,23773521,2726,0,-99
316,82141,528648.1167,4884376.202,250,,2,0.05,16,252,1959,1,365,23772855,1201,0,-99
676,124683,534539.4538,4887905.81,251,,2,0.08,16,343,1959,1,365,23772883,1495,0,-99
677,124723,534143.6826,4887896.189,252,,2,0.42,16,343,1959,1,365,23773469,4005,0,-99
748,163301,534591.2402,4887854.998,253,,2,0.02,16,343,1959,1,365,23772883,1495,0,-99
300,81782,510444.9356,4877812.789,254,65439,2,0.11,16,11,1960,1,365,23774413,2975,0,-99
401,88777,550731.9132,4889048.104,255,73436,2,0.03,16,61,1960,1,365,23774173,4272,0,-99
305,82025,520987.6522,4881031.623,256,65711,4,1.49,16,109,1960,60,304,-99,-99,0,-99
306,82025,520788.4261,4881502.731,257,65711,4,1.49,16,109,1960,60,304,-99,-99,0,-99
307,82025,520694.993,4881022.9,258,65711,4,1.49,16,109,1960,60,304,-99,-99,0,-99
519,101292,519321.7115,4880015.112,259,88178,2,0.05,16,117,1960,1,365,23772805,500,0,-99
317,82142,512957.1585,4893354.891,260,65842,2,0.09,16,118,1960,1,365,23773553,1627,0,-99
374,86964,513751.2941,4879860.447,261,71342,2,0.34,16,125,1960,1,365,23773625,6334,0,-99
372,86765,530402.1482,4886104.335,262,71110,2,0.05,16,158,1960,1,365,23772857,2359,0,-99
334,83190,525841.1786,4884081.98,263,67016,2,0.01,16,173,1960,1,365,23774985,1894,0,-99
371,86764,537595.3051,4886004.533,264,71109,2,0.06,16,174,1960,1,365,23772889,554,0,-99
352,84843,517595.1913,4880088.765,265,,2,0.04,16,176,1960,1,365,23773629,2171,0,-99
353,84843,517465.4784,4879924.204,266,,2,0.04,16,176,1960,1,365,23773629,2171,0,-99
326,82870,518661.4427,4880334.143,267,66666,2,1.18,16,181,1960,1,365,23773629,2171,0,-99
327,82980,515750.6808,4879547.347,268,66785,2,0.18,16,181,1960,1,365,23773627,1328,0,-99
349,84511,531126.7239,4886364.88,269,68513,2,0.01,16,194,1960,1,365,23772859,456,0,-99
350,84511,531156.7535,4886339.345,270,68513,2,0.01,16,194,1960,1,365,23772859,456,0,-99
359,85579,506222.941,4888322.627,271,69728,2,0.13,16,224,1960,1,365,23774057,1028,0,-99
360,85579,506094.6304,4888115.148,272,69728,2,0.19,16,224,1960,1,365,23773615,1039,0,-99
361,85579,506189.4259,4888149.859,273,69728,2,0.19,16,224,1960,1,365,23773615,1039,0,-99
362,85579,506369.1058,4888188.488,274,69728,2,0.19,16,224,1960,1,365,23774057,1028,0,-99
363,85579,506431.6245,4888224.253,275,69728,2,0.19,16,224,1960,1,365,23773613,1398,0,-99
330,83075,518029.9958,4877808.655,276,66888,2,0.01,16,231,1960,1,365,23774489,5105,0,-99
331,83076,511062.5461,4890889.016,277,66889,2,0.19,16,25,1961,1,365,23773531,1708,0,-99
324,82785,501819.2799,4886147.43,278,66572,2,0.01,16,45,1961,1,365,23774145,2925,0,-99
365,86449,507301.2821,4892372.606,279,70748,2,0.03,16,45,1961,1,365,23773981,2219,0,-99
328,82981,509191.8407,4891910.156,280,66786,2,0.19,16,72,1961,1,365,23773601,3173,0,-99
335,83191,531166.8634,4886402.842,281,67017,2,0.01,16,89,1961,1,365,23772861,452,0,-99
348,84395,507766.665,4879631.149,282,68384,2,0.34,16,89,1961,1,365,23772769,3540,0,-99
389,87400,525685.319,4884003.07,283,,2,0.03,16,101,1961,1,365,23774985,1894,0,-99
336,83192,507868.5365,4888156.104,284,67018,2,0.3,16,103,1961,1,365,23773527,2878,0,-99
364,85833,504312.5467,4879002.285,285,70027,2,0.2,16,128,1961,1,365,23772765,1003,0,-99
175,43309,502860.2036,4879787.497,286,-22,2,183,1024,165,1961,1,365,23772751,34,0,-99
354,84845,514668.3875,4900806.918,287,68883,2,0.06,16,170,1961,1,365,23773639,6061,0,-99
396,88373,517506.6238,4879130.504,288,72974,2,0.13,16,195,1961,1,365,23772801,2288,0,-99
397,88373,517554.7764,4878674.992,289,72974,2,0.13,16,195,1961,1,365,23774489,5105,0,-99
398,88373,517426.7006,4878529.927,290,72974,2,0.01,16,195,1961,1,365,23774489,5105,0,-99
399,88373,517510.7222,4878152.31,291,72974,2,0.23,16,195,1961,1,365,23774489,5105,0,-99
367,86571,536793.8476,4886935.816,292,70889,2,0.01,16,208,1961,1,365,23772885,2316,0,-99
368,86571,536929.4487,4886748.681,293,70889,2,0.03,16,208,1961,1,365,23772885,2316,0,-99
329,83066,513664.9656,4878495.895,294,66878,4,0.03,16,223,1961,60,304,-99,-99,0,-99
381,87176,519984.4585,4880590.482,295,71590,2,0.44,16,348,1961,1,365,23775147,481,0,-99
378,87051,505857.0544,4884274.556,296,71450,2,0.96,16,360,1961,1,365,23773519,819,0,-99
379,87051,504634.2087,4883331.215,297,71450,2,0.96,16,360,1961,1,365,23773515,1250,0,-99
337,83193,526359.3649,4884285.84,298,67019,2,0.08,16,9,1962,1,365,23774985,1894,0,-99
338,83193,526261.1028,4884292.683,299,67019,2,0.08,16,9,1962,1,365,23774985,1894,0,-99
345,84189,526379.8098,4884202.083,300,,2,0.02,16,11,1962,1,365,23774985,1894,0,-99
402,88778,526315.0954,4884220.217,301,,2,0.01,16,36,1962,1,365,23774985,1894,0,-99
394,87748,513405.356,4894671.762,302,72258,2,1.38,16,37,1962,1,365,23773555,1015,0,-99
395,87748,513721.3283,4895338.393,303,72258,2,1.38,16,37,1962,1,365,23773557,301,0,-99
346,84190,508270.5675,4877942.557,304,68154,2,0.19,16,50,1962,1,365,23774389,2595,0,-99
347,84190,508388.5108,4878153.744,305,68154,2,0.05,16,50,1962,1,365,23774389,2595,0,-99
370,86650,507506.2931,4887122.389,306,70978,4,0.11,16,57,1962,60,304,-99,-99,0,-99
351,84841,495893.8028,4883659.988,307,68878,4,0.39,16,85,1962,60,304,-99,-99,0,-99
355,84958,526652.0649,4884758.893,308,69007,2,0.17,16,86,1962,1,365,23774265,3849,0,-99
356,84958,526658.2524,4884302.839,309,69007,2,0.17,16,86,1962,1,365,23774983,2696,0,-99
357,84960,526652.0526,4884759.294,310,69010,2,0.13,16,86,1962,1,365,23774265,3849,0,-99
358,84960,526656.1363,4883913.967,311,69010,2,0.13,16,86,1962,1,365,23772829,1608,0,-99
467,97377,507195.8705,4886930.44,312,,2,0.52,16,88,1962,1,365,23773525,915,0,-99
507,100136,507283.8415,4887184.138,313,86832,2,0.05,16,88,1962,1,365,23773527,2878,0,-99
392,87554,512102.225,4892356.265,314,72036,2,0.13,16,122,1962,1,365,23773533,2802,0,-99
601,112094,501961.1985,4881505.559,315,127372,-99,20,2048,144,1962,1,365,-99,-99,0,-99
602,112120,533827.0569,4888214.644,316,127398,-99,20,2048,144,1962,1,365,-99,-99,0,-99
603,112121,496368.4737,4884295.276,317,127399,-99,1025,2048,144,1962,1,365,-99,-99,0,-99
604,112122,542451.636,4885871.179,318,127400,-99,1400,2048,144,1962,1,365,-99,-99,0,-99
605,112123,552402.6645,4889094.759,319,127401,-99,30,2048,144,1962,1,365,-99,-99,0,-99
606,112124,556429.9602,4889867.682,320,127402,-99,200,2048,144,1962,1,365,-99,-99,0,-99
343,83998,525702.1163,4883876.974,321,67936,2,0.01,16,159,1962,1,365,23774985,1894,0,-99
344,83998,525858.101,4883891.28,322,67936,2,0.01,16,159,1962,1,365,23774985,1894,0,-99
390,87401,525704.257,4884000.178,323,,2,0.01,16,159,1962,1,365,23774985,1894,0,-99
366,86570,530757.9473,4886244.939,324,70887,2,0.18,16,166,1962,1,365,23772857,2359,0,-99
376,87006,506001.7458,4884619.83,325,71393,2,0.61,16,170,1962,1,365,23773519,819,0,-99
387,87395,567892.6955,4891280.816,326,71844,4,0.06,16,192,1962,60,304,-99,-99,0,-99
382,87300,509024.8216,4892645.077,327,71737,2,0.06,16,221,1962,1,365,23773601,3173,0,-99
383,87300,509163.0187,4892710.153,328,71737,2,0.01,16,221,1962,1,365,23773601,3173,0,-99
384,87300,509075.8408,4892722.725,329,71737,2,0.01,16,221,1962,1,365,23773973,1505,0,-99
377,87007,510914.2236,4879776.244,330,71394,2,0.03,16,260,1962,1,365,23773625,6334,0,-99
380,87055,512422.5567,4876536.602,331,71455,2,0.01,16,362,1962,1,365,23774473,2528,0,-99
388,87396,551038.0878,4888749.495,332,71845,4,0.01,16,10,1963,60,304,-99,-99,0,-99
410,90327,503289.3922,4883211.08,333,,2,0.01,16,276,1963,1,365,23774205,1732,0,-99
411,90327,503309.679,4883041.856,334,,2,0.01,16,276,1963,1,365,23774205,1732,0,-99
492,98816,553011.6476,4889587.708,335,,2,0.01,16,337,1963,1,365,23773403,984,0,-99
556,105056,532570.2475,4885925.696,336,,2,0.02,16,30,1964,1,365,23773717,5418,0,-99
391,87405,553383.2209,4889929.893,337,71854,2,0.005,16,115,1964,1,365,23773405,1740,0,-99
393,87644,517109.6091,4898192.367,338,72138,2,0.45,16,146,1964,1,365,23773903,2293,0,-99
375,86965,504312.9274,4879002.296,339,71343,2,0.21,16,162,1964,1,365,23772765,1003,0,-99
24,1920,552497.8282,4889114.566,363,127085,-99,30,2048,174,1964,1,15,-99,-99,0,-99
25,1925,496641.4086,4884205.808,364,127090,-99,1025,2048,174,1964,1,15,-99,-99,0,-99
70,1926,542354.0752,4885863.376,409,127091,-99,1400,2048,174,1964,1,15,-99,-99,0,-99
91,1934,556386.0202,4889775.477,430,127099,-99,200,2048,174,1964,1,15,-99,-99,0,-99
21,1920,552497.8282,4889114.566,360,127085,-99,30,2048,174,1964,15,31,-99,-99,0,-99
34,1925,496641.4086,4884205.808,373,127090,-99,1025,2048,174,1964,15,31,-99,-99,0,-99
67,1926,542354.0752,4885863.376,406,127091,-99,1400,2048,174,1964,15,31,-99,-99,0,-99
88,1934,556386.0202,4889775.477,427,127099,-99,200,2048,174,1964,15,31,-99,-99,0,-99
22,1920,552497.8282,4889114.566,361,127085,-99,30,2048,174,1964,32,46,-99,-99,0,-99
31,1925,496641.4086,4884205.808,370,127090,-99,1025,2048,174,1964,32,46,-99,-99,0,-99
71,1926,542354.0752,4885863.376,410,127091,-99,1400,2048,174,1964,32,46,-99,-99,0,-99
87,1934,556386.0202,4889775.477,426,127099,-99,200,2048,174,1964,32,46,-99,-99,0,-99
14,1920,552497.8282,4889114.566,353,127085,-99,30,2048,174,1964,47,59,-99,-99,0,-99
26,1925,496641.4086,4884205.808,365,127090,-99,1025,2048,174,1964,47,59,-99,-99,0,-99
62,1926,542354.0752,4885863.376,401,127091,-99,1400,2048,174,1964,47,59,-99,-99,0,-99
95,1934,556386.0202,4889775.477,434,127099,-99,200,2048,174,1964,47,59,-99,-99,0,-99
20,1920,552497.8282,4889114.566,359,127085,-99,30,2048,174,1964,60,74,-99,-99,0,-99
35,1925,496641.4086,4884205.808,374,127090,-99,1025,2048,174,1964,60,74,-99,-99,0,-99
68,1926,542354.0752,4885863.376,407,127091,-99,1400,2048,174,1964,60,74,-99,-99,0,-99
90,1934,556386.0202,4889775.477,429,127099,-99,200,2048,174,1964,60,74,-99,-99,0,-99
19,1920,552497.8282,4889114.566,358,127085,-99,30,2048,174,1964,75,90,-99,-99,0,-99
33,1925,496641.4086,4884205.808,372,127090,-99,1025,2048,174,1964,75,90,-99,-99,0,-99
69,1926,542354.0752,4885863.376,408,127091,-99,1400,2048,174,1964,75,90,-99,-99,0,-99
93,1934,556386.0202,4889775.477,432,127099,-99,200,2048,174,1964,75,90,-99,-99,0,-99
17,1920,552497.8282,4889114.566,356,127085,-99,30,2048,174,1964,91,105,-99,-99,0,-99
32,1925,496641.4086,4884205.808,371,127090,-99,1025,2048,174,1964,91,105,-99,-99,0,-99
72,1926,542354.0752,4885863.376,411,127091,-99,1400,2048,174,1964,91,105,-99,-99,0,-99
96,1934,556386.0202,4889775.477,435,127099,-99,200,2048,174,1964,91,105,-99,-99,0,-99
18,1920,552497.8282,4889114.566,357,127085,-99,30,2048,174,1964,106,120,-99,-99,0,-99
28,1925,496641.4086,4884205.808,367,127090,-99,1025,2048,174,1964,106,120,-99,-99,0,-99
64,1926,542354.0752,4885863.376,403,127091,-99,1400,2048,174,1964,106,120,-99,-99,0,-99
92,1934,556386.0202,4889775.477,431,127099,-99,200,2048,174,1964,106,120,-99,-99,0,-99
16,1920,552497.8282,4889114.566,355,127085,-99,30,2048,174,1964,121,135,-99,-99,0,-99
27,1925,496641.4086,4884205.808,366,127090,-99,1025,2048,174,1964,121,135,-99,-99,0,-99
63,1926,542354.0752,4885863.376,402,127091,-99,1400,2048,174,1964,121,135,-99,-99,0,-99
89,1934,556386.0202,4889775.477,428,127099,-99,200,2048,174,1964,121,135,-99,-99,0,-99
15,1920,552497.8282,4889114.566,354,127085,-99,30,2048,174,1964,136,151,-99,-99,0,-99
29,1925,496641.4086,4884205.808,368,127090,-99,1025,2048,174,1964,136,151,-99,-99,0,-99
65,1926,542354.0752,4885863.376,404,127091,-99,1400,2048,174,1964,136,151,-99,-99,0,-99
86,1934,556386.0202,4889775.477,425,127099,-99,200,2048,174,1964,136,151,-99,-99,0,-99
23,1920,552497.8282,4889114.566,362,127085,-99,30,2048,174,1964,152,166,-99,-99,0,-99
30,1925,496641.4086,4884205.808,369,127090,-99,1025,2048,174,1964,152,166,-99,-99,0,-99
66,1926,542354.0752,4885863.376,405,127091,-99,1400,2048,174,1964,152,166,-99,-99,0,-99
94,1934,556386.0202,4889775.477,433,127099,-99,200,2048,174,1964,152,166,-99,-99,0,-99
9,1920,552497.8282,4889114.566,348,127085,-99,30,2048,174,1964,167,181,-99,-99,0,-99
37,1925,496641.4086,4884205.808,376,127090,-99,1025,2048,174,1964,167,181,-99,-99,0,-99
60,1926,542354.0752,4885863.376,399,127091,-99,1400,2048,174,1964,167,181,-99,-99,0,-99
74,1934,556386.0202,4889775.477,413,127099,-99,200,2048,174,1964,167,181,-99,-99,0,-99
3,1920,552497.8282,4889114.566,342,127085,-99,30,2048,174,1964,182,196,-99,-99,0,-99
48,1925,496641.4086,4884205.808,387,127090,-99,1025,2048,174,1964,182,196,-99,-99,0,-99
49,1926,542354.0752,4885863.376,388,127091,-99,1400,2048,174,1964,182,196,-99,-99,0,-99
80,1934,556386.0202,4889775.477,419,127099,-99,200,2048,174,1964,182,196,-99,-99,0,-99
8,1920,552497.8282,4889114.566,347,127085,-99,30,2048,174,1964,197,212,-99,-99,0,-99
43,1925,496641.4086,4884205.808,382,127090,-99,1025,2048,174,1964,197,212,-99,-99,0,-99
52,1926,542354.0752,4885863.376,391,127091,-99,1400,2048,174,1964,197,212,-99,-99,0,-99
84,1934,556386.0202,4889775.477,423,127099,-99,200,2048,174,1964,197,212,-99,-99,0,-99
11,1920,552497.8282,4889114.566,350,127085,-99,30,2048,174,1964,213,227,-99,-99,0,-99
39,1925,496641.4086,4884205.808,378,127090,-99,1025,2048,174,1964,213,227,-99,-99,0,-99
57,1926,542354.0752,4885863.376,396,127091,-99,1400,2048,174,1964,213,227,-99,-99,0,-99
77,1934,556386.0202,4889775.477,416,127099,-99,200,2048,174,1964,213,227,-99,-99,0,-99
12,1920,552497.8282,4889114.566,351,127085,-99,30,2048,174,1964,228,242,-99,-99,0,-99
44,1925,496641.4086,4884205.808,383,127090,-99,1025,2048,174,1964,228,242,-99,-99,0,-99
54,1926,542354.0752,4885863.376,393,127091,-99,1400,2048,174,1964,228,242,-99,-99,0,-99
75,1934,556386.0202,4889775.477,414,127099,-99,200,2048,174,1964,228,242,-99,-99,0,-99
6,1920,552497.8282,4889114.566,345,127085,-99,30,2048,174,1964,244,258,-99,-99,0,-99
40,1925,496641.4086,4884205.808,379,127090,-99,1025,2048,174,1964,244,258,-99,-99,0,-99
59,1926,542354.0752,4885863.376,398,127091,-99,1400,2048,174,1964,244,258,-99,-99,0,-99
73,1934,556386.0202,4889775.477,412,127099,-99,200,2048,174,1964,244,258,-99,-99,0,-99
10,1920,552497.8282,4889114.566,349,127085,-99,30,2048,174,1964,259,273,-99,-99,0,-99
42,1925,496641.4086,4884205.808,381,127090,-99,1025,2048,174,1964,259,273,-99,-99,0,-99
55,1926,542354.0752,4885863.376,394,127091,-99,1400,2048,174,1964,259,273,-99,-99,0,-99
76,1934,556386.0202,4889775.477,415,127099,-99,200,2048,174,1964,259,273,-99,-99,0,-99
1,1920,552497.8282,4889114.566,340,127085,-99,30,2048,174,1964,274,288,-99,-99,0,-99
45,1925,496641.4086,4884205.808,384,127090,-99,1025,2048,174,1964,274,288,-99,-99,0,-99
53,1926,542354.0752,4885863.376,392,127091,-99,1400,2048,174,1964,274,288,-99,-99,0,-99
85,1934,556386.0202,4889775.477,424,127099,-99,200,2048,174,1964,274,288,-99,-99,0,-99
4,1920,552497.8282,4889114.566,343,127085,-99,30,2048,174,1964,289,304,-99,-99,0,-99
47,1925,496641.4086,4884205.808,386,127090,-99,1025,2048,174,1964,289,304,-99,-99,0,-99
51,1926,542354.0752,4885863.376,390,127091,-99,1400,2048,174,1964,289,304,-99,-99,0,-99
79,1934,556386.0202,4889775.477,418,127099,-99,200,2048,174,1964,289,304,-99,-99,0,-99
5,1920,552497.8282,4889114.566,344,127085,-99,30,2048,174,1964,305,319,-99,-99,0,-99
46,1925,496641.4086,4884205.808,385,127090,-99,1025,2048,174,1964,305,319,-99,-99,0,-99
50,1926,542354.0752,4885863.376,389,127091,-99,1400,2048,174,1964,305,319,-99,-99,0,-99
83,1934,556386.0202,4889775.477,422,127099,-99,200,2048,174,1964,305,319,-99,-99,0,-99
2,1920,552497.8282,4889114.566,341,127085,-99,30,2048,174,1964,320,334,-99,-99,0,-99
38,1925,496641.4086,4884205.808,377,127090,-99,1025,2048,174,1964,320,334,-99,-99,0,-99
58,1926,542354.0752,4885863.376,397,127091,-99,1400,2048,174,1964,320,334,-99,-99,0,-99
82,1934,556386.0202,4889775.477,421,127099,-99,200,2048,174,1964,320,334,-99,-99,0,-99
13,1920,552497.8282,4889114.566,352,127085,-99,30,2048,174,1964,335,349,-99,-99,0,-99
36,1925,496641.4086,4884205.808,375,127090,-99,1025,2048,174,1964,335,349,-99,-99,0,-99
61,1926,542354.0752,4885863.376,400,127091,-99,1400,2048,174,1964,335,349,-99,-99,0,-99
81,1934,556386.0202,4889775.477,420,127099,-99,200,2048,174,1964,335,349,-99,-99,0,-99
7,1920,552497.8282,4889114.566,346,127085,-99,30,2048,174,1964,350,365,-99,-99,0,-99
41,1925,496641.4086,4884205.808,380,127090,-99,1025,2048,174,1964,350,365,-99,-99,0,-99
56,1926,542354.0752,4885863.376,395,127091,-99,1400,2048,174,1964,350,365,-99,-99,0,-99
78,1934,556386.0202,4889775.477,417,127099,-99,200,2048,174,1964,350,365,-99,-99,0,-99
405,90135,516882.8884,4878201.371,436,75036,2,0.01,16,192,1964,1,365,23774459,1981,0,-99
472,97701,499177.0775,4880281.978,437,83976,4,2.5,1024,351,1964,1,365,-99,-99,0,-99
473,97701,499091.2253,4880244.199,438,83976,4,2.5,1024,351,1964,1,365,-99,-99,0,-99
474,97701,502902.9142,4878460.679,439,83976,4,1.7,1024,351,1964,1,365,-99,-99,0,-99
385,87302,565475.1704,4890178.079,440,71739,2,0.03,16,92,1965,1,365,23774259,2645,0,-99
400,88471,510982.1254,4880537.548,441,73088,4,0.02,16,98,1965,60,304,-99,-99,0,-99
422,90535,494803.6619,4885063.923,442,,2,0.52,16,103,1965,1,365,23772725,305,0,-99
447,94486,528905.3486,4884458.961,443,,2,0.04,16,166,1965,1,365,23772855,1201,0,-99
373,86961,506606.3698,4886190.102,444,71339,4,0.03,16,204,1965,60,304,-99,-99,0,-99
438,93932,499589.2088,4879557.231,445,79506,4,0.12,16,242,1965,60,304,-99,-99,0,-99
427,91939,532171.5299,4887490.544,446,77163,2,0.02,16,257,1965,1,365,23772871,1860,0,-99
386,87304,563116.8658,4891903.326,447,71741,2,0.47,16,265,1965,1,365,23773211,3318,0,-99
412,90328,519427.4557,4880021.117,448,75263,2,0.01,16,333,1965,1,365,23772805,500,0,-99
369,86649,530187.079,4886005.594,449,,2,0.01,16,347,1965,1,365,23772857,2359,0,-99
466,97240,519928.3833,4879881.233,450,83448,2,0.02,16,42,1966,1,365,23774931,4203,0,-99
444,94482,507793.3929,4878691.702,451,-22,4,1.67,1024,111,1966,1,365,-99,-99,0,-99
424,90654,517988.1437,4880175.599,452,75629,2,0.15,16,136,1966,1,365,23773629,2171,0,-99
425,90654,517988.1437,4880175.599,453,75629,2,0.15,16,136,1966,1,365,23773629,2171,0,-99
406,90229,510118.9872,4878812.812,454,75153,4,0.23,16,161,1966,60,304,-99,-99,0,-99
429,93388,512110.0803,4883093.249,455,78879,2,0.28,16,166,1966,1,365,23773493,1739,0,-99
433,93843,499000.8461,4881088.762,457,79411,2,0.07,16,192,1966,1,365,23772737,425,0,-99
434,93843,499509.1424,4880978.456,458,79411,2,0.27,16,192,1966,1,365,23772745,3325,0,-99
432,93838,498748.4435,4880599.84,456,79405,4,0.51,16,192,1966,60,304,-99,-99,0,-99
413,90330,516206.4277,4879630.758,459,75265,2,0.6,16,214,1966,1,365,23773627,1328,0,-99
414,90330,518661.4427,4880334.143,460,75265,2,0.6,16,214,1966,1,365,23773629,2171,0,-99
426,91542,507030.0318,4887148.112,461,76655,2,0.07,16,234,1966,1,365,23773525,915,0,-99
464,97030,509132.4135,4879457.454,462,,2,0.04,16,241,1966,1,365,23773487,1704,0,-99
408,90242,503162.4802,4883255.499,463,75169,2,0.02,16,245,1966,1,365,23774205,1732,0,-99
586,109566,512939.9963,4878197.301,464,97854,2,1.19,16,245,1966,1,365,23772789,2638,0,-99
587,109566,511768.5694,4877650.973,465,97854,2,1.19,16,245,1966,1,365,23774441,2256,0,-99
588,109566,510841.9717,4877921.736,466,97854,2,1.19,16,245,1966,1,365,23774413,2975,0,-99
589,109566,510375.1097,4877765.348,467,97854,2,1.19,16,245,1966,1,365,23774413,2975,0,-99
590,109566,509237.6208,4878170.896,468,97854,2,1.19,16,245,1966,1,365,23774413,2975,0,-99
591,109566,509057.5104,4878154.513,469,97854,2,1.19,16,245,1966,1,365,23774413,2975,0,-99
592,109566,508414.762,4877853.564,470,97854,2,1.19,16,245,1966,1,365,23774389,2595,0,-99
593,109566,508174.8413,4877707.57,471,97854,2,1.19,16,245,1966,1,365,23774389,2595,0,-99
407,90241,518701.5162,4880391.367,472,,2,0.03,16,313,1966,1,365,23773629,2171,0,-99
403,89624,509128.5915,4879193.091,473,74441,2,0.03,16,346,1966,1,365,23773487,1704,0,-99
699,135254,550979.7631,4888792.52,474,130951,4,1,1024,13,1967,1,365,-99,-99,0,-99
700,135254,550979.7631,4888792.52,475,130951,4,1,1024,13,1967,1,365,-99,-99,0,-99
439,93938,522597.2158,4881731.879,476,79512,2,0.01,16,114,1967,1,365,23774425,4952,0,-99
550,104618,494154.9839,4885062.744,477,92177,2,1.48,16,124,1967,1,365,23772721,741,0,-99
551,104618,493871.8086,4884978.505,478,92177,2,1.48,16,124,1967,1,365,23772721,741,0,-99
461,96243,537211.2989,4888607.121,479,82277,2,0.05,16,151,1967,1,365,23773699,4117,0,-99
409,90244,519301.7626,4881522.537,480,75171,2,0.01,16,172,1967,1,365,23775147,481,0,-99
404,89625,509329.9062,4879833.47,481,74442,2,0.04,16,226,1967,1,365,23773487,1704,0,-99
416,90334,516181.0883,4898292.657,482,,2,0.225,16,227,1967,1,365,23773563,1205,0,-99
417,90335,514242.2339,4879195.644,483,75270,2,0.09,16,244,1967,1,365,23773625,6334,0,-99
419,90337,513484.1348,4879432.384,484,75272,2,0.03,16,244,1967,1,365,23773625,6334,0,-99
418,90336,513906.633,4879169.112,485,75271,2,0.02,16,250,1967,1,365,23773625,6334,0,-99
449,95760,522761.9251,4882089.558,486,81718,2,0.01,16,298,1967,1,365,23772825,1130,0,-99
428,93172,509383.0181,4879265.777,487,78631,2,0.26,16,303,1967,1,365,23773487,1704,0,-99
415,90332,518880.5309,4879357.425,488,75267,2,0.02,16,319,1967,1,365,23772801,2288,0,-99
545,104314,538897.3395,4886401.305,489,91805,2,0.0075,16,324,1967,1,365,23772903,3164,0,-99
430,93732,521784.3459,4881494.962,490,79287,2,0.1,16,15,1968,1,365,23772823,686,0,-99
546,104314,538897.3395,4886401.305,491,91805,2,0.0125,16,25,1968,1,365,23772903,3164,0,-99
423,90543,513046.4172,4894462.937,492,75501,2,0.07,16,29,1968,1,365,23773589,1428,0,-99
465,97150,503475.392,4883095.417,493,83334,2,0.01,16,29,1968,1,365,23774205,1732,0,-99
435,93847,533415.7844,4887954.978,494,79415,2,0.02,16,107,1968,1,365,23772873,761,0,-99
450,95767,564505.7474,4890864.198,495,81727,2,0.05,16,120,1968,1,365,23774163,706,0,-99
443,94105,508078.4098,4892440.945,496,,2,0.07,16,123,1968,1,365,23773603,766,0,-99
440,93939,497178.9766,4883280.177,497,79513,2,0.32,16,136,1968,1,365,23774199,838,0,-99
420,90338,516391.5008,4878305.258,498,75273,2,0.02,16,141,1968,1,365,23772795,1599,0,-99
436,93849,539389.1037,4886458.337,499,79417,2,0.01,16,170,1968,1,365,23772903,3164,0,-99
518,101230,509272.9392,4878188.184,500,88106,2,0.47,16,235,1968,1,365,23774413,2975,0,-99
552,104619,493470.3295,4885420.03,501,92178,4,0.38,16,276,1968,60,304,-99,-99,0,-99
479,98168,507544.7995,4878663.207,502,84538,2,0.35,16,348,1968,1,365,23774389,2595,0,-99
555,104966,507233.3697,4886298.587,503,92548,2,0.03,16,106,1969,1,365,23773521,2726,0,-99
445,94483,507794.2872,4878807.414,504,,4,2.14,1024,118,1969,1,365,-99,-99,0,-99
493,98820,564707.6891,4890728.682,505,85286,2,0.25,16,148,1969,1,365,23774259,2645,0,-99
441,94099,506994.8775,4887324.981,506,79703,2,0.08,16,240,1969,1,365,23773613,1398,0,-99
451,95776,563290.6687,4891859.5,507,81739,2,0.48,16,248,1969,1,365,23773211,3318,0,-99
452,95776,563290.6687,4891859.5,508,81739,2,0.48,16,248,1969,1,365,23773211,3318,0,-99
475,97702,499032.4556,4880179.703,509,83977,4,0.89,1024,255,1969,1,365,-99,-99,0,-99
421,90340,516466.1608,4878232.586,510,75275,2,0.05,16,266,1969,1,365,23772795,1599,0,-99
484,98685,550804.2104,4888880.933,511,85125,2,0.04,16,267,1969,1,365,23774923,475,0,-99
455,95867,509883.639,4890541.893,512,81837,2,0.16,16,56,1970,1,365,23773601,3173,0,-99
456,95867,509881.3557,4890766.358,513,81837,2,0.16,16,56,1970,1,365,23773601,3173,0,-99
457,95869,507717.7715,4886365.383,514,81839,2,0.03,16,184,1970,1,365,23774197,3155,0,-99
458,95869,507711.6869,4886339.172,515,81839,2,0.03,16,184,1970,1,365,23774197,3155,0,-99
929,194569,498845.2995,4880144.535,516,248964,4,2,1024,244,1970,1,365,-99,-99,0,-99
930,194569,499163.455,4880145.826,517,248964,4,2,1024,244,1970,1,365,-99,-99,0,-99
931,194569,499094.1287,4880119.336,518,248964,4,2,1024,244,1970,1,365,-99,-99,0,-99
932,194569,498960.0034,4880118.293,519,248964,4,2,1024,244,1970,1,365,-99,-99,0,-99
460,96058,536948.703,4886236.45,520,,2,0.03,16,278,1970,1,365,23772885,2316,0,-99
517,100776,519581.9459,4880198.712,521,87589,2,0.03,16,363,1970,1,365,23772805,500,0,-99
563,106586,513034.2909,4894805.859,522,94411,2,0.065,16,4,1971,1,365,23773589,1428,0,-99
494,98821,519920.2404,4880183.707,523,85287,2,0.04,16,7,1971,1,365,23774939,424,0,-99
431,93741,520197.6566,4880202.385,524,79296,2,0.01,16,95,1971,1,365,23774939,424,0,-99
498,98981,515381.3478,4899611.231,525,85474,2,0.05,16,158,1971,1,365,23773847,2804,0,-99
508,100221,535416.317,4888232.384,526,86934,2,0.07,16,193,1971,1,365,23773469,4005,0,-99
448,95496,535329.5017,4888296.597,527,81404,2,0.01,16,209,1971,1,365,23773469,4005,0,-99
463,96916,518025.7248,4879707.973,528,83059,2,0.14,16,232,1971,1,365,23772801,2288,0,-99
485,98690,512422.1744,4876535.389,529,85131,2,0.05,16,236,1971,1,365,23774473,2528,0,-99
453,95785,534907.0182,4887719.974,530,,2,0.01,16,244,1971,1,365,23772883,1495,0,-99
442,94102,506718.5045,4878423.763,531,79706,2,0.24,16,11,1972,1,365,23774369,2941,0,-99
446,94485,507721.5602,4878867.168,532,,4,1.11,1024,41,1972,1,365,-99,-99,0,-99
499,99085,506751.1505,4878549.323,533,85596,2,0.61,16,68,1972,1,365,23774389,2595,0,-99
542,103679,521343.265,4882053.069,534,91015,2,0.23,16,102,1972,1,365,23774345,4590,0,-99
486,98692,505339.9104,4886228.438,535,,2,0.007,16,109,1972,1,365,23773521,2726,0,-99
437,93854,513607.5334,4879809.955,536,79422,2,0.17,16,136,1972,1,365,23773625,6334,0,-99
502,100023,568899.3386,4892092.83,537,86705,2,0.01,16,147,1972,1,365,23773315,2553,0,-99
495,98824,516581.0928,4898923.201,538,85291,2,0.07,16,167,1972,1,365,23773563,1205,0,-99
454,95791,531993.125,4887517.524,539,81756,2,0.01,16,178,1972,1,365,23773641,37,0,-99
503,100024,515445.2245,4897694.722,540,86706,2,0.42,16,206,1972,1,365,23773561,1081,0,-99
459,95874,535474.7349,4887230.599,541,81845,2,0.05,16,242,1972,1,365,23772883,1495,0,-99
521,102380,533684.8527,4888523.956,542,89468,2,0.03,16,245,1972,1,365,23772873,761,0,-99
487,98694,515783.5955,4899608.968,543,85136,2,0.03,16,19,1973,1,365,23773847,2804,0,-99
793,171304,496225.5115,4884451.395,544,,2,9.6,16,38,1973,1,365,23772727,3181,0,-99
965,197480,496205.28,4884422.658,545,,2,5.49,16,38,1973,1,365,23772727,3181,0,-99
582,109169,507145.4934,4886135.449,546,97399,2,0.01,16,64,1973,1,365,23773521,2726,0,-99
572,108338,526379.8098,4884202.083,547,,2,0.02,16,109,1973,1,365,23774985,1894,0,-99
573,108338,530982.9911,4887087.865,548,,2,0.02,16,109,1973,1,365,23772865,437,0,-99
527,102437,507769.3724,4886288.445,549,89532,2,0.06,16,144,1973,1,365,23774197,3155,0,-99
574,108441,498554.2113,4880167.481,550,96563,2,0.003,16,150,1973,1,365,23772743,668,0,-99
488,98696,535410.7786,4887278.311,551,,2,0.02,16,157,1973,1,365,23772883,1495,0,-99
476,98068,507330.5182,4878430.512,552,84425,2,0.14,16,163,1973,1,365,23774389,2595,0,-99
584,109233,522468.6242,4882038.725,553,97474,2,0.02,16,173,1973,1,365,23772825,1130,0,-99
509,100222,523137.2955,4881953.974,554,86935,2,0.01,16,180,1973,1,365,23772825,1130,0,-99
489,98699,574825.4959,4892600.533,555,85141,2,0.01,16,187,1973,1,365,23773329,4918,0,-99
513,100441,522897.5059,4882109.658,556,87197,2,0.01,16,192,1973,1,365,23772825,1130,0,-99
585,109294,532652.8925,4887930.814,557,97545,2,0.013,16,197,1973,1,365,23772871,1860,0,-99
510,100223,526205.753,4883798.402,558,86936,2,0.01,16,214,1973,1,365,23772829,1608,0,-99
506,100132,532665.1216,4887974.196,559,,2,0.01,16,226,1973,1,365,23772871,1860,0,-99
515,100562,525769.7378,4883591.214,560,,2,0.03,16,227,1973,1,365,23772829,1608,0,-99
500,99086,508096.3622,4886012.759,561,85597,2,0.05,16,297,1973,1,365,23774197,3155,0,-99
512,100326,526013.9271,4884032.797,562,,2,0.02,16,73,1974,1,365,23774985,1894,0,-99
490,98701,505473.8255,4886485.615,563,85143,2,0.083,16,128,1974,1,365,23773521,2726,0,-99
491,98701,505294.5802,4886717.773,564,85143,2,0.083,16,128,1974,1,365,23773617,931,0,-99
511,100224,535966.867,4886653.798,565,86938,2,0.0025,16,133,1974,1,365,23772885,2316,0,-99
539,103416,512321.1923,4897344.718,566,90698,2,0.04,16,168,1974,1,365,23773693,5452,0,-99
654,117236,526352.4415,4884221.202,567,,2,0.02,16,217,1974,1,365,23774985,1894,0,-99
655,117236,530971.6189,4887219.162,568,,2,0.02,16,217,1974,1,365,23772865,437,0,-99
481,98605,540336.5613,4886581.32,569,85041,2,0.02,16,252,1974,1,365,23774233,1701,0,-99
501,99463,515292.9107,4899827.552,570,86029,2,0.06,16,252,1974,1,365,23773847,2804,0,-99
529,102443,515444.5187,4878704.148,571,89538,2,0.47,16,287,1974,1,365,23772795,1599,0,-99
528,102438,517987.7629,4880175.588,572,89533,2,0.1,16,301,1974,1,365,23773629,2171,0,-99
575,108442,509799.5825,4879479.636,573,96564,2,0.48,16,302,1974,1,365,23773487,1704,0,-99
504,100025,516121.9339,4900329.309,574,86707,2,0.01,16,358,1974,1,365,23773847,2804,0,-99
530,102444,524206.2347,4882442.584,575,89539,2,0.11,16,8,1975,1,365,23772827,2647,0,-99
496,98825,506669.5912,4888154.211,576,85292,2,0.13,16,107,1975,1,365,23773613,1398,0,-99
522,102382,513878.9182,4878106.223,577,89470,2,0.03,16,134,1975,1,365,23772789,2638,0,-99
477,98075,502956.6115,4879757.911,578,84432,2,0.013,16,139,1975,1,365,23772753,336,0,-99
478,98075,502901.0486,4879832.134,579,84432,2,0.013,16,139,1975,1,365,23772749,1662,0,-99
497,98826,533307.0217,4888498.666,580,85293,2,0.03,16,157,1975,1,365,23772871,1860,0,-99
537,103232,496108.269,4884370.628,581,90475,2,0.21,16,202,1975,1,365,23772727,3181,0,-99
538,103232,496340.4406,4884253.691,582,90475,2,0.21,16,202,1975,1,365,23772727,3181,0,-99
514,100442,528385.857,4884284.086,583,87198,2,0.04,16,234,1975,1,365,23772855,1201,0,-99
564,106831,513848.756,4879160.472,584,94715,2,0.02,16,234,1975,1,365,23773625,6334,0,-99
547,104467,530919.7271,4886663.244,585,,2,0.17,16,260,1975,1,365,23772861,452,0,-99
548,104467,530982.9911,4887087.865,586,,2,0.17,16,260,1975,1,365,23772865,437,0,-99
505,100026,504843.8528,4884866.8,587,86708,2,0.05,16,274,1975,1,365,23774937,802,0,-99
625,114718,505685.4609,4885779.187,588,103154,2,0.11,16,89,1976,1,365,23773521,2726,0,-99
482,98644,563117.8778,4892101.678,589,85080,2,0.12,16,168,1976,1,365,23773211,3318,0,-99
483,98644,563293.3347,4892065.418,590,85080,2,0.12,16,168,1976,1,365,23773209,1775,0,-99
523,102390,535357.059,4888409.841,591,,2,0.045,16,194,1976,1,365,23773469,4005,0,-99
559,105558,508802.0906,4878048.077,592,93209,2,0.85,16,219,1976,60,304,23774389,2595,0,-99
560,105558,507780.6918,4878410.379,593,93209,2,0.85,16,219,1976,60,304,23774389,2595,0,-99
524,102392,515023.9364,4878514.182,594,89480,2,0.35,16,19,1977,1,365,23772793,543,0,-99
576,108591,560514.3685,4886346.084,595,,2,0.52,16,39,1977,1,365,23773011,170,0,-99
577,108591,553732.42,4891078.992,596,,2,0.52,16,39,1977,1,365,23773407,154,0,-99
597,111472,497856.387,4881998.049,597,99968,2,0.51,16,66,1977,1,365,23772731,1924,0,-99
594,110216,498037.1247,4880757.812,598,98601,2,0.17,16,83,1977,60,304,23772741,561,0,-99
535,102696,496131.4705,4882700.076,599,89821,4,0.59,16,96,1977,60,304,-99,-99,0,-99
536,103009,495932.4174,4883349.358,600,90203,4,0.59,16,96,1977,60,304,-99,-99,0,-99
598,111472,553732.42,4891078.992,601,99968,2,0.51,16,105,1977,1,365,23773407,154,0,-99
599,111472,560514.3685,4886346.084,602,99968,2,0.51,16,105,1977,1,365,23773011,170,0,-99
520,101684,510197.3777,4877775.488,603,88642,2,0.51,16,116,1977,1,365,23774413,2975,0,-99
960,197145,498805.2523,4880161.875,607,253209,2,0.677,16,126,1977,1,365,23772743,668,0,-99
933,194570,499077.974,4880249.915,604,248965,2,0.27,1024,126,1977,60,304,23774285,776,0,-99
934,194570,499094.1386,4880119.316,605,248965,2,0.27,1024,126,1977,60,304,23774285,776,0,-99
935,194570,498960.0228,4880118.28,606,248965,2,0.27,1024,126,1977,60,304,23772743,668,0,-99
658,118101,495733.6539,4882836.88,608,107124,4,0.04,16,146,1977,60,304,-99,-99,0,-99
534,102647,509133.7374,4879542.881,609,,2,0.04,16,194,1977,1,365,23773487,1704,0,-99
549,104468,534497.1993,4887860.286,610,,2,0.03,16,201,1977,1,365,23772883,1495,0,-99
525,102395,534140.1552,4888289.493,611,,2,0.014,16,202,1977,1,365,23773469,4005,0,-99
526,102395,534140.1552,4888289.493,612,,2,0.014,16,202,1977,1,365,23773469,4005,0,-99
543,104176,514867.4811,4898589.724,613,,2,0.16,16,202,1977,1,365,23773639,6061,0,-99
595,110298,521745.8145,4881340.445,614,98698,2,0.11,16,217,1977,1,365,23772823,686,0,-99
662,119418,511727.9165,4876394.268,615,108633,2,0.02,16,221,1977,1,365,23774473,2528,0,-99
553,104774,511240.0007,4891798.888,616,92342,2,0.09,16,223,1977,1,365,23773533,2802,0,-99
600,111490,530862.7088,4886458.067,617,,2,0.05,16,237,1977,1,365,23772861,452,0,-99
561,106458,530094.9261,4886227.765,618,94268,2,0.12,16,238,1977,1,365,23772857,2359,0,-99
562,106458,530094.9261,4886227.765,619,94268,2,0.12,16,238,1977,1,365,23772857,2359,0,-99
566,107101,566714.2782,4892076.158,620,95023,2,0.02,16,238,1977,1,365,23773319,408,0,-99
567,107101,566720.8852,4892067.147,621,95023,2,0.02,16,238,1977,1,365,23773319,408,0,-99
568,107101,566763.8035,4892067.424,622,95023,2,0.02,16,238,1977,1,365,23773317,1855,0,-99
531,102451,507711.6869,4886339.172,623,89546,2,0.06,16,256,1977,1,365,23774197,3155,0,-99
532,102451,506119.6057,4894376.518,624,89546,2,0.06,16,256,1977,1,365,23773607,1994,0,-99
533,102451,507711.6869,4886339.172,625,89546,2,0.06,16,256,1977,1,365,23774197,3155,0,-99
596,110401,533549.4505,4887290.829,626,98817,2,0.01,16,266,1977,1,365,23772875,452,0,-99
540,103548,504843.8528,4884866.8,627,,2,0.04,16,290,1977,1,365,23774937,802,0,-99
610,113917,517461.0954,4881899.634,628,102233,2,0.01,16,363,1977,1,365,23774279,1518,0,-99
554,104776,566847.8431,4891422.632,629,92344,2,0.01,16,32,1978,1,365,23773317,1855,0,-99
557,105057,507495.8742,4886636.093,630,92647,2,0.16,16,38,1978,1,365,23773525,915,0,-99
558,105057,507271.8013,4886844.258,631,92647,2,0.16,16,38,1978,1,365,23773525,915,0,-99
702,135776,496197.0467,4884430.146,632,,2,1.26,16,60,1978,1,365,23772727,3181,0,-99
905,191535,496197.0467,4884430.146,633,,2,7.05,16,60,1978,1,365,23772727,3181,0,-99
977,199032,496197.0467,4884430.146,634,,2,0.35,16,60,1978,1,365,23772727,3181,0,-99
1001,200825,496197.0467,4884430.146,635,,2,0.07,16,60,1978,1,365,23772727,3181,0,-99
1037,208465,496207.0639,4884422.392,636,,2,0.46,16,60,1978,1,365,23772727,3181,0,-99
667,120550,568956.5029,4892596.621,637,109901,2,0.02,16,88,1978,1,365,23773315,2553,0,-99
668,120550,568901.0319,4892889.98,638,109901,2,0.05,16,88,1978,1,365,23773315,2553,0,-99
633,116861,514306.2059,4878088.365,639,105652,2,0.03,16,124,1978,1,365,23772789,2638,0,-99
659,118180,537618.059,4885847.044,640,107222,2,0.01,16,129,1978,1,365,23772889,554,0,-99
631,116714,560514.3685,4886346.084,641,,2,,16,167,1978,1,365,23773011,170,0,-99
632,116714,553732.42,4891078.992,642,,2,,16,167,1978,1,365,23773407,154,0,-99
583,109188,505142.3359,4879877.802,643,97421,2,0.08,16,230,1978,1,365,23774313,2790,0,-99
619,114506,524582.8036,4882663.928,644,102926,2,0.05,16,237,1978,1,365,23772827,2647,0,-99
669,120702,496207.0639,4884422.392,645,,2,0.86,16,268,1978,1,365,23772727,3181,0,-99
615,114284,505211.9483,4879913.477,646,102666,2,0.02,16,101,1979,1,365,23774313,2790,0,-99
620,114512,496225.4014,4884450.505,647,,2,0.18,16,172,1979,1,365,23772727,3181,0,-99
614,114188,497376.839,4882597.989,648,102553,2,0.18,16,193,1979,1,365,23774199,838,0,-99
670,120703,496224.7364,4884450.401,649,,2,1.01,16,200,1979,1,365,23772727,3181,0,-99
611,113981,535562.1637,4887145.53,650,,2,0.05,16,295,1979,1,365,23772883,1495,0,-99
660,118584,506768.2822,4887772.367,651,107677,2,0.016,16,302,1979,1,365,23773613,1398,0,-99
635,117011,513590.2546,4897169.319,652,105828,2,0.01,16,306,1979,1,365,23773559,2806,0,-99
581,109065,497900.4287,4880429.111,653,97281,2,0.01,16,28,1980,1,365,23772741,561,0,-99
608,112736,507511.1493,4886637.59,654,100829,2,0.01,16,73,1980,1,365,23773525,915,0,-99
616,114294,504749.508,4883751.169,655,102679,2,0.19,16,109,1980,1,365,23773515,1250,0,-99
617,114294,504912.5925,4883460.91,656,102679,2,0.19,16,109,1980,1,365,23773515,1250,0,-99
612,113990,518651.369,4880344.785,657,102322,2,0.33,16,119,1980,1,365,23773629,2171,0,-99
613,113990,514732.0132,4879502.417,658,102322,2,0.33,16,119,1980,1,365,23773625,6334,0,-99
569,107510,497913.3999,4880329.83,659,95498,2,0.014,16,121,1980,1,365,23772741,561,0,-99
176,47684,530984.6866,4886688.386,660,27474,2,0.025,16,206,1980,1,365,23772861,452,0,-99
675,124611,534857.0624,4887674.7,661,115553,2,0.34,16,235,1980,1,365,23772883,1495,0,-99
621,114514,533760.4818,4888408.789,662,,2,0.01,16,280,1980,1,365,23772873,761,0,-99
727,148061,543215.7929,4884521.202,663,,2,0.02,16,34,1981,1,365,23772919,891,0,-99
801,174602,543202.387,4884485.858,664,219080,2,0.057,16,34,1981,1,365,23772919,891,0,-99
618,114453,517988.172,4880176.004,665,102859,2,0.02,16,195,1981,1,365,23773629,2171,0,-99
626,114893,512161.6577,4892431.46,666,103359,2,0.01,16,233,1981,1,365,23773533,2802,0,-99
624,114645,496225.4873,4884450.607,667,,2,0.35,16,261,1981,1,365,23772727,3181,0,-99
671,120703,496224.7364,4884450.401,668,,2,1.39,16,261,1981,1,365,23772727,3181,0,-99
565,107034,568659.4818,4891857.127,669,94949,2,0.005,16,302,1981,1,365,23773315,2553,0,-99
578,108829,507352.8291,4878787.227,670,97014,4,0.45,1024,35,1982,1,365,-99,-99,0,-99
579,108830,507107.9788,4878475.736,671,,4,0.56,1024,35,1982,1,365,-99,-99,0,-99
580,108831,506875.3416,4878480.94,672,,4,1,1024,35,1982,1,365,-99,-99,0,-99
622,114557,523972.3749,4882359.622,673,102981,2,0.01,16,53,1982,1,365,23772827,2647,0,-99
627,116427,497221.4535,4882409.826,674,105144,2,0.44,16,237,1982,1,365,23772731,1924,0,-99
628,116427,497416.7588,4882226.4,675,105144,2,0.44,16,237,1982,1,365,23772731,1924,0,-99
665,119939,506925.2342,4894377.422,676,109203,2,0.022,16,326,1982,1,365,23773963,2909,0,-99
570,107513,509186.166,4891911.279,677,95501,2,0.13,16,336,1982,1,365,23773601,3173,0,-99
607,112454,521843.5575,4881049.315,678,100512,2,0.01,16,124,1983,1,365,23772819,90,0,-99
623,114561,516373.4392,4878143.613,679,102985,2,0.01,16,209,1983,1,365,23772795,1599,0,-99
815,177518,506573.8796,4885102.651,680,224192,2,0.455,16,244,1983,1,365,23773521,2726,0,-99
630,116440,497970.2456,4880678.198,682,105159,2,0.42,16,287,1983,1,365,23772741,561,0,-99
629,116439,498498.9884,4881105.964,681,,2,0.41,16,287,1983,60,304,23772737,425,0,-99
634,116924,497049.8399,4882870.467,683,105728,2,1.06,16,321,1983,1,365,23772731,1924,0,-99
571,108210,497900.4287,4880429.111,684,96287,2,0.005,16,164,1985,1,365,23772741,561,0,-99
609,113413,528139.5041,4884311,685,101600,2,0.01,16,45,1986,1,365,23772847,205,0,-99
656,117302,546234.5254,4884383.983,686,106159,2,0.056,16,71,1986,1,365,23772949,3369,0,-99
657,117458,524696.85,4882744.081,687,106349,2,0.11,16,134,1986,1,365,23772827,2647,0,-99
672,120832,496197.0467,4884430.146,688,,2,0.2,16,225,1986,1,365,23772727,3181,0,-99
704,135778,496197.0467,4884430.146,689,,2,0.003,16,225,1986,1,365,23772727,3181,0,-99
706,135781,496197.0467,4884430.146,690,,2,0.04,16,225,1986,1,365,23772727,3181,0,-99
710,141414,496197.0467,4884430.146,691,,2,0.003,16,225,1986,1,365,23772727,3181,0,-99
723,145899,496197.0467,4884430.146,692,,2,0.003,16,225,1986,1,365,23772727,3181,0,-99
705,135778,496197.0467,4884430.146,693,,2,0.08,16,275,1986,1,365,23772727,3181,0,-99
707,135781,496197.0467,4884430.146,694,,2,0.93,16,275,1986,1,365,23772727,3181,0,-99
711,141414,496197.0467,4884430.146,695,,2,0.081,16,275,1986,1,365,23772727,3181,0,-99
724,145899,496197.0467,4884430.146,696,,2,0.07,16,275,1986,1,365,23772727,3181,0,-99
663,119487,515025.5368,4878514.19,697,108715,2,0.4501,16,209,1987,1,365,23772793,543,0,-99
661,119028,523817.6562,4882178.912,698,108185,2,0.125,16,105,1988,1,365,23772827,2647,0,-99
664,119639,507357.4658,4879639.13,699,108881,2,0.01,16,64,1990,1,365,23772769,3540,0,-99
737,152539,522239.6747,4881855.507,700,170807,2,0.14,16,93,1990,1,365,23772825,1130,0,-99
761,164216,522433.7714,4881692.497,701,200730,2,0.44,16,93,1990,1,365,23774333,873,0,-99
687,128557,496225.5115,4884451.395,702,,2,10,16,163,1990,60,304,23772727,3181,0,-99
640,117104,576445.4987,4893979.841,707,127653,-99,20,2048,197,1990,1,151,-99,-99,0,-99
647,117105,533827.0569,4888214.644,714,127654,-99,80,2048,197,1990,1,151,-99,-99,0,-99
650,117106,574568.5175,4893328.157,717,127655,-99,150,2048,197,1990,1,151,-99,-99,0,-99
805,176874,576507.7744,4900864.374,722,223307,-99,100,2048,197,1990,1,151,-99,-99,0,-99
653,117107,563382.5237,4891235.476,720,127656,-99,300,2048,197,1990,1,212,-99,-99,0,-99
638,117104,576445.4987,4893979.841,705,127653,-99,8,2048,197,1990,152,166,-99,-99,0,-99
641,117105,533827.0569,4888214.644,708,127654,-99,50,2048,197,1990,152,166,-99,-99,0,-99
648,117106,574568.5175,4893328.157,715,127655,-99,100,2048,197,1990,152,242,-99,-99,0,-99
806,176874,576507.7744,4900864.374,723,223307,-99,75,2048,197,1990,152,319,-99,-99,0,-99
643,117105,533827.0569,4888214.644,710,127654,-99,35,2048,197,1990,167,181,-99,-99,0,-99
637,117104,576445.4987,4893979.841,704,127653,-99,3,2048,197,1990,167,304,-99,-99,0,-99
644,117105,533827.0569,4888214.644,711,127654,-99,25,2048,197,1990,182,196,-99,-99,0,-99
642,117105,533827.0569,4888214.644,709,127654,-99,20,2048,197,1990,197,304,-99,-99,0,-99
652,117107,563382.5237,4891235.476,719,127656,-99,250,2048,197,1990,213,258,-99,-99,0,-99
649,117106,574568.5175,4893328.157,716,127655,-99,150,2048,197,1990,244,365,-99,-99,0,-99
651,117107,563382.5237,4891235.476,718,127656,-99,300,2048,197,1990,259,365,-99,-99,0,-99
636,117104,576445.4987,4893979.841,703,127653,-99,15,2048,197,1990,305,319,-99,-99,0,-99
646,117105,533827.0569,4888214.644,713,127654,-99,50,2048,197,1990,305,319,-99,-99,0,-99
639,117104,576445.4987,4893979.841,706,127653,-99,20,2048,197,1990,320,365,-99,-99,0,-99
645,117105,533827.0569,4888214.644,712,127654,-99,80,2048,197,1990,320,365,-99,-99,0,-99
804,176874,576507.7744,4900864.374,721,223307,-99,100,2048,197,1990,320,365,-99,-99,0,-99
666,120387,519576.1142,4880399.077,724,109721,2,0.024,16,255,1990,1,365,23775137,47,0,-99
98,21887,514620.962,4878313.361,725,12042,4,0.05,16,269,1990,60,304,-99,-99,0,-99
685,124837,549467.9019,4885845.749,733,127767,-99,60,2048,284,1990,1,151,-99,-99,0,-99
684,124837,549467.9019,4885845.749,732,127767,-99,25,2048,284,1990,152,166,-99,-99,0,-99
681,124837,549467.9019,4885845.749,729,127767,-99,18,2048,284,1990,167,181,-99,-99,0,-99
683,124837,549467.9019,4885845.749,731,127767,-99,12,2048,284,1990,182,196,-99,-99,0,-99
682,124837,549467.9019,4885845.749,730,127767,-99,10,2048,284,1990,197,212,-99,-99,0,-99
678,124837,549467.9019,4885845.749,726,127767,-99,8,2048,284,1990,213,304,-99,-99,0,-99
679,124837,549467.9019,4885845.749,727,127767,-99,40,2048,284,1990,305,319,-99,-99,0,-99
680,124837,549467.9019,4885845.749,728,127767,-99,60,2048,284,1990,320,365,-99,-99,0,-99
870,183135,553732.42,4891078.992,734,,2,,16,288,1990,1,365,23773407,154,0,-99
871,183135,560514.3685,4886346.084,735,,2,,16,288,1990,1,365,23773011,170,0,-99
840,181129,503227.5097,4882080.813,736,229839,2,0.38,16,361,1990,60,304,23773513,4575,0,-99
739,162087,535298.8949,4887287.817,737,,2,0.04,16,50,1991,60,304,23772883,1495,0,-99
944,195410,500291.5488,4880648.841,738,250126,2,0.09,16,58,1991,60,304,23772745,3325,0,-99
698,132999,526013.5677,4883565.067,739,,2,0.01,16,72,1991,1,365,23772829,1608,0,-99
841,181130,503390.8473,4882157.727,740,229841,2,0.19,16,85,1991,60,304,23773513,4575,0,-99
765,164769,516039.9221,4893126.715,741,201589,2,0.159,16,88,1991,1,365,23773535,3819,0,-99
766,164769,515998.8645,4893112.326,742,201589,2,0.159,16,88,1991,1,365,23773535,3819,0,-99
762,164613,537373.8863,4886151.803,743,201314,2,,16,114,1991,91,273,23772885,2316,0,-99
763,164613,553732.42,4891078.992,744,201314,2,,16,114,1991,91,273,23773407,154,0,-99
764,164613,560514.3685,4886346.084,745,201314,2,,16,114,1991,91,273,23773011,170,0,-99
745,163026,522591.3829,4882076.23,746,,2,,16,123,1991,91,273,23772825,1130,0,-99
746,163026,553732.42,4891078.992,747,,2,,16,123,1991,91,273,23773407,154,0,-99
747,163026,560514.3685,4886346.084,748,,2,,16,123,1991,91,273,23773011,170,0,-99
874,183399,553732.42,4891078.992,749,,2,,16,126,1991,60,304,23773407,154,0,-99
875,183399,560514.3685,4886346.084,750,,2,,16,126,1991,60,304,23773011,170,0,-99
876,183402,553732.42,4891078.992,751,,2,,16,126,1991,60,304,23773407,154,0,-99
877,183402,560514.3685,4886346.084,752,,2,,16,126,1991,60,304,23773011,170,0,-99
837,181069,495216.5478,4884619.506,753,229761,2,,16,128,1991,91,273,23772727,3181,0,-99
838,181069,553732.42,4891078.992,754,229761,2,,16,128,1991,91,273,23773407,154,0,-99
839,181069,560514.3685,4886346.084,755,229761,2,,16,128,1991,91,273,23773011,170,0,-99
688,128818,508290.9078,4878265.791,756,119706,4,0.11,16,129,1991,60,304,-99,-99,0,-99
860,182898,515909.469,4879554.909,757,232036,2,,16,133,1991,60,304,23773627,1328,0,-99
861,182898,553732.42,4891078.992,758,232036,2,,16,133,1991,60,304,23773407,154,0,-99
862,182898,560514.3685,4886346.084,759,232036,2,,16,133,1991,60,304,23773011,170,0,-99
863,182907,512938.312,4878219.773,760,232051,2,,16,133,1991,91,273,23772789,2638,0,-99
864,182907,511757.5391,4877660.264,761,232051,2,,16,133,1991,91,273,23774441,2256,0,-99
865,182907,553732.42,4891078.992,762,232051,2,,16,133,1991,91,273,23773407,154,0,-99
866,182907,560514.3685,4886346.084,763,232051,2,,16,133,1991,91,273,23773011,170,0,-99
750,163755,560514.3685,4886346.084,764,,2,4.23,16,140,1991,1,365,23773011,170,0,-99
751,163755,553732.42,4891078.992,765,,2,4.23,16,140,1991,1,365,23773407,154,0,-99
799,173952,553732.42,4891078.992,766,,2,0.71,16,182,1991,60,304,23773407,154,0,-99
800,173952,560514.3685,4886346.084,767,,2,0.71,16,182,1991,60,304,23773011,170,0,-99
780,167247,553732.42,4891078.992,768,206020,2,,16,234,1991,91,273,23773407,154,0,-99
781,167247,560514.3685,4886346.084,769,206020,2,,16,234,1991,91,273,23773011,170,0,-99
782,167247,541925.4082,4886204.856,770,206020,2,,16,234,1991,91,273,23772909,1813,0,-99
692,129328,553732.42,4891078.992,771,120345,2,0,16,246,1991,1,365,23773407,154,0,-99
693,129328,560514.3685,4886346.084,772,120345,2,0,16,246,1991,1,365,23773011,170,0,-99
694,129328,543073.2608,4884735.456,773,120345,2,0,16,246,1991,1,365,23772919,891,0,-99
756,163880,541718.6033,4886352.848,774,200122,2,,16,247,1991,91,273,23772909,1813,0,-99
757,163880,560514.3685,4886346.084,775,200122,2,,16,247,1991,91,273,23773011,170,0,-99
758,163880,553732.42,4891078.992,776,200122,2,,16,247,1991,91,273,23773407,154,0,-99
783,167265,553732.42,4891078.992,777,206041,2,,16,294,1991,91,273,23773407,154,0,-99
784,167265,560514.3685,4886346.084,778,206041,2,,16,294,1991,91,273,23773011,170,0,-99
785,167265,524569.1304,4882610.981,779,206041,2,,16,294,1991,91,273,23772827,2647,0,-99
1010,202460,553732.42,4891078.992,780,,2,,16,329,1991,60,304,23773407,154,0,-99
1011,202460,560514.3685,4886346.084,781,,2,,16,329,1991,60,304,23773011,170,0,-99
776,167100,514732.0146,4877929.255,782,205812,2,,16,331,1991,91,273,23772789,2638,0,-99
777,167100,553732.42,4891078.992,783,205812,2,,16,331,1991,91,273,23773407,154,0,-99
778,167100,560514.3685,4886346.084,784,205812,2,,16,331,1991,91,273,23773011,170,0,-99
779,167100,514732.0146,4877929.255,785,205812,2,,16,331,1991,91,273,23772789,2638,0,-99
811,177327,514700.6437,4878435.31,787,,2,0.1,16,333,1991,60,181,23772793,543,0,-99
812,177327,553732.42,4891078.992,788,,2,,16,333,1991,60,304,23773407,154,0,-99
813,177327,560514.3685,4886346.084,789,,2,,16,333,1991,60,304,23773011,170,0,-99
810,177327,514700.6437,4878435.31,786,,2,0.1,16,333,1991,274,304,23772793,543,0,-99
849,182444,553732.42,4891078.992,790,,2,,16,350,1991,91,273,23773407,154,0,-99
850,182444,560514.3685,4886346.084,791,,2,,16,350,1991,91,273,23773011,170,0,-99
855,182776,553732.42,4891078.992,792,,2,,16,22,1992,91,273,23773407,154,0,-99
856,182776,560514.3685,4886346.084,793,,2,,16,22,1992,91,273,23773011,170,0,-99
1019,204562,553732.42,4891078.992,794,,2,48,16,195,1992,60,304,23773407,154,0,-99
1020,204562,560514.3685,4886346.084,795,,2,,16,195,1992,60,304,23773011,170,0,-99
689,128866,543053.9209,4884823.067,796,119765,2,,16,202,1992,1,365,23772919,891,0,-99
690,128866,553732.42,4891078.992,797,119765,2,,16,202,1992,1,365,23773407,154,0,-99
691,128866,560514.3685,4886346.084,798,119765,2,,16,202,1992,1,365,23773011,170,0,-99
829,179950,553732.42,4891078.992,801,,2,,16,239,1992,60,304,23773407,154,0,-99
830,179950,560514.3685,4886346.084,802,,2,,16,239,1992,60,304,23773011,170,0,-99
753,163794,553732.42,4891078.992,799,,2,,16,239,1992,91,273,23773407,154,0,-99
755,163794,560514.3685,4886346.084,800,,2,,16,239,1992,91,273,23773011,170,0,-99
851,182586,553732.42,4891078.992,803,,2,,16,268,1992,91,273,23773407,154,0,-99
852,182586,560514.3685,4886346.084,804,,2,,16,268,1992,91,273,23773011,170,0,-99
786,167557,553732.42,4891078.992,805,206450,2,,16,297,1992,91,304,23773407,154,0,-99
787,167557,560514.3685,4886346.084,806,206450,2,,16,297,1992,91,304,23773011,170,0,-99
788,167557,536194.7241,4886646.426,807,206450,2,,16,297,1992,91,304,23772885,2316,0,-99
999,200129,553732.42,4891078.992,808,,2,,16,358,1992,91,273,23773407,154,0,-99
1000,200129,560514.3685,4886346.084,809,,2,,16,358,1992,91,273,23773011,170,0,-99
940,194806,553732.42,4891078.992,810,,2,,16,69,1993,60,304,23773407,154,0,-99
941,194806,560514.3685,4886346.084,811,,2,,16,69,1993,60,304,23773011,170,0,-99
816,177735,553732.42,4891078.992,814,,2,,16,70,1993,60,304,23773407,154,0,-99
817,177735,560514.3685,4886346.084,815,,2,,16,70,1993,60,304,23773011,170,0,-99
997,200120,553732.42,4891078.992,816,,2,,16,70,1993,60,304,23773407,154,0,-99
998,200120,560514.3685,4886346.084,817,,2,,16,70,1993,60,304,23773011,170,0,-99
708,140038,553732.42,4891078.992,812,,2,,16,70,1993,121,258,23773407,154,0,-99
709,140038,560514.3685,4886346.084,813,,2,,16,70,1993,121,258,23773011,170,0,-99
695,132779,553732.42,4891078.992,818,125202,2,,16,74,1993,1,365,23773407,154,0,-99
696,132779,560514.3685,4886346.084,819,125202,2,,16,74,1993,1,365,23773011,170,0,-99
697,132779,524063.798,4882350.61,820,125202,2,,16,74,1993,1,365,23772827,2647,0,-99
770,165495,496218.6995,4884417.622,821,,2,,16,81,1993,91,273,23772727,3181,0,-99
771,165495,553732.42,4891078.992,822,,2,,16,81,1993,91,273,23773407,154,0,-99
772,165495,496218.6995,4884417.622,823,,2,,16,81,1993,91,273,23772727,3181,0,-99
773,165495,560514.3685,4886346.084,824,,2,,16,81,1993,91,273,23773011,170,0,-99
774,165495,496218.6995,4884417.622,825,,2,,16,81,1993,91,273,23772727,3181,0,-99
775,165495,496218.6995,4884417.622,826,,2,,16,81,1993,91,273,23772727,3181,0,-99
878,183439,496206.4092,4884389.391,827,,2,,16,81,1993,91,273,23772727,3181,0,-99
879,183439,553732.42,4891078.992,828,,2,,16,81,1993,91,273,23773407,154,0,-99
880,183439,560514.3685,4886346.084,829,,2,,16,81,1993,91,273,23773011,170,0,-99
177,50297,539705.0776,4886557.673,830,30579,2,,16,83,1993,91,273,23772903,3164,0,-99
740,162197,553732.42,4891078.992,831,,2,,16,137,1993,91,273,23773407,154,0,-99
741,162197,560514.3685,4886346.084,832,,2,,16,137,1993,91,273,23773011,170,0,-99
924,194009,496207.118,4884418.394,833,,2,,16,139,1993,60,304,23772727,3181,0,-99
925,194009,553732.42,4891078.992,834,,2,,16,139,1993,60,304,23773407,154,0,-99
926,194009,560514.3685,4886346.084,835,,2,,16,139,1993,60,304,23773011,170,0,-99
922,194006,553732.42,4891078.992,836,,2,,16,159,1993,60,304,23773407,154,0,-99
923,194006,560514.3685,4886346.084,837,,2,,16,159,1993,60,304,23773011,170,0,-99
99,23377,506852.2378,4884702.041,838,13894,4,0.1,16,231,1993,60,304,-99,-99,0,-99
100,23377,506920.383,4885520.856,839,13894,4,0.1,16,231,1993,60,304,-99,-99,0,-99
857,182887,496194.4408,4884396.05,840,,2,,16,231,1993,60,304,23772727,3181,0,-99
858,182887,553732.42,4891078.992,841,,2,,16,231,1993,60,304,23773407,154,0,-99
859,182887,560514.3685,4886346.084,842,,2,,16,231,1993,60,304,23773011,170,0,-99
897,184987,553732.42,4891078.992,843,,2,,16,4,1994,60,304,23773407,154,0,-99
899,184987,560514.3685,4886346.084,844,,2,,16,4,1994,60,304,23773011,170,0,-99
759,164144,560514.3685,4886346.084,845,,2,,16,102,1994,60,304,23773011,170,0,-99
760,164144,553732.42,4891078.992,846,,2,,16,102,1994,60,304,23773407,154,0,-99
752,163794,553732.42,4891078.992,847,,2,,16,123,1994,91,273,23773407,154,0,-99
754,163794,560514.3685,4886346.084,848,,2,,16,123,1994,91,273,23773011,170,0,-99
835,179973,553732.42,4891078.992,849,,2,,16,336,1994,91,273,23773407,154,0,-99
836,179973,560514.3685,4886346.084,850,,2,,16,336,1994,91,273,23773011,170,0,-99
885,184033,498465.4545,4882601.873,851,233924,2,0.009,16,363,1994,60,304,23772731,1924,0,-99
886,184033,498465.4545,4882601.873,852,233924,2,0.009,16,363,1994,60,304,23772731,1924,0,-99
887,184033,498465.4545,4882601.873,853,233924,2,,16,363,1994,60,304,23772731,1924,0,-99
888,184033,498465.4545,4882601.873,854,233924,2,,16,363,1994,60,304,23772731,1924,0,-99
853,182588,553732.42,4891078.992,855,,2,,16,58,1995,60,304,23773407,154,0,-99
854,182588,560514.3685,4886346.084,856,,2,,16,58,1995,60,304,23773011,170,0,-99
898,184987,553732.42,4891078.992,857,,2,,16,69,1995,60,304,23773407,154,0,-99
900,184987,560514.3685,4886346.084,858,,2,,16,69,1995,60,304,23773011,170,0,-99
831,179951,498386.9,4881685.317,859,228594,2,,16,75,1995,60,304,23772733,320,0,-99
832,179951,553773.617,4891094.765,860,228594,2,,16,75,1995,60,304,23773407,154,0,-99
833,179951,560514.3685,4886346.084,861,228594,2,,16,75,1995,60,304,23773011,170,0,-99
847,182297,553732.42,4891078.992,862,,2,,16,83,1995,60,304,23773407,154,0,-99
848,182297,560514.3685,4886346.084,863,,2,,16,83,1995,60,304,23773011,170,0,-99
872,183345,560514.3685,4886346.084,864,,2,,16,89,1995,60,304,23773011,170,0,-99
873,183345,553732.42,4891078.992,865,,2,,16,89,1995,60,304,23773407,154,0,-99
767,164892,563213.2324,4891892.362,866,201810,2,,16,139,1995,60,304,23773211,3318,0,-99
794,171813,496409.6325,4881982.478,867,,4,4.46,1024,279,1995,1,365,-99,-99,0,-99
101,24101,560514.3685,4886346.084,868,,4,,16,110,1996,60,304,-99,-99,0,-99
102,24101,553732.42,4891078.992,869,,4,,16,110,1996,60,304,-99,-99,0,-99
895,184541,553732.42,4891078.992,870,,2,,16,16,1997,60,304,23773407,154,0,-99
896,184541,560514.3685,4886346.084,871,,2,,16,16,1997,60,304,23773011,170,0,-99
891,184481,553732.42,4891078.992,872,,2,,16,111,1997,60,304,23773407,154,0,-99
892,184481,560514.3685,4886346.084,873,,2,,16,111,1997,60,304,23773011,170,0,-99
893,184499,553732.42,4891078.992,874,,4,,16,111,1997,60,304,-99,-99,0,-99
894,184499,560514.3685,4886346.084,875,,4,,16,111,1997,60,304,-99,-99,0,-99
790,170756,540864.7648,4886673.625,876,212142,2,,16,335,1997,60,304,23772905,850,0,-99
791,170756,553732.42,4891078.992,877,212142,2,,16,335,1997,60,304,23773407,154,0,-99
792,170756,560514.3685,4886346.084,878,212142,2,,16,335,1997,60,304,23773011,170,0,-99
103,24425,497496.6312,4883090.355,879,15263,4,0.538,16,251,1998,60,304,-99,-99,0,-99
842,182184,524303.2881,4882468.974,880,230923,2,,16,341,1998,60,304,23772827,2647,0,-99
843,182184,553732.42,4891078.992,881,230923,2,,16,341,1998,60,304,23773407,154,0,-99
844,182184,560514.3685,4886346.084,882,230923,2,,16,341,1998,60,304,23773011,170,0,-99
719,144790,560514.3685,4886346.084,883,,2,,16,12,1999,60,304,23773011,170,0,-99
720,144790,553732.42,4891078.992,884,,2,,16,12,1999,60,304,23773407,154,0,-99
1004,202199,560514.3685,4886346.084,885,,2,,16,12,1999,60,304,23773011,170,0,-99
1005,202199,553732.42,4891078.992,886,,2,,16,12,1999,60,304,23773407,154,0,-99
912,192293,553732.42,4891078.992,887,,2,,16,178,2000,150,274,23773407,154,0,-99
913,192293,560514.3685,4886346.084,888,,2,,16,178,2000,150,274,23773011,170,0,-99
914,193150,553732.42,4891078.992,889,,2,,16,178,2000,150,274,23773407,154,0,-99
915,193150,560514.3685,4886346.084,890,,2,,16,178,2000,150,274,23773011,170,0,-99
721,145451,553732.42,4891078.992,891,,2,,16,327,2000,60,304,23773407,154,0,-99
722,145451,560514.3685,4886346.084,892,,2,,16,327,2000,60,304,23773011,170,0,-99
728,150666,507746.6605,4878752.781,893,167430,4,1.34,1024,346,2000,1,365,-99,-99,0,-99
729,150666,507643.6243,4878704.262,894,167430,4,1.34,1024,346,2000,1,365,-99,-99,0,-99
730,150666,507483.6142,4878854.139,895,167430,4,1.34,1024,346,2000,1,365,-99,-99,0,-99
731,150672,507606.1416,4878870.251,896,,4,1.34,1024,346,2000,1,365,-99,-99,0,-99
732,150672,507606.2535,4878843.135,897,,4,1.34,1024,346,2000,1,365,-99,-99,0,-99
733,150672,507749.857,4878814.677,898,,4,0.89,1024,346,2000,1,365,-99,-99,0,-99
734,150672,507540.3195,4878758.337,899,,4,1.34,1024,346,2000,1,365,-99,-99,0,-99
735,150674,506803.3549,4878059.458,900,,4,0.89,1024,346,2000,1,365,-99,-99,0,-99
736,150674,506686.106,4878379.594,901,,4,0.89,1024,346,2000,1,365,-99,-99,0,-99
916,193158,560514.3685,4886346.084,902,,2,,16,260,2001,105,304,23773011,170,0,-99
917,193158,553732.42,4891078.992,903,,2,,16,260,2001,105,304,23773407,154,0,-99
768,165375,496448.0926,4882733.161,904,202774,4,3.05,1024,261,2002,1,365,-99,-99,0,-99
769,165375,496437.9653,4882565.163,905,202774,4,3.95,1024,261,2002,1,365,-99,-99,0,-99
742,162820,507820.3177,4878815.743,906,198159,2,35.9,1024,312,2002,1,365,23772773,396,0,-99
743,162820,513133.5775,4878206.901,907,198159,2,4.1,2048,312,2002,1,365,23772789,2638,0,-99
744,162820,517326.5661,4878869.772,908,198159,2,35.9,1024,312,2002,1,365,23772801,2288,0,-99
712,144573,531110.5337,4886926.146,909,155242,2,,16,212,2003,60,304,23772865,437,0,-99
713,144573,531133.415,4886836.06,910,155242,2,,16,212,2003,60,304,23772863,51,0,-99
714,144573,553732.42,4891078.992,911,155242,2,,16,212,2003,60,304,23773407,154,0,-99
715,144573,560514.3685,4886346.084,912,155242,2,,16,212,2003,60,304,23773011,170,0,-99
970,197948,560514.3685,4886346.084,913,,2,,16,100,2004,60,304,23773011,170,0,-99
971,197948,553732.42,4891078.992,914,,2,,16,100,2004,60,304,23773407,154,0,-99
716,144788,534730.0884,4887696.572,915,155710,2,,16,114,2004,60,304,23772883,1495,0,-99
717,144788,553732.42,4891078.992,916,155710,2,,16,114,2004,60,304,23773407,154,0,-99
718,144788,560514.3685,4886346.084,917,155710,2,,16,114,2004,60,304,23773011,170,0,-99
749,163481,507448.0205,4878289.265,918,199199,4,0.055,16,31,2006,60,304,-99,-99,0,-99
945,195603,539246.8261,4886684.099,919,250470,2,,16,337,2008,60,304,23772903,3164,0,-99
946,195603,553732.42,4891078.992,920,250470,2,,16,337,2008,60,304,23773407,154,0,-99
947,195603,560514.3685,4886346.084,921,250470,2,,16,337,2008,60,304,23773011,170,0,-99
936,194577,553732.42,4891078.992,922,,2,,16,71,2009,60,304,23773407,154,0,-99
937,194577,560514.3685,4886346.084,923,,2,,16,71,2009,60,304,23773011,170,0,-99
901,185039,553732.42,4891078.992,924,,2,,16,266,2009,60,304,23773407,154,0,-99
902,185039,560514.3685,4886346.084,925,,2,,16,266,2009,60,304,23773011,170,0,-99
803,176781,530131.3143,4885510.992,926,223152,2,1.48,16,288,2009,60,181,23772857,2359,0,-99
807,177084,529796.9249,4885637.615,927,,2,,16,288,2009,182,304,23772857,2359,0,-99
808,177084,553732.42,4891078.992,928,,2,,16,288,2009,182,304,23773407,154,0,-99
809,177084,560514.3685,4886346.084,929,,2,,16,288,2009,182,304,23773011,170,0,-99
966,197567,553732.42,4891078.992,930,,2,,16,208,2010,60,304,23773407,154,0,-99
967,197567,560514.3685,4886346.084,931,,2,,16,208,2010,60,304,23773011,170,0,-99
867,183107,500035.0913,4880446.855,932,232337,2,,16,3,2011,60,304,23774285,776,0,-99
868,183107,553732.42,4891078.992,933,232337,2,,16,3,2011,60,304,23773407,154,0,-99
869,183107,560514.3685,4886346.084,934,232337,2,,16,3,2011,60,304,23773011,170,0,-99
978,199185,553732.42,4891078.992,935,,2,,16,60,2013,60,304,23773407,154,0,-99
979,199185,560514.3685,4886346.084,936,,2,,16,60,2013,60,304,23773011,170,0,-99
820,178483,553732.42,4891078.992,937,,2,,16,101,2013,60,304,23773407,154,0,-99
821,178483,560514.3685,4886346.084,938,,2,,16,101,2013,60,304,23773011,170,0,-99
822,178491,553732.42,4891078.992,939,,2,,16,101,2013,60,304,23773407,154,0,-99
823,178491,560514.3685,4886346.084,940,,2,,16,101,2013,60,304,23773011,170,0,-99
1021,205105,553732.42,4891078.992,941,,2,,16,120,2013,213,304,23773407,154,0,-99
1022,205105,560514.3685,4886346.084,942,,2,,16,120,2013,213,304,23773011,170,0,-99
826,179129,518209.5618,4880226.386,943,227239,4,0.17,16,221,2013,60,304,-99,-99,0,-99
961,197325,553732.42,4891078.992,944,,2,,16,343,2013,60,304,23773407,154,0,-99
962,197325,560514.3685,4886346.084,945,,2,,16,343,2013,60,304,23773011,170,0,-99
827,179887,560514.3685,4886346.084,946,,2,,16,93,2014,60,304,23773011,170,0,-99
828,179887,553732.42,4891078.992,947,,2,,16,93,2014,60,304,23773407,154,0,-99
882,183893,553732.42,4891078.992,948,233692,2,,16,143,2014,60,304,23773407,154,0,-99
883,183893,516999.7179,4880038.202,949,233692,2,,16,143,2014,60,304,23773629,2171,0,-99
884,183893,560514.3685,4886346.084,950,233692,2,,16,143,2014,60,304,23773011,170,0,-99
889,184338,553732.42,4891078.992,951,,2,,16,212,2014,60,304,23773407,154,0,-99
890,184338,560514.3685,4886346.084,952,,2,,16,212,2014,60,304,23773011,170,0,-99
845,182291,560514.3685,4886346.084,953,,2,,16,231,2014,60,274,23773011,170,0,-99
846,182291,553732.42,4891078.992,954,,2,,16,231,2014,60,274,23773407,154,0,-99
972,198165,496207.0639,4884422.392,955,,2,,16,75,2015,60,304,23772727,3181,0,-99
910,192229,553732.42,4891078.992,956,,2,,16,64,2016,60,304,23773407,154,0,-99
911,192229,560514.3685,4886346.084,957,,2,,16,64,2016,60,304,23773011,170,0,-99
903,189955,553732.42,4891078.992,958,,2,,16,88,2016,60,304,23773407,154,0,-99
904,189955,560514.3685,4886346.084,959,,2,,16,88,2016,60,304,23773011,170,0,-99
1027,205698,553732.42,4891078.992,960,,2,,16,116,2016,60,304,23773407,154,0,-99
1028,205698,560514.3685,4886346.084,961,,2,,16,116,2016,60,304,23773011,170,0,-99
908,191949,553732.42,4891078.992,962,,2,,16,165,2016,60,304,23773407,154,0,-99
909,191949,560514.3685,4886346.084,963,,2,,16,165,2016,60,304,23773011,170,0,-99
1014,202714,536208.2555,4886644.266,964,,2,,16,187,2016,91,304,23772885,2316,0,-99
1015,202714,553732.42,4891078.992,965,,2,0.31,16,187,2016,91,304,23773407,154,0,-99
1016,202714,560514.3685,4886346.084,966,,2,0.31,16,187,2016,91,304,23773011,170,0,-99
906,191948,553732.42,4891078.992,967,,2,,16,193,2016,60,304,23773407,154,0,-99
907,191948,560514.3685,4886346.084,968,,2,,16,193,2016,60,304,23773011,170,0,-99
948,195799,518992.1034,4879654.648,969,250778,4,0.006,16,260,2016,1,365,-99,-99,0,-99
927,194229,560514.3685,4886346.084,970,,2,,16,293,2016,60,304,23773011,170,0,-99
928,194229,553732.42,4891078.992,971,,2,,16,293,2016,60,304,23773407,154,0,-99
918,193639,560514.3685,4886346.084,972,247501,2,,16,3,2017,60,304,23773011,170,0,-99
919,193639,553732.42,4891078.992,973,247501,2,,16,3,2017,60,304,23773407,154,0,-99
920,193639,516726.007,4879893.338,974,247501,2,,16,3,2017,60,304,23773627,1328,0,-99
921,193639,516689.7901,4879853.651,975,247501,2,,16,3,2017,60,304,23773627,1328,0,-99
968,197619,553732.42,4891078.992,976,,2,,16,6,2017,60,304,23773407,154,0,-99
969,197619,560514.3685,4886346.084,977,,2,,16,6,2017,60,304,23773011,170,0,-99
953,196154,553732.42,4891078.992,978,,2,,16,17,2017,60,304,23773407,154,0,-99
954,196154,560514.3685,4886346.084,979,,2,,16,17,2017,60,304,23773011,170,0,-99
942,194879,553732.42,4891078.992,980,,2,,16,31,2017,91,304,23773407,154,0,-99
943,194879,560514.3685,4886346.084,981,,2,,16,31,2017,91,304,23773011,170,0,-99
938,194610,553732.42,4891078.992,982,,2,,16,68,2017,60,304,23773407,154,0,-99
939,194610,560514.3685,4886346.084,983,,2,,16,68,2017,60,304,23773011,170,0,-99
949,195971,553732.42,4891078.992,984,,2,,16,115,2017,60,304,23773407,154,0,-99
950,195971,560514.3685,4886346.084,985,,2,,16,115,2017,60,304,23773011,170,0,-99
951,196034,553732.42,4891078.992,986,,2,,16,200,2017,60,304,23773407,154,0,-99
952,196034,560514.3685,4886346.084,987,,2,,16,200,2017,60,304,23773011,170,0,-99
963,197434,553732.42,4891078.992,988,,2,,16,241,2017,60,304,23773407,154,0,-99
964,197434,560514.3685,4886346.084,989,,2,,16,241,2017,60,304,23773011,170,0,-99
1002,201968,553732.42,4891078.992,990,,2,,16,243,2017,60,304,23773407,154,0,-99
1003,201968,560514.3685,4886346.084,991,,2,,16,243,2017,60,304,23773011,170,0,-99
955,196723,537855.2092,4886129.62,992,252549,2,,16,289,2017,60,304,23772903,3164,0,-99
956,196723,553732.42,4891078.992,993,252549,2,,16,289,2017,60,304,23773407,154,0,-99
957,196723,560514.3685,4886346.084,994,252549,2,,16,289,2017,60,304,23773011,170,0,-99
958,197013,553732.42,4891078.992,995,,2,,16,356,2017,60,304,23773407,154,0,-99
959,197013,560514.3685,4886346.084,996,,2,,16,356,2017,60,304,23773011,170,0,-99
973,198865,553732.42,4891078.992,997,,2,,16,79,2018,60,304,23773407,154,0,-99
974,198865,560514.3685,4886346.084,998,,2,,16,79,2018,60,304,23773011,170,0,-99
1006,202278,553732.42,4891078.992,999,,2,,16,173,2018,60,304,23773407,154,0,-99
1007,202278,560514.3685,4886346.084,1000,,2,,16,173,2018,60,304,23773011,170,0,-99
987,199336,553732.42,4891078.992,1001,,2,,16,215,2018,60,90,23773407,154,0,-99
990,199336,560514.3685,4886346.084,1004,,2,,16,215,2018,60,90,23773011,170,0,-99
988,199336,553732.42,4891078.992,1002,,2,,16,215,2018,91,273,23773407,154,0,-99
991,199336,560514.3685,4886346.084,1005,,2,,16,215,2018,91,273,23773011,170,0,-99
989,199336,553732.42,4891078.992,1003,,2,,16,215,2018,274,304,23773407,154,0,-99
992,199336,560514.3685,4886346.084,1006,,2,,16,215,2018,274,304,23773011,170,0,-99
980,199249,553732.42,4891078.992,1007,,2,,16,240,2018,60,304,23773407,154,0,-99
981,199249,560514.3685,4886346.084,1008,,2,,16,240,2018,60,304,23773011,170,0,-99
982,199259,553732.42,4891078.992,1009,,2,,16,250,2018,60,304,23773407,154,0,-99
983,199259,560514.3685,4886346.084,1010,,2,,16,250,2018,60,304,23773011,170,0,-99
975,198942,553732.42,4891078.992,1011,,2,,16,312,2018,60,304,23773407,154,0,-99
976,198942,560514.3685,4886346.084,1012,,2,,16,312,2018,60,304,23773011,170,0,-99
995,199921,560514.3685,4886346.084,1013,,2,,16,333,2018,60,304,23773011,170,0,-99
996,199921,553732.42,4891078.992,1014,,2,,16,333,2018,60,304,23773407,154,0,-99
993,199480,553732.42,4891078.992,1015,,2,,16,14,2019,60,304,23773407,154,0,-99
994,199480,560514.3685,4886346.084,1016,,2,,16,14,2019,60,304,23773011,170,0,-99
984,199296,496207.0296,4884423.708,1017,,2,,16,59,2019,60,304,23772727,3181,0,-99
985,199296,560514.3685,4886346.084,1018,,2,,16,59,2019,60,304,23773011,170,0,-99
986,199296,553732.42,4891078.992,1019,,2,,16,59,2019,60,304,23773407,154,0,-99
1017,202921,553732.42,4891078.992,1020,,2,,16,113,2019,60,304,23773407,154,0,-99
1018,202921,560514.3685,4886346.084,1021,,2,,16,113,2019,60,304,23773011,170,0,-99
1008,202456,553732.42,4891078.992,1022,,2,,16,162,2019,60,304,23773407,154,0,-99
1009,202456,560514.3685,4886346.084,1023,,2,,16,162,2019,60,304,23773011,170,0,-99
1012,202595,553732.42,4891078.992,1024,,2,,16,214,2019,60,304,23773407,154,0,-99
1013,202595,560514.3685,4886346.084,1025,,2,,16,214,2019,60,304,23773011,170,0,-99
1029,207849,496209.7241,4884423.664,1026,,2,,16,52,2020,60,304,23772727,3181,0,-99
1030,207849,560514.3685,4886346.084,1027,,2,,16,52,2020,60,304,23773011,170,0,-99
1031,207849,553732.42,4891078.992,1028,,2,,16,52,2020,60,304,23773407,154,0,-99
1032,207851,560514.3685,4886346.084,1029,,2,,16,70,2020,60,304,23773011,170,0,-99
1033,207851,553732.42,4891078.992,1030,,2,,16,70,2020,60,304,23773407,154,0,-99
1023,205111,560514.3685,4886346.084,1031,,2,,16,153,2020,60,304,23773011,170,0,-99
1024,205111,553732.42,4891078.992,1032,,2,,16,153,2020,60,304,23773407,154,0,-99
1034,208262,496207.118,4884418.394,1033,,2,,16,211,2020,60,304,23772727,3181,0,-99
1035,208262,560514.3685,4886346.084,1034,,2,,16,211,2020,60,304,23773011,170,0,-99
1036,208262,553732.42,4891078.992,1035,,2,,16,211,2020,60,304,23773407,154,0,-99
1025,205601,560514.3685,4886346.084,1036,,2,,16,230,2020,91,273,23773011,170,0,-99
1026,205601,553732.42,4891078.992,1037,,2,,16,230,2020,91,273,23773407,154,0,-99
